food_id,name,alternate_names,variants,category,subcategory,serving_amount,serving_unit,serving_weight_g,calories_min,calories_max,protein_min,protein_max,carbs_min,carbs_max,fat_min,fat_max,fiber_min,fiber_max,iron_min,iron_max,calcium_min,calcium_max,magnesium_min,magnesium_max,potassium_min,potassium_max,zinc_min,zinc_max,sodium_min,sodium_max,vitamin_a_min,vitamin_a_max,vitamin_c_min,vitamin_c_max,vitamin_d_min,vitamin_d_max,vitamin_e_min,vitamin_e_max,vitamin_k_min,vitamin_k_max,vitamin_b1_min,vitamin_b1_max,vitamin_b2_min,vitamin_b2_max,vitamin_b6_min,vitamin_b6_max,folate_min,folate_max,vitamin_b12_min,vitamin_b12_max,dietary_tags,allergens,ingredients,price_min_inr,price_max_inr,source,source_basis,confidence,variant_review_notes,fix_notes,nutrition_source,nutrition_source_basis,nutrition_confidence,b12_source,b12_source_basis,b12_confidence,price_source,price_source_basis,price_confidence,match_type,match_food,uncertainty_method,uncertainty_percent,variant_status
FD001,Idli,Idly,"Mini Idli, Rava Idli, Kanchipuram Idli, Thatte Idli",Breakfast & Tiffin,Idli,2,pieces,80,93.524,126.532,3.153,4.266,19.161,25.923,0.227,0.307,1.57,2.124,0.464,0.627,5.443,7.365,17.301,23.407,107.526,145.477,0.423,0.573,68.567,92.767,0.0,0.0,0.0,0.0,0.571,0.773,0.03,0.04,0.868,1.175,0.049,0.066,0.018,0.025,0.06,0.081,8.004,10.829,0.0,0.0,Vegetarian,,"parboiled rice, urad dal, salt",30,80,Anuvaad Indian Nutrient Databank (INDB) 2024.11,Closest INDB analogue: Idli; INDB 2024.11 values are per 100 g and were converted to the CSV serving weight of 80 g. Range is a transparent prep-variability modeling band of ±15%; this range is not reported by INDB. Vitamin D = D2+D3; Vitamin K = K1+K2. Vitamin B12 is not present in the supplied INDB workbook and is therefore left TBD rather than fabricated.,Medium,"Rava Idli (semolina + curd) and Kanchipuram Idli (ghee, cashew, spices) differ from the rice-urad base; Kanchipuram likely higher fat. Mini and Thatte Idli use the same batter, only piece size differs. Consider splitting out Rava and Kanchipuram.","Section 6: boilerplate variant_review_notes replaced with dish-specific note | Section 4/5: ingredients compiled from standard/typical recipes (not from INDB); allergens derived programmatically from that ingredient list using the spec vocabulary (dairy/egg/gluten/nuts/groundnut/soy/fish/shellfish); vitamin_b12 is a category-level estimate from standard published B12 values for the dish's primary animal-protein/dairy component (not from INDB, which has no B12 column); price is a rough India-wide market estimate, not measured data.",Anuvaad Indian Nutrient Databank (INDB) 2024.11,Closest INDB analogue: Idli; INDB 2024.11 values are per 100 g and were converted to the CSV serving weight of 80 g. Range is a transparent prep-variability modeling band of ±15%; this range is not reported by INDB. Vitamin D = D2+D3; Vitamin K = K1+K2. Vitamin B12 is not present in the supplied INDB workbook and is therefore left TBD rather than fabricated.,Medium,N/A — no significant dietary B12 source,"Compiled ingredient list contains no meat, fish, egg, dairy solids, or fortified ingredient — only plant-based ingredients, and/or ghee/butter in amounts too small to contribute measurable B12 (B12 resides in milk solids/whey, not milk fat). Vitamin B12 is not naturally present in plant foods (USDA FoodData Central), so the value is retained at 0.0 rather than estimated.",High,PENDING_AUDIT,PENDING_AUDIT,PENDING_AUDIT,Close recipe,Idli,"prep-variability modeling band (internally generated, not source-reported)",15.0,"Reviewed — distinct variant, split recommended"
FD002,Plain Dosa,"Dosai, Sada Dosai","Paper Dosa, Set Dosa, Onion Dosa, Neer Dosa, Wheat Dosa",Breakfast & Tiffin,Dosa/Uttapam,1,piece,90,291.393,394.237,7.907,10.698,49.02,66.322,6.45,8.726,4.001,5.413,1.146,1.551,14.806,20.031,42.409,57.376,263.459,356.445,1.066,1.442,109.379,147.984,68.469,92.634,0.0,0.0,1.343,1.816,0.207,0.28,2.645,3.579,0.124,0.168,0.051,0.07,0.153,0.208,19.393,26.237,0.0,0.0,Vegetarian,,"rice, urad dal, salt, oil",30,80,Anuvaad Indian Nutrient Databank (INDB) 2024.11,Closest INDB analogue: Plain dosa; INDB 2024.11 values are per 100 g and were converted to the CSV serving weight of 90 g. Range is a transparent prep-variability modeling band of ±15%; this range is not reported by INDB. Vitamin D = D2+D3; Vitamin K = K1+K2. Vitamin B12 is not present in the supplied INDB workbook and is therefore left TBD rather than fabricated.,Medium,"Base is the standard fermented rice-urad dosa. Paper Dosa likely uses more oil per dosa; Neer Dosa is rice-only (no urad), likely lower protein; Wheat Dosa likely higher fiber. Consider splitting out Paper, Neer and Wheat Dosa.","Section 6: boilerplate variant_review_notes replaced with dish-specific note | Section 4/5: ingredients compiled from standard/typical recipes (not from INDB); allergens derived programmatically from that ingredient list using the spec vocabulary (dairy/egg/gluten/nuts/groundnut/soy/fish/shellfish); vitamin_b12 is a category-level estimate from standard published B12 values for the dish's primary animal-protein/dairy component (not from INDB, which has no B12 column); price is a rough India-wide market estimate, not measured data.",Anuvaad Indian Nutrient Databank (INDB) 2024.11,Closest INDB analogue: Plain dosa; INDB 2024.11 values are per 100 g and were converted to the CSV serving weight of 90 g. Range is a transparent prep-variability modeling band of ±15%; this range is not reported by INDB. Vitamin D = D2+D3; Vitamin K = K1+K2. Vitamin B12 is not present in the supplied INDB workbook and is therefore left TBD rather than fabricated.,Medium,N/A — no significant dietary B12 source,"Compiled ingredient list contains no meat, fish, egg, dairy solids, or fortified ingredient — only plant-based ingredients, and/or ghee/butter in amounts too small to contribute measurable B12 (B12 resides in milk solids/whey, not milk fat). Vitamin B12 is not naturally present in plant foods (USDA FoodData Central), so the value is retained at 0.0 rather than estimated.",High,PENDING_AUDIT,PENDING_AUDIT,PENDING_AUDIT,Close recipe,Plain dosa,"prep-variability modeling band (internally generated, not source-reported)",15.0,"Reviewed — distinct variant, split recommended"
FD003,Masala Dosa,Masala Dosai,"Mysore Masala Dosa, Ghee Roast Dosa",Breakfast & Tiffin,Dosa/Uttapam,1,piece,90,125.907,170.345,2.515,3.403,14.968,20.251,5.998,8.115,1.93,2.611,0.602,0.814,11.921,16.128,20.367,27.555,207.904,281.282,0.379,0.513,146.327,197.972,0.0,0.0,5.161,6.982,1.131,1.53,2.837,3.838,4.558,6.166,0.049,0.066,0.02,0.027,0.071,0.097,13.047,17.651,0.0,0.0,Vegetarian,,"rice, urad dal, potato, onion, mustard seeds, turmeric, oil",30,80,Anuvaad Indian Nutrient Databank (INDB) 2024.11,Closest INDB analogue: Masala dosa; INDB 2024.11 values are per 100 g and were converted to the CSV serving weight of 90 g. Range is a transparent prep-variability modeling band of ±15%; this range is not reported by INDB. Vitamin D = D2+D3; Vitamin K = K1+K2. Vitamin B12 is not present in the supplied INDB workbook and is therefore left TBD rather than fabricated.,Medium,"Ghee Roast Dosa likely higher fat than the base Masala Dosa (cooked with substantial ghee); Mysore Masala Dosa adds a red chilli-garlic chutney spread, likely more oil and sodium. Consider splitting out.","Section 6: boilerplate variant_review_notes replaced with dish-specific note | Section 4/5: ingredients compiled from standard/typical recipes (not from INDB); allergens derived programmatically from that ingredient list using the spec vocabulary (dairy/egg/gluten/nuts/groundnut/soy/fish/shellfish); vitamin_b12 is a category-level estimate from standard published B12 values for the dish's primary animal-protein/dairy component (not from INDB, which has no B12 column); price is a rough India-wide market estimate, not measured data.",Anuvaad Indian Nutrient Databank (INDB) 2024.11,Closest INDB analogue: Masala dosa; INDB 2024.11 values are per 100 g and were converted to the CSV serving weight of 90 g. Range is a transparent prep-variability modeling band of ±15%; this range is not reported by INDB. Vitamin D = D2+D3; Vitamin K = K1+K2. Vitamin B12 is not present in the supplied INDB workbook and is therefore left TBD rather than fabricated.,Medium,N/A — no significant dietary B12 source,"Compiled ingredient list contains no meat, fish, egg, dairy solids, or fortified ingredient — only plant-based ingredients, and/or ghee/butter in amounts too small to contribute measurable B12 (B12 resides in milk solids/whey, not milk fat). Vitamin B12 is not naturally present in plant foods (USDA FoodData Central), so the value is retained at 0.0 rather than estimated.",High,PENDING_AUDIT,PENDING_AUDIT,PENDING_AUDIT,Close recipe,Masala dosa,"prep-variability modeling band (internally generated, not source-reported)",15.0,"Reviewed — distinct variant, split recommended"
FD004,Rava Dosa,Rava Dosai,,Breakfast & Tiffin,Dosa/Uttapam,1,piece,90,173.695,234.999,5.585,7.556,25.123,33.99,5.444,7.366,3.094,4.186,1.061,1.436,88.768,120.098,21.523,29.12,194.358,262.955,0.884,1.196,154.806,209.443,8.935,12.089,2.377,3.216,3.847,5.205,2.151,2.91,4.137,5.598,0.108,0.146,0.104,0.141,0.082,0.11,16.529,22.363,0.05,0.15,Vegetarian,"Dairy, Gluten","semolina (rava), rice flour, maida, buttermilk, cumin, oil",30,80,Anuvaad Indian Nutrient Databank (INDB) 2024.11,Closest INDB analogue: Semolina dosa (Suji/Rava dosa); INDB 2024.11 values are per 100 g and were converted to the CSV serving weight of 90 g. Range is a transparent prep-variability modeling band of ±15%; this range is not reported by INDB. Vitamin D = D2+D3; Vitamin K = K1+K2. Vitamin B12 is not present in the supplied INDB workbook and is therefore left TBD rather than fabricated.,Medium,,"Section 4/5: ingredients compiled from standard/typical recipes (not from INDB); allergens derived programmatically from that ingredient list using the spec vocabulary (dairy/egg/gluten/nuts/groundnut/soy/fish/shellfish); vitamin_b12 is a category-level estimate from standard published B12 values for the dish's primary animal-protein/dairy component (not from INDB, which has no B12 column); price is a rough India-wide market estimate, not measured data.",Anuvaad Indian Nutrient Databank (INDB) 2024.11,Closest INDB analogue: Semolina dosa (Suji/Rava dosa); INDB 2024.11 values are per 100 g and were converted to the CSV serving weight of 90 g. Range is a transparent prep-variability modeling band of ±15%; this range is not reported by INDB. Vitamin D = D2+D3; Vitamin K = K1+K2. Vitamin B12 is not present in the supplied INDB workbook and is therefore left TBD rather than fabricated.,Medium,USDA FoodData Central,"Category-level estimate: curd/yogurt or milk is the dish's primary (or only) dairy component. USDA values for plain curd/yogurt and whole milk (~0.4-0.6 mcg/100g), scaled to a typical dairy-content fraction of this serving. Not from INDB.",Medium,PENDING_AUDIT,PENDING_AUDIT,PENDING_AUDIT,Close recipe,Semolina dosa (Suji/Rava dosa),"prep-variability modeling band (internally generated, not source-reported)",15.0,No variants listed
FD005,Pesarattu,Moong Dal Dosa,MLA Pesarattu (topped with upma),Breakfast & Tiffin,Tiffin Staples,1,serving,150,364.594,493.274,15.706,21.249,40.68,55.038,14.873,20.123,7.702,10.42,4.315,5.837,46.455,62.851,110.857,149.983,897.87,1214.766,1.879,2.542,78.23,105.84,85.37,115.501,7.125,9.64,1.777,2.404,2.999,4.057,9.308,12.593,0.243,0.329,0.091,0.123,0.212,0.287,68.736,92.996,0.0,0.0,Vegetarian,,"whole green gram (moong dal), rice, ginger, green chilli, oil",30,80,Anuvaad Indian Nutrient Databank (INDB) 2024.11,Closest INDB analogue: Moong bean dosa (Pesarattu); INDB 2024.11 values are per 100 g and were converted to the CSV serving weight of 150 g. Range is a transparent prep-variability modeling band of ±15%; this range is not reported by INDB. Vitamin D = D2+D3; Vitamin K = K1+K2. Vitamin B12 is not present in the supplied INDB workbook and is therefore left TBD rather than fabricated.,Medium,"MLA Pesarattu adds a portion of upma folded into/topped on the pesarattu, adding semolina, oil and vegetables — a real composition change versus the plain moong-dal crepe. Consider splitting out.","Section 4/5: ingredients compiled from standard/typical recipes (not from INDB); allergens derived programmatically from that ingredient list using the spec vocabulary (dairy/egg/gluten/nuts/groundnut/soy/fish/shellfish); vitamin_b12 is a category-level estimate from standard published B12 values for the dish's primary animal-protein/dairy component (not from INDB, which has no B12 column); price is a rough India-wide market estimate, not measured data.",Anuvaad Indian Nutrient Databank (INDB) 2024.11,Closest INDB analogue: Moong bean dosa (Pesarattu); INDB 2024.11 values are per 100 g and were converted to the CSV serving weight of 150 g. Range is a transparent prep-variability modeling band of ±15%; this range is not reported by INDB. Vitamin D = D2+D3; Vitamin K = K1+K2. Vitamin B12 is not present in the supplied INDB workbook and is therefore left TBD rather than fabricated.,Medium,N/A — no significant dietary B12 source,"Compiled ingredient list contains no meat, fish, egg, dairy solids, or fortified ingredient — only plant-based ingredients, and/or ghee/butter in amounts too small to contribute measurable B12 (B12 resides in milk solids/whey, not milk fat). Vitamin B12 is not naturally present in plant foods (USDA FoodData Central), so the value is retained at 0.0 rather than estimated.",High,PENDING_AUDIT,PENDING_AUDIT,PENDING_AUDIT,Close recipe,Moong bean dosa (Pesarattu),"prep-variability modeling band (internally generated, not source-reported)",15.0,"Reviewed — distinct variant, split recommended"
FD006,Adai,Adai Dosai,,Breakfast & Tiffin,Tiffin Staples,1,serving,150,343.147,514.72,14.782,22.173,38.287,57.431,13.998,20.998,7.249,10.873,4.061,6.091,43.722,65.584,104.336,156.504,845.054,1267.581,1.768,2.653,73.628,110.442,80.349,120.523,6.706,10.059,1.672,2.508,2.823,4.234,8.76,13.14,0.229,0.343,0.085,0.128,0.2,0.299,64.693,97.04,0.0,0.0,Vegetarian,,"mixed lentils (toor dal, chana dal, urad dal, moong dal), rice, red chilli, oil",30,80,Anuvaad Indian Nutrient Databank (INDB) 2024.11,"Section 2 fix: Moong bean dosa (Pesarattu) (100%); INDB 2024.11 values are per 100 g (commodity components use standard published composition) and were converted to the CSV serving weight of 150 g. Range is a transparent prep-variability modeling band of ±20%; this range is not reported by INDB. Vitamin D = D2+D3; Vitamin K = K1+K2. Vitamin B12 is not present in the supplied INDB workbook and is therefore left TBD rather than fabricated. Adai modeled on INDB Pesarattu (both are savory fermented/ground lentil-rice pancakes), replacing the prior spiced-milk-drink mismatch.",Medium,,"Section 2: re-derived from correct dish-level analogue (was: wrong-category/keyword-bug match per audit report). | Section 4/5: ingredients compiled from standard/typical recipes (not from INDB); allergens derived programmatically from that ingredient list using the spec vocabulary (dairy/egg/gluten/nuts/groundnut/soy/fish/shellfish); vitamin_b12 is a category-level estimate from standard published B12 values for the dish's primary animal-protein/dairy component (not from INDB, which has no B12 column); price is a rough India-wide market estimate, not measured data.",Anuvaad Indian Nutrient Databank (INDB) 2024.11,"Section 2 fix: Moong bean dosa (Pesarattu) (100%); INDB 2024.11 values are per 100 g (commodity components use standard published composition) and were converted to the CSV serving weight of 150 g. Range is a transparent prep-variability modeling band of ±20%; this range is not reported by INDB. Vitamin D = D2+D3; Vitamin K = K1+K2. Vitamin B12 is not present in the supplied INDB workbook and is therefore left TBD rather than fabricated. Adai modeled on INDB Pesarattu (both are savory fermented/ground lentil-rice pancakes), replacing the prior spiced-milk-drink mismatch.",Medium,N/A — no significant dietary B12 source,"Compiled ingredient list contains no meat, fish, egg, dairy solids, or fortified ingredient — only plant-based ingredients, and/or ghee/butter in amounts too small to contribute measurable B12 (B12 resides in milk solids/whey, not milk fat). Vitamin B12 is not naturally present in plant foods (USDA FoodData Central), so the value is retained at 0.0 rather than estimated.",High,PENDING_AUDIT,PENDING_AUDIT,PENDING_AUDIT,Ingredient composition,Moong bean dosa (Pesarattu) (100%),"prep-variability modeling band (internally generated, not source-reported)",20.0,No variants listed
FD007,Ragi Dosa,"Ragi Dosai, Finger Millet Dosa",,Breakfast & Tiffin,Dosa/Uttapam,1,piece,90,238.421,291.404,6.888,8.418,32.831,40.127,8.324,10.174,4.505,5.506,1.64,2.005,15.761,19.264,57.963,70.843,275.215,336.374,1.031,1.261,78.769,96.273,0.0,0.0,0.0,0.0,2.138,2.613,3.812,4.66,10.343,12.641,0.127,0.155,0.05,0.062,0.123,0.15,23.599,28.843,0.05,0.15,Vegetarian,Dairy,"finger millet (ragi) flour, rice flour, buttermilk, cumin, oil",30,80,Anuvaad Indian Nutrient Databank (INDB) 2024.11,Direct INDB equivalent: Jowar dosa; INDB 2024.11 values are per 100 g and were converted to the CSV serving weight of 90 g. Range is a transparent prep-variability modeling band of ±10%; this range is not reported by INDB. Vitamin D = D2+D3; Vitamin K = K1+K2. Vitamin B12 is not present in the supplied INDB workbook and is therefore left TBD rather than fabricated.,High,,"Section 4/5: ingredients compiled from standard/typical recipes (not from INDB); allergens derived programmatically from that ingredient list using the spec vocabulary (dairy/egg/gluten/nuts/groundnut/soy/fish/shellfish); vitamin_b12 is a category-level estimate from standard published B12 values for the dish's primary animal-protein/dairy component (not from INDB, which has no B12 column); price is a rough India-wide market estimate, not measured data.",Anuvaad Indian Nutrient Databank (INDB) 2024.11,Direct INDB equivalent: Jowar dosa; INDB 2024.11 values are per 100 g and were converted to the CSV serving weight of 90 g. Range is a transparent prep-variability modeling band of ±10%; this range is not reported by INDB. Vitamin D = D2+D3; Vitamin K = K1+K2. Vitamin B12 is not present in the supplied INDB workbook and is therefore left TBD rather than fabricated.,High,USDA FoodData Central,"Category-level estimate: curd/yogurt or milk is the dish's primary (or only) dairy component. USDA values for plain curd/yogurt and whole milk (~0.4-0.6 mcg/100g), scaled to a typical dairy-content fraction of this serving. Not from INDB.",Medium,PENDING_AUDIT,PENDING_AUDIT,PENDING_AUDIT,Exact,Jowar dosa,"prep-variability modeling band (internally generated, not source-reported)",10.0,No variants listed
FD008,Uttapam,"Uthappam, Uttappa",Onion Uttapam,Breakfast & Tiffin,Dosa/Uttapam,1,piece,90,353.445,478.19,1.458,1.973,8.657,11.712,34.657,46.889,0.966,1.306,0.279,0.377,4.451,6.022,9.446,12.78,69.007,93.362,0.207,0.28,109.798,148.55,0.0,0.0,2.621,3.546,1.108,1.499,17.042,23.056,4.579,6.196,0.026,0.035,0.01,0.014,0.038,0.052,6.407,8.668,0.0,0.0,Vegetarian,,"rice, urad dal, onion, tomato, green chilli, oil",30,80,Anuvaad Indian Nutrient Databank (INDB) 2024.11,Closest INDB analogue: Onion tomato uttapam; INDB 2024.11 values are per 100 g and were converted to the CSV serving weight of 90 g. Range is a transparent prep-variability modeling band of ±15%; this range is not reported by INDB. Vitamin D = D2+D3; Vitamin K = K1+K2. Vitamin B12 is not present in the supplied INDB workbook and is therefore left TBD rather than fabricated.,Medium,"The base Uttapam recipe already lists onion among its own ingredients, so ""Onion Uttapam"" is the same dish as the base row, not a distinct preparation. No nutritional difference expected.","Section 4/5: ingredients compiled from standard/typical recipes (not from INDB); allergens derived programmatically from that ingredient list using the spec vocabulary (dairy/egg/gluten/nuts/groundnut/soy/fish/shellfish); vitamin_b12 is a category-level estimate from standard published B12 values for the dish's primary animal-protein/dairy component (not from INDB, which has no B12 column); price is a rough India-wide market estimate, not measured data.",Anuvaad Indian Nutrient Databank (INDB) 2024.11,Closest INDB analogue: Onion tomato uttapam; INDB 2024.11 values are per 100 g and were converted to the CSV serving weight of 90 g. Range is a transparent prep-variability modeling band of ±15%; this range is not reported by INDB. Vitamin D = D2+D3; Vitamin K = K1+K2. Vitamin B12 is not present in the supplied INDB workbook and is therefore left TBD rather than fabricated.,Medium,N/A — no significant dietary B12 source,"Compiled ingredient list contains no meat, fish, egg, dairy solids, or fortified ingredient — only plant-based ingredients, and/or ghee/butter in amounts too small to contribute measurable B12 (B12 resides in milk solids/whey, not milk fat). Vitamin B12 is not naturally present in plant foods (USDA FoodData Central), so the value is retained at 0.0 rather than estimated.",High,PENDING_AUDIT,PENDING_AUDIT,PENDING_AUDIT,Close recipe,Onion tomato uttapam,"prep-variability modeling band (internally generated, not source-reported)",15.0,"Reviewed — synonym only, no split needed"
FD009,Medu Vada,"Ulundu Vadai, Uddina Vade, Garelu",Sambar Vada (soaked in sambar),Breakfast & Tiffin,Vada & Fritters,2,pieces,60,380.205,514.395,2.237,3.026,4.946,6.692,38.921,52.657,1.157,1.565,0.492,0.666,5.407,7.316,16.841,22.784,112.288,151.919,0.291,0.394,33.595,45.452,0.0,0.0,0.0,0.0,0.817,1.105,19.112,25.857,3.249,4.396,0.02,0.028,0.009,0.012,0.021,0.029,8.608,11.646,0.0,0.0,Vegetarian,,"urad dal, black pepper, curry leaves, oil",30,80,Anuvaad Indian Nutrient Databank (INDB) 2024.11,Closest INDB analogue: Plain urad dal vada (Uzunne vada/Minapa garelu/Ulundu vadai/Medu vada); INDB 2024.11 values are per 100 g and were converted to the CSV serving weight of 60 g. Range is a transparent prep-variability modeling band of ±15%; this range is not reported by INDB. Vitamin D = D2+D3; Vitamin K = K1+K2. Vitamin B12 is not present in the supplied INDB workbook and is therefore left TBD rather than fabricated.,Medium,"Sambar Vada is the same fried vada soaked in sambar before serving — adds sambar's dal/vegetable/tamarind liquid, changing carbs, sodium and fat-per-serving versus the dry-served base vada. Consider splitting out.","Section 4/5: ingredients compiled from standard/typical recipes (not from INDB); allergens derived programmatically from that ingredient list using the spec vocabulary (dairy/egg/gluten/nuts/groundnut/soy/fish/shellfish); vitamin_b12 is a category-level estimate from standard published B12 values for the dish's primary animal-protein/dairy component (not from INDB, which has no B12 column); price is a rough India-wide market estimate, not measured data.",Anuvaad Indian Nutrient Databank (INDB) 2024.11,Closest INDB analogue: Plain urad dal vada (Uzunne vada/Minapa garelu/Ulundu vadai/Medu vada); INDB 2024.11 values are per 100 g and were converted to the CSV serving weight of 60 g. Range is a transparent prep-variability modeling band of ±15%; this range is not reported by INDB. Vitamin D = D2+D3; Vitamin K = K1+K2. Vitamin B12 is not present in the supplied INDB workbook and is therefore left TBD rather than fabricated.,Medium,N/A — no significant dietary B12 source,"Compiled ingredient list contains no meat, fish, egg, dairy solids, or fortified ingredient — only plant-based ingredients, and/or ghee/butter in amounts too small to contribute measurable B12 (B12 resides in milk solids/whey, not milk fat). Vitamin B12 is not naturally present in plant foods (USDA FoodData Central), so the value is retained at 0.0 rather than estimated.",High,PENDING_AUDIT,PENDING_AUDIT,PENDING_AUDIT,Close recipe,Plain urad dal vada (Uzunne vada/Minapa garelu/Ulundu vadai/Medu vada),"prep-variability modeling band (internally generated, not source-reported)",15.0,"Reviewed — distinct variant, split recommended"
FD010,Masala Vada,"Paruppu Vadai, Chana Dal Vada",,Breakfast & Tiffin,Vada & Fritters,2,pieces,60,421.273,569.957,0.86,1.163,2.072,2.803,45.469,61.517,0.544,0.736,0.264,0.358,3.801,5.142,5.323,7.202,49.566,67.059,0.126,0.171,38.011,51.426,0.0,0.0,0.387,0.524,0.323,0.437,22.347,30.234,4.385,5.933,0.016,0.022,0.006,0.008,0.012,0.016,6.077,8.222,0.0,0.0,Vegetarian,,"chana dal, onion, green chilli, curry leaves, oil",30,80,Anuvaad Indian Nutrient Databank (INDB) 2024.11,Closest INDB analogue: Masala vada; INDB 2024.11 values are per 100 g and were converted to the CSV serving weight of 60 g. Range is a transparent prep-variability modeling band of ±15%; this range is not reported by INDB. Vitamin D = D2+D3; Vitamin K = K1+K2. Vitamin B12 is not present in the supplied INDB workbook and is therefore left TBD rather than fabricated.,Medium,,"Section 4/5: ingredients compiled from standard/typical recipes (not from INDB); allergens derived programmatically from that ingredient list using the spec vocabulary (dairy/egg/gluten/nuts/groundnut/soy/fish/shellfish); vitamin_b12 is a category-level estimate from standard published B12 values for the dish's primary animal-protein/dairy component (not from INDB, which has no B12 column); price is a rough India-wide market estimate, not measured data.",Anuvaad Indian Nutrient Databank (INDB) 2024.11,Closest INDB analogue: Masala vada; INDB 2024.11 values are per 100 g and were converted to the CSV serving weight of 60 g. Range is a transparent prep-variability modeling band of ±15%; this range is not reported by INDB. Vitamin D = D2+D3; Vitamin K = K1+K2. Vitamin B12 is not present in the supplied INDB workbook and is therefore left TBD rather than fabricated.,Medium,N/A — no significant dietary B12 source,"Compiled ingredient list contains no meat, fish, egg, dairy solids, or fortified ingredient — only plant-based ingredients, and/or ghee/butter in amounts too small to contribute measurable B12 (B12 resides in milk solids/whey, not milk fat). Vitamin B12 is not naturally present in plant foods (USDA FoodData Central), so the value is retained at 0.0 rather than estimated.",High,PENDING_AUDIT,PENDING_AUDIT,PENDING_AUDIT,Close recipe,Masala vada,"prep-variability modeling band (internally generated, not source-reported)",15.0,No variants listed
FD011,Mysore Bonda,"Mysore Bajji, Goli Bajji, Mysore Bajji",,Breakfast & Tiffin,Vada & Fritters,2,pieces,60,341.731,417.671,0.588,0.719,2.449,2.993,36.611,44.747,0.448,0.548,0.202,0.247,3.668,4.483,4.871,5.953,57.205,69.917,0.076,0.093,71.568,87.472,0.0,0.0,2.7,3.3,0.441,0.538,17.99,21.988,4.269,5.217,0.016,0.02,0.004,0.005,0.02,0.025,4.827,5.9,0.0,0.0,Vegetarian,,"urad dal, rice flour, green chilli, curry leaves, oil",30,80,Anuvaad Indian Nutrient Databank (INDB) 2024.11,Direct INDB equivalent: Potato bonda (Aloo bonda); INDB 2024.11 values are per 100 g and were converted to the CSV serving weight of 60 g. Range is a transparent prep-variability modeling band of ±10%; this range is not reported by INDB. Vitamin D = D2+D3; Vitamin K = K1+K2. Vitamin B12 is not present in the supplied INDB workbook and is therefore left TBD rather than fabricated.,High,,"Section 4/5: ingredients compiled from standard/typical recipes (not from INDB); allergens derived programmatically from that ingredient list using the spec vocabulary (dairy/egg/gluten/nuts/groundnut/soy/fish/shellfish); vitamin_b12 is a category-level estimate from standard published B12 values for the dish's primary animal-protein/dairy component (not from INDB, which has no B12 column); price is a rough India-wide market estimate, not measured data.",Anuvaad Indian Nutrient Databank (INDB) 2024.11,Direct INDB equivalent: Potato bonda (Aloo bonda); INDB 2024.11 values are per 100 g and were converted to the CSV serving weight of 60 g. Range is a transparent prep-variability modeling band of ±10%; this range is not reported by INDB. Vitamin D = D2+D3; Vitamin K = K1+K2. Vitamin B12 is not present in the supplied INDB workbook and is therefore left TBD rather than fabricated.,High,N/A — no significant dietary B12 source,"Compiled ingredient list contains no meat, fish, egg, dairy solids, or fortified ingredient — only plant-based ingredients, and/or ghee/butter in amounts too small to contribute measurable B12 (B12 resides in milk solids/whey, not milk fat). Vitamin B12 is not naturally present in plant foods (USDA FoodData Central), so the value is retained at 0.0 rather than estimated.",High,PENDING_AUDIT,PENDING_AUDIT,PENDING_AUDIT,Exact,Potato bonda (Aloo bonda),"prep-variability modeling band (internally generated, not source-reported)",10.0,No variants listed
FD012,Ven Pongal,,Milagu Pongal (Pepper Pongal),Breakfast & Tiffin,Tiffin Staples,1,serving,150,517.498,632.498,14.576,17.815,87.801,107.313,11.244,13.743,6.087,7.44,3.723,4.551,68.117,83.254,135.119,165.145,628.83,768.57,1.96,2.396,16.651,20.351,0.0,0.0,0.0,0.0,2.384,2.914,1.251,1.53,2.606,3.185,0.309,0.378,0.085,0.104,0.494,0.604,48.067,58.748,0.0,0.0,Vegetarian,"Dairy, Nuts","rice, moong dal, ghee, black pepper, cumin, cashew",42,112,Anuvaad Indian Nutrient Databank (INDB) 2024.11,Direct INDB equivalent: Rice dal porridge (Chawal dal ki khichdi/khichri); INDB 2024.11 values are per 100 g and were converted to the CSV serving weight of 150 g. Range is a transparent prep-variability modeling band of ±10%; this range is not reported by INDB. Vitamin D = D2+D3; Vitamin K = K1+K2. Vitamin B12 is not present in the supplied INDB workbook and is therefore left TBD rather than fabricated.,High,"Milagu Pongal is the same base with a substantially higher black-pepper (and often cumin/ghee) load; flavor-forward rather than a different core recipe, so likely a minor nutrient shift only.","Section 4/5: ingredients compiled from standard/typical recipes (not from INDB); allergens derived programmatically from that ingredient list using the spec vocabulary (dairy/egg/gluten/nuts/groundnut/soy/fish/shellfish); vitamin_b12 is a category-level estimate from standard published B12 values for the dish's primary animal-protein/dairy component (not from INDB, which has no B12 column); price is a rough India-wide market estimate, not measured data. | Allergen audit: ghee added -> Dairy included",Anuvaad Indian Nutrient Databank (INDB) 2024.11,Direct INDB equivalent: Rice dal porridge (Chawal dal ki khichdi/khichri); INDB 2024.11 values are per 100 g and were converted to the CSV serving weight of 150 g. Range is a transparent prep-variability modeling band of ±10%; this range is not reported by INDB. Vitamin D = D2+D3; Vitamin K = K1+K2. Vitamin B12 is not present in the supplied INDB workbook and is therefore left TBD rather than fabricated.,High,N/A — no significant dietary B12 source,"Compiled ingredient list contains no meat, fish, egg, dairy solids, or fortified ingredient — only plant-based ingredients, and/or ghee/butter in amounts too small to contribute measurable B12 (B12 resides in milk solids/whey, not milk fat). Vitamin B12 is not naturally present in plant foods (USDA FoodData Central), so the value is retained at 0.0 rather than estimated.",High,PENDING_AUDIT,PENDING_AUDIT,PENDING_AUDIT,Close recipe,Rice dal porridge (Chawal dal ki khichdi/khichri),"prep-variability modeling band (internally generated, not source-reported)",10.0,"Reviewed — minor variant, no split needed"
FD013,Sweet Pongal,"Sakkarai Pongal, Sakkarai Pongal",,Breakfast & Tiffin,Tiffin Staples,1,serving,150,290.808,355.432,2.83,3.458,57.499,70.277,6.164,7.533,1.526,1.866,0.458,0.56,15.357,18.77,15.023,18.361,75.703,92.526,0.431,0.527,4.318,5.278,48.318,59.056,0.081,0.099,0.293,0.358,0.675,0.825,1.236,1.51,0.06,0.073,0.026,0.032,0.074,0.09,4.132,5.051,0.0,0.0,Vegetarian,"Dairy, Nuts","rice, moong dal, jaggery, ghee, cashew, raisins",42,112,Anuvaad Indian Nutrient Databank (INDB) 2024.11,Direct INDB equivalent: Sweet rice (Meethe chawal); INDB 2024.11 values are per 100 g and were converted to the CSV serving weight of 150 g. Range is a transparent prep-variability modeling band of ±10%; this range is not reported by INDB. Vitamin D = D2+D3; Vitamin K = K1+K2. Vitamin B12 is not present in the supplied INDB workbook and is therefore left TBD rather than fabricated.,High,,"Section 4/5: ingredients compiled from standard/typical recipes (not from INDB); allergens derived programmatically from that ingredient list using the spec vocabulary (dairy/egg/gluten/nuts/groundnut/soy/fish/shellfish); vitamin_b12 is a category-level estimate from standard published B12 values for the dish's primary animal-protein/dairy component (not from INDB, which has no B12 column); price is a rough India-wide market estimate, not measured data. | Allergen audit: ghee added -> Dairy included",Anuvaad Indian Nutrient Databank (INDB) 2024.11,Direct INDB equivalent: Sweet rice (Meethe chawal); INDB 2024.11 values are per 100 g and were converted to the CSV serving weight of 150 g. Range is a transparent prep-variability modeling band of ±10%; this range is not reported by INDB. Vitamin D = D2+D3; Vitamin K = K1+K2. Vitamin B12 is not present in the supplied INDB workbook and is therefore left TBD rather than fabricated.,High,N/A — no significant dietary B12 source,"Compiled ingredient list contains no meat, fish, egg, dairy solids, or fortified ingredient — only plant-based ingredients, and/or ghee/butter in amounts too small to contribute measurable B12 (B12 resides in milk solids/whey, not milk fat). Vitamin B12 is not naturally present in plant foods (USDA FoodData Central), so the value is retained at 0.0 rather than estimated.",High,PENDING_AUDIT,PENDING_AUDIT,PENDING_AUDIT,Exact,Sweet rice (Meethe chawal),"prep-variability modeling band (internally generated, not source-reported)",10.0,No variants listed
FD014,Rava Upma,"Uppittu, Upma",Vegetable Upma,Breakfast & Tiffin,Tiffin Staples,1,serving,150,188.563,255.115,4.209,5.694,20.799,28.139,9.554,12.926,4.134,5.593,1.397,1.891,27.503,37.21,27.21,36.814,201.897,273.155,0.75,1.015,129.523,175.238,0.0,0.0,5.57,7.536,4.389,5.938,4.553,6.16,12.969,17.546,0.099,0.134,0.032,0.044,0.085,0.115,18.156,24.563,0.0,0.0,Vegetarian,"Gluten, Nuts","semolina (rava), onion, mustard seeds, curry leaves, oil, cashew",42,112,Anuvaad Indian Nutrient Databank (INDB) 2024.11,Closest INDB analogue: Semolina upma (Suji/Rava upma); INDB 2024.11 values are per 100 g and were converted to the CSV serving weight of 150 g. Range is a transparent prep-variability modeling band of ±15%; this range is not reported by INDB. Vitamin D = D2+D3; Vitamin K = K1+K2. Vitamin B12 is not present in the supplied INDB workbook and is therefore left TBD rather than fabricated.,Medium,"Vegetable Upma adds mixed vegetables (typically carrot, beans, peas) on top of the semolina base, which lowers the semolina proportion and adds fiber/vitamin A/vitamin C versus plain Rava Upma. Consider splitting out.","Section 4/5: ingredients compiled from standard/typical recipes (not from INDB); allergens derived programmatically from that ingredient list using the spec vocabulary (dairy/egg/gluten/nuts/groundnut/soy/fish/shellfish); vitamin_b12 is a category-level estimate from standard published B12 values for the dish's primary animal-protein/dairy component (not from INDB, which has no B12 column); price is a rough India-wide market estimate, not measured data.",Anuvaad Indian Nutrient Databank (INDB) 2024.11,Closest INDB analogue: Semolina upma (Suji/Rava upma); INDB 2024.11 values are per 100 g and were converted to the CSV serving weight of 150 g. Range is a transparent prep-variability modeling band of ±15%; this range is not reported by INDB. Vitamin D = D2+D3; Vitamin K = K1+K2. Vitamin B12 is not present in the supplied INDB workbook and is therefore left TBD rather than fabricated.,Medium,N/A — no significant dietary B12 source,"Compiled ingredient list contains no meat, fish, egg, dairy solids, or fortified ingredient — only plant-based ingredients, and/or ghee/butter in amounts too small to contribute measurable B12 (B12 resides in milk solids/whey, not milk fat). Vitamin B12 is not naturally present in plant foods (USDA FoodData Central), so the value is retained at 0.0 rather than estimated.",High,PENDING_AUDIT,PENDING_AUDIT,PENDING_AUDIT,Close recipe,Semolina upma (Suji/Rava upma),"prep-variability modeling band (internally generated, not source-reported)",15.0,"Reviewed — distinct variant, split recommended"
FD015,Semiya Upma,,Vegetable Semiya Upma,Breakfast & Tiffin,Tiffin Staples,1,serving,150,190.112,257.21,3.966,5.366,21.516,29.11,9.494,12.845,4.093,5.538,1.184,1.602,25.883,35.018,27.484,37.184,176.219,238.413,0.45,0.609,129.792,175.601,0.0,0.0,5.57,7.536,3.194,4.321,4.508,6.099,12.921,17.481,0.058,0.079,0.025,0.034,0.066,0.089,15.163,20.515,0.0,0.0,Vegetarian,Gluten,"vermicelli (wheat), onion, mustard seeds, curry leaves, oil, peas",30,80,Anuvaad Indian Nutrient Databank (INDB) 2024.11,Closest INDB analogue: Vermicelli upma (Semiya/Seviyan upma); INDB 2024.11 values are per 100 g and were converted to the CSV serving weight of 150 g. Range is a transparent prep-variability modeling band of ±15%; this range is not reported by INDB. Vitamin D = D2+D3; Vitamin K = K1+K2. Vitamin B12 is not present in the supplied INDB workbook and is therefore left TBD rather than fabricated.,Medium,"Vegetable Semiya Upma adds mixed vegetables (carrot, beans, etc.) to the base vermicelli upma, lowering the semiya proportion and adding fiber/vitamin content. Consider splitting out.","Section 4/5: ingredients compiled from standard/typical recipes (not from INDB); allergens derived programmatically from that ingredient list using the spec vocabulary (dairy/egg/gluten/nuts/groundnut/soy/fish/shellfish); vitamin_b12 is a category-level estimate from standard published B12 values for the dish's primary animal-protein/dairy component (not from INDB, which has no B12 column); price is a rough India-wide market estimate, not measured data.",Anuvaad Indian Nutrient Databank (INDB) 2024.11,Closest INDB analogue: Vermicelli upma (Semiya/Seviyan upma); INDB 2024.11 values are per 100 g and were converted to the CSV serving weight of 150 g. Range is a transparent prep-variability modeling band of ±15%; this range is not reported by INDB. Vitamin D = D2+D3; Vitamin K = K1+K2. Vitamin B12 is not present in the supplied INDB workbook and is therefore left TBD rather than fabricated.,Medium,N/A — no significant dietary B12 source,"Compiled ingredient list contains no meat, fish, egg, dairy solids, or fortified ingredient — only plant-based ingredients, and/or ghee/butter in amounts too small to contribute measurable B12 (B12 resides in milk solids/whey, not milk fat). Vitamin B12 is not naturally present in plant foods (USDA FoodData Central), so the value is retained at 0.0 rather than estimated.",High,PENDING_AUDIT,PENDING_AUDIT,PENDING_AUDIT,Close recipe,Vermicelli upma (Semiya/Seviyan upma),"prep-variability modeling band (internally generated, not source-reported)",15.0,"Reviewed — distinct variant, split recommended"
FD016,Poori with Aloo Bhaji,"Puri Bhaji, Aloo Poori",Poori Kurma (served with vegetable kurma instead of aloo bhaji),Breakfast & Tiffin,Tiffin Staples,1,serving,150,995.807,1217.097,1.829,2.235,11.097,13.564,104.768,128.05,1.965,2.401,0.813,0.994,5.37,6.564,21.699,26.522,53.88,65.853,0.493,0.603,42.839,52.359,7.972,9.744,0.0,0.0,2.323,2.839,51.167,62.537,6.796,8.307,0.073,0.089,0.026,0.032,0.043,0.053,5.053,6.176,0.0,0.0,Vegetarian,Gluten,"wheat flour, oil, potato, onion, turmeric, mustard seeds",30,80,Anuvaad Indian Nutrient Databank (INDB) 2024.11,Direct INDB equivalent: Poori; INDB 2024.11 values are per 100 g and were converted to the CSV serving weight of 150 g. Range is a transparent prep-variability modeling band of ±10%; this range is not reported by INDB. Vitamin D = D2+D3; Vitamin K = K1+K2. Vitamin B12 is not present in the supplied INDB workbook and is therefore left TBD rather than fabricated.,High,Swaps the potato bhaji side for a coconut/cashew-based vegetable kurma — a different accompaniment with a different fat and nutrient profile from the aloo bhaji base. Consider splitting out.,"Section 4/5: ingredients compiled from standard/typical recipes (not from INDB); allergens derived programmatically from that ingredient list using the spec vocabulary (dairy/egg/gluten/nuts/groundnut/soy/fish/shellfish); vitamin_b12 is a category-level estimate from standard published B12 values for the dish's primary animal-protein/dairy component (not from INDB, which has no B12 column); price is a rough India-wide market estimate, not measured data.",Anuvaad Indian Nutrient Databank (INDB) 2024.11,Direct INDB equivalent: Poori; INDB 2024.11 values are per 100 g and were converted to the CSV serving weight of 150 g. Range is a transparent prep-variability modeling band of ±10%; this range is not reported by INDB. Vitamin D = D2+D3; Vitamin K = K1+K2. Vitamin B12 is not present in the supplied INDB workbook and is therefore left TBD rather than fabricated.,High,N/A — no significant dietary B12 source,"Compiled ingredient list contains no meat, fish, egg, dairy solids, or fortified ingredient — only plant-based ingredients, and/or ghee/butter in amounts too small to contribute measurable B12 (B12 resides in milk solids/whey, not milk fat). Vitamin B12 is not naturally present in plant foods (USDA FoodData Central), so the value is retained at 0.0 rather than estimated.",High,PENDING_AUDIT,PENDING_AUDIT,PENDING_AUDIT,Exact,Poori,"prep-variability modeling band (internally generated, not source-reported)",10.0,"Reviewed — distinct variant, split recommended"
FD017,Appam,"Vella Appam, Palappam, Hopper",Kallappam (toddy-fermented),Breakfast & Tiffin,Tiffin Staples,1,serving,150,341.315,461.779,3.978,5.381,16.931,22.907,28.853,39.036,7.896,10.683,1.053,1.425,8.113,10.976,29.711,40.198,205.808,278.446,0.59,0.798,33.908,45.875,0.0,0.0,2.143,2.9,0.114,0.154,1.906,2.578,16.362,22.137,0.055,0.075,0.083,0.112,0.105,0.142,23.012,31.134,0.0,0.0,Vegetarian,,"rice, coconut, yeast, sugar",30,80,Anuvaad Indian Nutrient Databank (INDB) 2024.11,Closest INDB analogue: Appam; INDB 2024.11 values are per 100 g and were converted to the CSV serving weight of 150 g. Range is a transparent prep-variability modeling band of ±15%; this range is not reported by INDB. Vitamin D = D2+D3; Vitamin K = K1+K2. Vitamin B12 is not present in the supplied INDB workbook and is therefore left TBD rather than fabricated.,Medium,"Kallappam is traditionally leavened with toddy rather than yeast/baking soda; recipe is close enough to the base appam that a split is not essential, though fermentation flavor differs.","Section 4/5: ingredients compiled from standard/typical recipes (not from INDB); allergens derived programmatically from that ingredient list using the spec vocabulary (dairy/egg/gluten/nuts/groundnut/soy/fish/shellfish); vitamin_b12 is a category-level estimate from standard published B12 values for the dish's primary animal-protein/dairy component (not from INDB, which has no B12 column); price is a rough India-wide market estimate, not measured data.",Anuvaad Indian Nutrient Databank (INDB) 2024.11,Closest INDB analogue: Appam; INDB 2024.11 values are per 100 g and were converted to the CSV serving weight of 150 g. Range is a transparent prep-variability modeling band of ±15%; this range is not reported by INDB. Vitamin D = D2+D3; Vitamin K = K1+K2. Vitamin B12 is not present in the supplied INDB workbook and is therefore left TBD rather than fabricated.,Medium,N/A — no significant dietary B12 source,"Compiled ingredient list contains no meat, fish, egg, dairy solids, or fortified ingredient — only plant-based ingredients, and/or ghee/butter in amounts too small to contribute measurable B12 (B12 resides in milk solids/whey, not milk fat). Vitamin B12 is not naturally present in plant foods (USDA FoodData Central), so the value is retained at 0.0 rather than estimated.",High,PENDING_AUDIT,PENDING_AUDIT,PENDING_AUDIT,Close recipe,Appam,"prep-variability modeling band (internally generated, not source-reported)",15.0,"Reviewed — minor variant, no split needed"
FD018,Idiyappam,"String Hoppers, Nool Puttu",,Breakfast & Tiffin,Tiffin Staples,1,serving,150,361.392,441.701,4.212,5.147,17.927,21.911,30.55,37.339,8.361,10.219,1.115,1.363,8.59,10.499,31.459,38.45,217.914,266.34,0.625,0.764,35.902,43.881,0.0,0.0,2.269,2.774,0.121,0.147,2.018,2.466,17.324,21.174,0.058,0.071,0.088,0.107,0.111,0.135,24.366,29.78,0.0,0.0,Vegetarian,,"rice flour, salt, water",30,80,Anuvaad Indian Nutrient Databank (INDB) 2024.11,Direct INDB equivalent: Appam; INDB 2024.11 values are per 100 g and were converted to the CSV serving weight of 150 g. Range is a transparent prep-variability modeling band of ±10%; this range is not reported by INDB. Vitamin D = D2+D3; Vitamin K = K1+K2. Vitamin B12 is not present in the supplied INDB workbook and is therefore left TBD rather than fabricated.,High,,"Section 4/5: ingredients compiled from standard/typical recipes (not from INDB); allergens derived programmatically from that ingredient list using the spec vocabulary (dairy/egg/gluten/nuts/groundnut/soy/fish/shellfish); vitamin_b12 is a category-level estimate from standard published B12 values for the dish's primary animal-protein/dairy component (not from INDB, which has no B12 column); price is a rough India-wide market estimate, not measured data.",Anuvaad Indian Nutrient Databank (INDB) 2024.11,Direct INDB equivalent: Appam; INDB 2024.11 values are per 100 g and were converted to the CSV serving weight of 150 g. Range is a transparent prep-variability modeling band of ±10%; this range is not reported by INDB. Vitamin D = D2+D3; Vitamin K = K1+K2. Vitamin B12 is not present in the supplied INDB workbook and is therefore left TBD rather than fabricated.,High,N/A — no significant dietary B12 source,"Compiled ingredient list contains no meat, fish, egg, dairy solids, or fortified ingredient — only plant-based ingredients, and/or ghee/butter in amounts too small to contribute measurable B12 (B12 resides in milk solids/whey, not milk fat). Vitamin B12 is not naturally present in plant foods (USDA FoodData Central), so the value is retained at 0.0 rather than estimated.",High,PENDING_AUDIT,PENDING_AUDIT,PENDING_AUDIT,Close recipe,Appam,"prep-variability modeling band (internally generated, not source-reported)",10.0,No variants listed
FD019,Puttu,Pittu,,Breakfast & Tiffin,Tiffin Staples,1,serving,150,104.527,141.419,1.607,2.174,15.072,20.392,3.986,5.392,0.964,1.304,0.536,0.726,6.328,8.561,10.204,13.806,88.696,120.001,0.086,0.116,61.561,83.288,0.0,0.0,0.0,0.0,0.0,0.0,0.368,0.498,0.175,0.237,0.021,0.028,0.012,0.016,0.046,0.062,1.473,1.993,0.0,0.0,Vegetarian,,"rice flour, grated coconut, salt",30,80,Anuvaad Indian Nutrient Databank (INDB) 2024.11,Closest INDB analogue: Rice puttu (Ari puttu); INDB 2024.11 values are per 100 g and were converted to the CSV serving weight of 150 g. Range is a transparent prep-variability modeling band of ±15%; this range is not reported by INDB. Vitamin D = D2+D3; Vitamin K = K1+K2. Vitamin B12 is not present in the supplied INDB workbook and is therefore left TBD rather than fabricated.,Medium,,"Section 4/5: ingredients compiled from standard/typical recipes (not from INDB); allergens derived programmatically from that ingredient list using the spec vocabulary (dairy/egg/gluten/nuts/groundnut/soy/fish/shellfish); vitamin_b12 is a category-level estimate from standard published B12 values for the dish's primary animal-protein/dairy component (not from INDB, which has no B12 column); price is a rough India-wide market estimate, not measured data.",Anuvaad Indian Nutrient Databank (INDB) 2024.11,Closest INDB analogue: Rice puttu (Ari puttu); INDB 2024.11 values are per 100 g and were converted to the CSV serving weight of 150 g. Range is a transparent prep-variability modeling band of ±15%; this range is not reported by INDB. Vitamin D = D2+D3; Vitamin K = K1+K2. Vitamin B12 is not present in the supplied INDB workbook and is therefore left TBD rather than fabricated.,Medium,N/A — no significant dietary B12 source,"Compiled ingredient list contains no meat, fish, egg, dairy solids, or fortified ingredient — only plant-based ingredients, and/or ghee/butter in amounts too small to contribute measurable B12 (B12 resides in milk solids/whey, not milk fat). Vitamin B12 is not naturally present in plant foods (USDA FoodData Central), so the value is retained at 0.0 rather than estimated.",High,PENDING_AUDIT,PENDING_AUDIT,PENDING_AUDIT,Close recipe,Rice puttu (Ari puttu),"prep-variability modeling band (internally generated, not source-reported)",15.0,No variants listed
FD020,Aloo Paratha,,,Breakfast & Tiffin,Paratha & Flatbread,1,piece,90,156.857,212.219,2.829,3.827,18.299,24.757,7.819,10.578,3.194,4.321,1.166,1.577,13.297,17.991,35.276,47.726,208.751,282.428,0.725,0.981,97.31,131.655,0.0,0.0,6.535,8.842,3.074,4.158,3.708,5.017,3.378,4.571,0.11,0.148,0.039,0.052,0.09,0.121,12.258,16.584,0.0,0.0,Vegetarian,"Dairy, Gluten","whole wheat flour, potato, green chilli, ghee, spices",30,80,Anuvaad Indian Nutrient Databank (INDB) 2024.11,Closest INDB analogue: Potato parantha/paratha (Aloo ka parantha/paratha); INDB 2024.11 values are per 100 g and were converted to the CSV serving weight of 90 g. Range is a transparent prep-variability modeling band of ±15%; this range is not reported by INDB. Vitamin D = D2+D3; Vitamin K = K1+K2. Vitamin B12 is not present in the supplied INDB workbook and is therefore left TBD rather than fabricated.,Medium,,"Section 4/5: ingredients compiled from standard/typical recipes (not from INDB); allergens derived programmatically from that ingredient list using the spec vocabulary (dairy/egg/gluten/nuts/groundnut/soy/fish/shellfish); vitamin_b12 is a category-level estimate from standard published B12 values for the dish's primary animal-protein/dairy component (not from INDB, which has no B12 column); price is a rough India-wide market estimate, not measured data. | Allergen audit: ghee added -> Dairy included",Anuvaad Indian Nutrient Databank (INDB) 2024.11,Closest INDB analogue: Potato parantha/paratha (Aloo ka parantha/paratha); INDB 2024.11 values are per 100 g and were converted to the CSV serving weight of 90 g. Range is a transparent prep-variability modeling band of ±15%; this range is not reported by INDB. Vitamin D = D2+D3; Vitamin K = K1+K2. Vitamin B12 is not present in the supplied INDB workbook and is therefore left TBD rather than fabricated.,Medium,N/A — no significant dietary B12 source,"Compiled ingredient list contains no meat, fish, egg, dairy solids, or fortified ingredient — only plant-based ingredients, and/or ghee/butter in amounts too small to contribute measurable B12 (B12 resides in milk solids/whey, not milk fat). Vitamin B12 is not naturally present in plant foods (USDA FoodData Central), so the value is retained at 0.0 rather than estimated.",High,PENDING_AUDIT,PENDING_AUDIT,PENDING_AUDIT,Close recipe,Potato parantha/paratha (Aloo ka parantha/paratha),"prep-variability modeling band (internally generated, not source-reported)",15.0,No variants listed
FD021,Paneer Paratha,,,Breakfast & Tiffin,Paratha & Flatbread,1,piece,90,201.169,272.17,6.108,8.263,18.61,25.178,11.185,15.133,3.06,4.14,1.299,1.757,97.651,132.116,37.479,50.706,108.283,146.5,1.217,1.646,109.025,147.504,0.0,0.0,1.521,2.058,3.342,4.521,4.06,5.493,3.133,4.239,0.109,0.148,0.058,0.078,0.08,0.109,26.095,35.305,0.15,0.35,Vegetarian (dairy/paneer-rich),"Dairy, Gluten","whole wheat flour, paneer, green chilli, ghee, spices",42,112,Anuvaad Indian Nutrient Databank (INDB) 2024.11,Closest INDB analogue: Paneer parantha/paratha; INDB 2024.11 values are per 100 g and were converted to the CSV serving weight of 90 g. Range is a transparent prep-variability modeling band of ±15%; this range is not reported by INDB. Vitamin D = D2+D3; Vitamin K = K1+K2. Vitamin B12 is not present in the supplied INDB workbook and is therefore left TBD rather than fabricated.,Medium,,"Section 4/5: ingredients compiled from standard/typical recipes (not from INDB); allergens derived programmatically from that ingredient list using the spec vocabulary (dairy/egg/gluten/nuts/groundnut/soy/fish/shellfish); vitamin_b12 is a category-level estimate from standard published B12 values for the dish's primary animal-protein/dairy component (not from INDB, which has no B12 column); price is a rough India-wide market estimate, not measured data.",Anuvaad Indian Nutrient Databank (INDB) 2024.11,Closest INDB analogue: Paneer parantha/paratha; INDB 2024.11 values are per 100 g and were converted to the CSV serving weight of 90 g. Range is a transparent prep-variability modeling band of ±15%; this range is not reported by INDB. Vitamin D = D2+D3; Vitamin K = K1+K2. Vitamin B12 is not present in the supplied INDB workbook and is therefore left TBD rather than fabricated.,Medium,USDA FoodData Central,"Category-level estimate: paneer is the dish's primary dairy component. Published Indian food-composition data for paneer/cottage cheese (~0.8 mcg/100g), scaled to a typical paneer-content fraction of this serving. Not from INDB.",Medium,PENDING_AUDIT,PENDING_AUDIT,PENDING_AUDIT,Close recipe,Paneer parantha/paratha,"prep-variability modeling band (internally generated, not source-reported)",15.0,No variants listed
FD022,Gobi Paratha,,,Breakfast & Tiffin,Paratha & Flatbread,1,piece,90,201.353,335.588,3.413,5.688,20.717,34.529,11.379,18.965,3.668,6.113,1.335,2.225,9.999,16.666,40.436,67.393,100.5,167.5,0.92,1.534,41.895,69.825,0.0,0.0,0.0,0.0,4.336,7.226,5.447,9.078,1.171,1.951,0.136,0.226,0.048,0.081,0.081,0.135,9.434,15.723,0.0,0.0,Vegetarian,"Dairy, Gluten","whole wheat flour, cauliflower, green chilli, ghee, spices",30,80,Anuvaad Indian Nutrient Databank (INDB) 2024.11,Closest INDB analogue: Plain parantha/paratha; INDB 2024.11 values are per 100 g and were converted to the CSV serving weight of 90 g. Range is a transparent prep-variability modeling band of ±25%; this range is not reported by INDB. Vitamin D = D2+D3; Vitamin K = K1+K2. Vitamin B12 is not present in the supplied INDB workbook and is therefore left TBD rather than fabricated.,Low,,"Section 4/5: ingredients compiled from standard/typical recipes (not from INDB); allergens derived programmatically from that ingredient list using the spec vocabulary (dairy/egg/gluten/nuts/groundnut/soy/fish/shellfish); vitamin_b12 is a category-level estimate from standard published B12 values for the dish's primary animal-protein/dairy component (not from INDB, which has no B12 column); price is a rough India-wide market estimate, not measured data. | Allergen audit: ghee added -> Dairy included",Anuvaad Indian Nutrient Databank (INDB) 2024.11,Closest INDB analogue: Plain parantha/paratha; INDB 2024.11 values are per 100 g and were converted to the CSV serving weight of 90 g. Range is a transparent prep-variability modeling band of ±25%; this range is not reported by INDB. Vitamin D = D2+D3; Vitamin K = K1+K2. Vitamin B12 is not present in the supplied INDB workbook and is therefore left TBD rather than fabricated.,Low,N/A — no significant dietary B12 source,"Compiled ingredient list contains no meat, fish, egg, dairy solids, or fortified ingredient — only plant-based ingredients, and/or ghee/butter in amounts too small to contribute measurable B12 (B12 resides in milk solids/whey, not milk fat). Vitamin B12 is not naturally present in plant foods (USDA FoodData Central), so the value is retained at 0.0 rather than estimated.",High,PENDING_AUDIT,PENDING_AUDIT,PENDING_AUDIT,Close recipe,Plain parantha/paratha,"prep-variability modeling band (internally generated, not source-reported)",25.0,No variants listed
FD023,Mooli Paratha,,,Breakfast & Tiffin,Paratha & Flatbread,1,piece,90,140.396,189.948,2.523,3.413,15.715,21.261,7.289,9.861,3.308,4.476,1.064,1.439,18.168,24.581,32.112,43.446,157.926,213.664,0.676,0.914,97.176,131.473,0.0,0.0,6.454,8.732,2.843,3.846,3.451,4.669,3.358,4.543,0.095,0.129,0.039,0.053,0.081,0.11,15.862,21.46,0.0,0.0,Vegetarian,"Dairy, Gluten","whole wheat flour, radish, green chilli, ghee, spices",30,80,Anuvaad Indian Nutrient Databank (INDB) 2024.11,Closest INDB analogue: Radish parantha/paratha (Mooli ka parantha/paratha); INDB 2024.11 values are per 100 g and were converted to the CSV serving weight of 90 g. Range is a transparent prep-variability modeling band of ±15%; this range is not reported by INDB. Vitamin D = D2+D3; Vitamin K = K1+K2. Vitamin B12 is not present in the supplied INDB workbook and is therefore left TBD rather than fabricated.,Medium,,"Section 4/5: ingredients compiled from standard/typical recipes (not from INDB); allergens derived programmatically from that ingredient list using the spec vocabulary (dairy/egg/gluten/nuts/groundnut/soy/fish/shellfish); vitamin_b12 is a category-level estimate from standard published B12 values for the dish's primary animal-protein/dairy component (not from INDB, which has no B12 column); price is a rough India-wide market estimate, not measured data. | Allergen audit: ghee added -> Dairy included",Anuvaad Indian Nutrient Databank (INDB) 2024.11,Closest INDB analogue: Radish parantha/paratha (Mooli ka parantha/paratha); INDB 2024.11 values are per 100 g and were converted to the CSV serving weight of 90 g. Range is a transparent prep-variability modeling band of ±15%; this range is not reported by INDB. Vitamin D = D2+D3; Vitamin K = K1+K2. Vitamin B12 is not present in the supplied INDB workbook and is therefore left TBD rather than fabricated.,Medium,N/A — no significant dietary B12 source,"Compiled ingredient list contains no meat, fish, egg, dairy solids, or fortified ingredient — only plant-based ingredients, and/or ghee/butter in amounts too small to contribute measurable B12 (B12 resides in milk solids/whey, not milk fat). Vitamin B12 is not naturally present in plant foods (USDA FoodData Central), so the value is retained at 0.0 rather than estimated.",High,PENDING_AUDIT,PENDING_AUDIT,PENDING_AUDIT,Close recipe,Radish parantha/paratha (Mooli ka parantha/paratha),"prep-variability modeling band (internally generated, not source-reported)",15.0,No variants listed
FD024,Methi Paratha,,,Breakfast & Tiffin,Paratha & Flatbread,1,piece,90,113.497,153.555,3.267,4.421,16.976,22.968,3.324,4.497,3.894,5.268,1.85,2.502,50.376,68.155,41.975,56.789,148.346,200.704,0.799,1.081,36.994,50.05,0.0,0.0,10.592,14.331,3.584,4.848,1.503,2.033,61.892,83.736,0.12,0.162,0.068,0.092,0.137,0.185,23.87,32.295,0.0,0.0,Vegetarian,"Dairy, Gluten","whole wheat flour, fenugreek leaves, ghee, spices",30,80,Anuvaad Indian Nutrient Databank (INDB) 2024.11,Closest INDB analogue: Methi parantha/paratha; INDB 2024.11 values are per 100 g and were converted to the CSV serving weight of 90 g. Range is a transparent prep-variability modeling band of ±15%; this range is not reported by INDB. Vitamin D = D2+D3; Vitamin K = K1+K2. Vitamin B12 is not present in the supplied INDB workbook and is therefore left TBD rather than fabricated.,Medium,,"Section 4/5: ingredients compiled from standard/typical recipes (not from INDB); allergens derived programmatically from that ingredient list using the spec vocabulary (dairy/egg/gluten/nuts/groundnut/soy/fish/shellfish); vitamin_b12 is a category-level estimate from standard published B12 values for the dish's primary animal-protein/dairy component (not from INDB, which has no B12 column); price is a rough India-wide market estimate, not measured data. | Allergen audit: ghee added -> Dairy included",Anuvaad Indian Nutrient Databank (INDB) 2024.11,Closest INDB analogue: Methi parantha/paratha; INDB 2024.11 values are per 100 g and were converted to the CSV serving weight of 90 g. Range is a transparent prep-variability modeling band of ±15%; this range is not reported by INDB. Vitamin D = D2+D3; Vitamin K = K1+K2. Vitamin B12 is not present in the supplied INDB workbook and is therefore left TBD rather than fabricated.,Medium,N/A — no significant dietary B12 source,"Compiled ingredient list contains no meat, fish, egg, dairy solids, or fortified ingredient — only plant-based ingredients, and/or ghee/butter in amounts too small to contribute measurable B12 (B12 resides in milk solids/whey, not milk fat). Vitamin B12 is not naturally present in plant foods (USDA FoodData Central), so the value is retained at 0.0 rather than estimated.",High,PENDING_AUDIT,PENDING_AUDIT,PENDING_AUDIT,Close recipe,Methi parantha/paratha,"prep-variability modeling band (internally generated, not source-reported)",15.0,No variants listed
FD025,Poha (Kanda Poha),"Aval Upma, Aval, Aval Upma, Beaten Rice Upma",Indori Poha,Breakfast & Tiffin,Tiffin Staples,1,serving,150,375.52,508.057,7.759,10.497,44.686,60.458,18.026,24.388,4.738,6.41,3.844,5.2,48.026,64.976,85.234,115.316,425.819,576.108,1.362,1.842,480.799,650.492,0.0,0.0,15.46,20.916,4.758,6.437,6.411,8.674,16.766,22.683,0.172,0.233,0.057,0.077,0.119,0.161,27.935,37.794,0.0,0.0,Vegetarian,Groundnut,"flattened rice (poha), onion, peanuts, mustard seeds, curry leaves, turmeric, oil",30,80,Anuvaad Indian Nutrient Databank (INDB) 2024.11,Closest INDB analogue: Poha; INDB 2024.11 values are per 100 g and were converted to the CSV serving weight of 150 g. Range is a transparent prep-variability modeling band of ±15%; this range is not reported by INDB. Vitamin D = D2+D3; Vitamin K = K1+K2. Vitamin B12 is not present in the supplied INDB workbook and is therefore left TBD rather than fabricated.,Medium,"Indori Poha adds sev, extra sugar/jaggery, pomegranate and a stronger spice/oil load compared to the base Kanda Poha — a real composition difference (added fat, sugar, gluten from sev). Consider splitting out.","Section 4/5: ingredients compiled from standard/typical recipes (not from INDB); allergens derived programmatically from that ingredient list using the spec vocabulary (dairy/egg/gluten/nuts/groundnut/soy/fish/shellfish); vitamin_b12 is a category-level estimate from standard published B12 values for the dish's primary animal-protein/dairy component (not from INDB, which has no B12 column); price is a rough India-wide market estimate, not measured data.",Anuvaad Indian Nutrient Databank (INDB) 2024.11,Closest INDB analogue: Poha; INDB 2024.11 values are per 100 g and were converted to the CSV serving weight of 150 g. Range is a transparent prep-variability modeling band of ±15%; this range is not reported by INDB. Vitamin D = D2+D3; Vitamin K = K1+K2. Vitamin B12 is not present in the supplied INDB workbook and is therefore left TBD rather than fabricated.,Medium,N/A — no significant dietary B12 source,"Compiled ingredient list contains no meat, fish, egg, dairy solids, or fortified ingredient — only plant-based ingredients, and/or ghee/butter in amounts too small to contribute measurable B12 (B12 resides in milk solids/whey, not milk fat). Vitamin B12 is not naturally present in plant foods (USDA FoodData Central), so the value is retained at 0.0 rather than estimated.",High,PENDING_AUDIT,PENDING_AUDIT,PENDING_AUDIT,Close recipe,Poha,"prep-variability modeling band (internally generated, not source-reported)",15.0,"Reviewed — distinct variant, split recommended"
FD026,Sabudana Khichdi,Sago Khichdi,,Breakfast & Tiffin,Tiffin Staples,1,serving,150,252.672,308.821,3.674,4.49,30.259,36.983,13.637,16.667,2.462,3.009,1.16,1.418,20.425,24.964,37.413,45.727,255.523,312.306,0.531,0.649,135.353,165.431,61.923,75.684,6.674,8.157,1.427,1.744,1.142,1.396,7.259,8.873,0.089,0.108,0.021,0.025,0.065,0.079,17.007,20.786,0.0,0.0,Vegetarian,"Dairy, Groundnut","tapioca pearls (sabudana), peanuts, potato, cumin, ghee",30,80,Anuvaad Indian Nutrient Databank (INDB) 2024.11,Direct INDB equivalent: Sago khitchdi/khichri (Sabudana khitchdi/khichri); INDB 2024.11 values are per 100 g and were converted to the CSV serving weight of 150 g. Range is a transparent prep-variability modeling band of ±10%; this range is not reported by INDB. Vitamin D = D2+D3; Vitamin K = K1+K2. Vitamin B12 is not present in the supplied INDB workbook and is therefore left TBD rather than fabricated.,High,,"Section 4/5: ingredients compiled from standard/typical recipes (not from INDB); allergens derived programmatically from that ingredient list using the spec vocabulary (dairy/egg/gluten/nuts/groundnut/soy/fish/shellfish); vitamin_b12 is a category-level estimate from standard published B12 values for the dish's primary animal-protein/dairy component (not from INDB, which has no B12 column); price is a rough India-wide market estimate, not measured data. | Allergen audit: ghee added -> Dairy included",Anuvaad Indian Nutrient Databank (INDB) 2024.11,Direct INDB equivalent: Sago khitchdi/khichri (Sabudana khitchdi/khichri); INDB 2024.11 values are per 100 g and were converted to the CSV serving weight of 150 g. Range is a transparent prep-variability modeling band of ±10%; this range is not reported by INDB. Vitamin D = D2+D3; Vitamin K = K1+K2. Vitamin B12 is not present in the supplied INDB workbook and is therefore left TBD rather than fabricated.,High,N/A — no significant dietary B12 source,"Compiled ingredient list contains no meat, fish, egg, dairy solids, or fortified ingredient — only plant-based ingredients, and/or ghee/butter in amounts too small to contribute measurable B12 (B12 resides in milk solids/whey, not milk fat). Vitamin B12 is not naturally present in plant foods (USDA FoodData Central), so the value is retained at 0.0 rather than estimated.",High,PENDING_AUDIT,PENDING_AUDIT,PENDING_AUDIT,Exact,Sago khitchdi/khichri (Sabudana khitchdi/khichri),"prep-variability modeling band (internally generated, not source-reported)",10.0,No variants listed
FD027,Misal Pav,,Kolhapuri Misal,Breakfast & Tiffin,Tiffin Staples,1,serving,150,130.309,159.267,3.592,4.39,16.191,19.788,5.829,7.124,2.672,3.266,1.308,1.598,33.561,41.019,17.135,20.942,188.057,229.847,0.246,0.301,221.257,270.425,54.076,66.092,17.765,21.713,3.392,4.146,0.205,0.251,15.696,19.184,0.286,0.35,0.1,0.122,0.077,0.094,39.602,48.403,0.0,0.0,Vegetarian,Gluten,"sprouted moth beans, onion, tomato, spicy gravy, bread roll (pav), fried gram-flour sev",30,80,Anuvaad Indian Nutrient Databank (INDB) 2024.11,Direct INDB equivalent: Pav bhaji; INDB 2024.11 values are per 100 g and were converted to the CSV serving weight of 150 g. Range is a transparent prep-variability modeling band of ±10%; this range is not reported by INDB. Vitamin D = D2+D3; Vitamin K = K1+K2. Vitamin B12 is not present in the supplied INDB workbook and is therefore left TBD rather than fabricated.,High,"Kolhapuri Misal uses a notably spicier, oil-heavier gravy (kat) than a standard misal; likely higher fat for the same base ingredients. Consider splitting out.","Section 4/5: ingredients compiled from standard/typical recipes (not from INDB); allergens derived programmatically from that ingredient list using the spec vocabulary (dairy/egg/gluten/nuts/groundnut/soy/fish/shellfish); vitamin_b12 is a category-level estimate from standard published B12 values for the dish's primary animal-protein/dairy component (not from INDB, which has no B12 column); price is a rough India-wide market estimate, not measured data.",Anuvaad Indian Nutrient Databank (INDB) 2024.11,Direct INDB equivalent: Pav bhaji; INDB 2024.11 values are per 100 g and were converted to the CSV serving weight of 150 g. Range is a transparent prep-variability modeling band of ±10%; this range is not reported by INDB. Vitamin D = D2+D3; Vitamin K = K1+K2. Vitamin B12 is not present in the supplied INDB workbook and is therefore left TBD rather than fabricated.,High,N/A — no significant dietary B12 source,"Compiled ingredient list contains no meat, fish, egg, dairy solids, or fortified ingredient — only plant-based ingredients, and/or ghee/butter in amounts too small to contribute measurable B12 (B12 resides in milk solids/whey, not milk fat). Vitamin B12 is not naturally present in plant foods (USDA FoodData Central), so the value is retained at 0.0 rather than estimated.",High,PENDING_AUDIT,PENDING_AUDIT,PENDING_AUDIT,Close recipe,Pav bhaji,"prep-variability modeling band (internally generated, not source-reported)",10.0,"Reviewed — distinct variant, split recommended"
FD028,Chole Bhature,Chana Bhatura,Amritsari Chole Bhature,Breakfast & Tiffin,Tiffin Staples,1,serving,150,1070.824,1308.785,2.201,2.69,14.491,17.711,111.461,136.23,0.512,0.626,0.445,0.544,16.357,19.991,6.604,8.072,40.59,49.61,0.204,0.249,38.206,46.696,1.298,1.587,0.046,0.057,1.248,1.526,54.79,66.965,7.197,8.796,0.031,0.037,0.024,0.029,0.019,0.024,3.849,4.704,0.0,0.0,Vegetarian,Gluten,"chickpeas, onion, tomato, spices, maida (bhature), oil",30,80,Anuvaad Indian Nutrient Databank (INDB) 2024.11,Direct INDB equivalent: Bhatura; INDB 2024.11 values are per 100 g and were converted to the CSV serving weight of 150 g. Range is a transparent prep-variability modeling band of ±10%; this range is not reported by INDB. Vitamin D = D2+D3; Vitamin K = K1+K2. Vitamin B12 is not present in the supplied INDB workbook and is therefore left TBD rather than fabricated.,High,Amritsari-style chole is typically cooked with more oil/ghee and a heavier spice masala than a standard chole bhature; likely higher fat and sodium for a similar base. Consider splitting out.,"Section 4/5: ingredients compiled from standard/typical recipes (not from INDB); allergens derived programmatically from that ingredient list using the spec vocabulary (dairy/egg/gluten/nuts/groundnut/soy/fish/shellfish); vitamin_b12 is a category-level estimate from standard published B12 values for the dish's primary animal-protein/dairy component (not from INDB, which has no B12 column); price is a rough India-wide market estimate, not measured data.",Anuvaad Indian Nutrient Databank (INDB) 2024.11,Direct INDB equivalent: Bhatura; INDB 2024.11 values are per 100 g and were converted to the CSV serving weight of 150 g. Range is a transparent prep-variability modeling band of ±10%; this range is not reported by INDB. Vitamin D = D2+D3; Vitamin K = K1+K2. Vitamin B12 is not present in the supplied INDB workbook and is therefore left TBD rather than fabricated.,High,N/A — no significant dietary B12 source,"Compiled ingredient list contains no meat, fish, egg, dairy solids, or fortified ingredient — only plant-based ingredients, and/or ghee/butter in amounts too small to contribute measurable B12 (B12 resides in milk solids/whey, not milk fat). Vitamin B12 is not naturally present in plant foods (USDA FoodData Central), so the value is retained at 0.0 rather than estimated.",High,PENDING_AUDIT,PENDING_AUDIT,PENDING_AUDIT,Close recipe,Bhatura,"prep-variability modeling band (internally generated, not source-reported)",10.0,"Reviewed — distinct variant, split recommended"
FD029,Dhokla,,Khaman,Breakfast & Tiffin,Tiffin Staples,1,serving,150,276.019,373.437,17.146,23.197,39.123,52.93,6.736,9.114,6.307,8.533,1.769,2.394,157.087,212.53,51.647,69.875,366.114,495.331,1.344,1.818,479.422,648.63,16.752,22.665,2.175,2.943,0.236,0.32,2.353,3.184,8.539,11.553,0.309,0.418,0.267,0.361,0.34,0.46,127.394,172.357,0.05,0.15,Vegetarian,Dairy,"gram flour (besan), curd, mustard seeds, curry leaves, oil",30,80,Anuvaad Indian Nutrient Databank (INDB) 2024.11,Closest INDB analogue: Dhokla; INDB 2024.11 values are per 100 g and were converted to the CSV serving weight of 150 g. Range is a transparent prep-variability modeling band of ±15%; this range is not reported by INDB. Vitamin D = D2+D3; Vitamin K = K1+K2. Vitamin B12 is not present in the supplied INDB workbook and is therefore left TBD rather than fabricated.,Medium,"Khaman is chickpea-flour based while many dhokla versions use fermented rice-lentil batter, so protein and carbs can differ. Confirm which one the base row represents before treating them as equivalent.","Section 6: boilerplate variant_review_notes replaced with dish-specific note | Section 4/5: ingredients compiled from standard/typical recipes (not from INDB); allergens derived programmatically from that ingredient list using the spec vocabulary (dairy/egg/gluten/nuts/groundnut/soy/fish/shellfish); vitamin_b12 is a category-level estimate from standard published B12 values for the dish's primary animal-protein/dairy component (not from INDB, which has no B12 column); price is a rough India-wide market estimate, not measured data.",Anuvaad Indian Nutrient Databank (INDB) 2024.11,Closest INDB analogue: Dhokla; INDB 2024.11 values are per 100 g and were converted to the CSV serving weight of 150 g. Range is a transparent prep-variability modeling band of ±15%; this range is not reported by INDB. Vitamin D = D2+D3; Vitamin K = K1+K2. Vitamin B12 is not present in the supplied INDB workbook and is therefore left TBD rather than fabricated.,Medium,USDA FoodData Central,"Category-level estimate: curd/yogurt or milk is the dish's primary (or only) dairy component. USDA values for plain curd/yogurt and whole milk (~0.4-0.6 mcg/100g), scaled to a typical dairy-content fraction of this serving. Not from INDB.",Medium,PENDING_AUDIT,PENDING_AUDIT,PENDING_AUDIT,Close recipe,Dhokla,"prep-variability modeling band (internally generated, not source-reported)",15.0,Reviewed — needs confirmation
FD030,Thepla,,,Breakfast & Tiffin,Paratha & Flatbread,1,piece,90,264.809,358.272,6.87,9.294,31.624,42.786,12.198,16.504,5.784,7.825,3.459,4.68,56.235,76.083,63.626,86.082,228.251,308.81,1.378,1.865,415.599,562.281,3.606,4.879,2.234,3.022,3.951,5.345,5.377,7.274,18.93,25.612,0.191,0.258,0.122,0.165,0.188,0.255,32.039,43.347,0.05,0.15,Vegetarian,"Dairy, Gluten","whole wheat flour, fenugreek leaves, curd, oil, spices",30,80,Anuvaad Indian Nutrient Databank (INDB) 2024.11,Closest INDB analogue: Methi thepla; INDB 2024.11 values are per 100 g and were converted to the CSV serving weight of 90 g. Range is a transparent prep-variability modeling band of ±15%; this range is not reported by INDB. Vitamin D = D2+D3; Vitamin K = K1+K2. Vitamin B12 is not present in the supplied INDB workbook and is therefore left TBD rather than fabricated.,Medium,,"Section 4/5: ingredients compiled from standard/typical recipes (not from INDB); allergens derived programmatically from that ingredient list using the spec vocabulary (dairy/egg/gluten/nuts/groundnut/soy/fish/shellfish); vitamin_b12 is a category-level estimate from standard published B12 values for the dish's primary animal-protein/dairy component (not from INDB, which has no B12 column); price is a rough India-wide market estimate, not measured data.",Anuvaad Indian Nutrient Databank (INDB) 2024.11,Closest INDB analogue: Methi thepla; INDB 2024.11 values are per 100 g and were converted to the CSV serving weight of 90 g. Range is a transparent prep-variability modeling band of ±15%; this range is not reported by INDB. Vitamin D = D2+D3; Vitamin K = K1+K2. Vitamin B12 is not present in the supplied INDB workbook and is therefore left TBD rather than fabricated.,Medium,USDA FoodData Central,"Category-level estimate: curd/yogurt or milk is the dish's primary (or only) dairy component. USDA values for plain curd/yogurt and whole milk (~0.4-0.6 mcg/100g), scaled to a typical dairy-content fraction of this serving. Not from INDB.",Medium,PENDING_AUDIT,PENDING_AUDIT,PENDING_AUDIT,Close recipe,Methi thepla,"prep-variability modeling band (internally generated, not source-reported)",15.0,No variants listed
FD031,Sabudana Vada,Sago Vada,,Breakfast & Tiffin,Vada & Fritters,2,pieces,60,382.442,517.421,0.517,0.7,3.641,4.926,40.71,55.078,0.318,0.43,0.195,0.264,2.563,3.468,5.295,7.164,48.195,65.205,0.076,0.102,36.357,49.189,0.0,0.0,1.625,2.199,0.141,0.19,19.791,26.776,3.226,4.365,0.014,0.019,0.003,0.005,0.012,0.016,2.614,3.537,0.0,0.0,Vegetarian,Groundnut,"tapioca pearls (sabudana), potato, peanuts, green chilli, oil",30,80,Anuvaad Indian Nutrient Databank (INDB) 2024.11,Closest INDB analogue: Peanut sago vada (Sabudana mungfali vada); INDB 2024.11 values are per 100 g and were converted to the CSV serving weight of 60 g. Range is a transparent prep-variability modeling band of ±15%; this range is not reported by INDB. Vitamin D = D2+D3; Vitamin K = K1+K2. Vitamin B12 is not present in the supplied INDB workbook and is therefore left TBD rather than fabricated.,Medium,,"Section 4/5: ingredients compiled from standard/typical recipes (not from INDB); allergens derived programmatically from that ingredient list using the spec vocabulary (dairy/egg/gluten/nuts/groundnut/soy/fish/shellfish); vitamin_b12 is a category-level estimate from standard published B12 values for the dish's primary animal-protein/dairy component (not from INDB, which has no B12 column); price is a rough India-wide market estimate, not measured data.",Anuvaad Indian Nutrient Databank (INDB) 2024.11,Closest INDB analogue: Peanut sago vada (Sabudana mungfali vada); INDB 2024.11 values are per 100 g and were converted to the CSV serving weight of 60 g. Range is a transparent prep-variability modeling band of ±15%; this range is not reported by INDB. Vitamin D = D2+D3; Vitamin K = K1+K2. Vitamin B12 is not present in the supplied INDB workbook and is therefore left TBD rather than fabricated.,Medium,N/A — no significant dietary B12 source,"Compiled ingredient list contains no meat, fish, egg, dairy solids, or fortified ingredient — only plant-based ingredients, and/or ghee/butter in amounts too small to contribute measurable B12 (B12 resides in milk solids/whey, not milk fat). Vitamin B12 is not naturally present in plant foods (USDA FoodData Central), so the value is retained at 0.0 rather than estimated.",High,PENDING_AUDIT,PENDING_AUDIT,PENDING_AUDIT,Close recipe,Peanut sago vada (Sabudana mungfali vada),"prep-variability modeling band (internally generated, not source-reported)",15.0,No variants listed
FD032,Bread Omelette,,,Breakfast & Tiffin,Egg Dishes,1,serving,100,245.17,299.652,8.698,10.63,0.58,0.709,23.166,28.314,0.104,0.128,1.215,1.485,43.562,53.242,9.196,11.24,102.669,125.485,0.809,0.989,203.563,248.8,124.615,152.308,0.19,0.232,0.609,0.745,9.339,11.414,10.804,13.205,0.041,0.05,0.13,0.159,0.105,0.129,31.773,38.834,0.35,0.6,Vegetarian,"Egg, Gluten","bread, egg, onion, green chilli, oil",34,92,Anuvaad Indian Nutrient Databank (INDB) 2024.11,Direct INDB equivalent: Plain omelette/omlet; INDB 2024.11 values are per 100 g and were converted to the CSV serving weight of 100 g. Range is a transparent prep-variability modeling band of ±10%; this range is not reported by INDB. Vitamin D = D2+D3; Vitamin K = K1+K2. Vitamin B12 is not present in the supplied INDB workbook and is therefore left TBD rather than fabricated.,High,,"Section 4/5: ingredients compiled from standard/typical recipes (not from INDB); allergens derived programmatically from that ingredient list using the spec vocabulary (dairy/egg/gluten/nuts/groundnut/soy/fish/shellfish); vitamin_b12 is a category-level estimate from standard published B12 values for the dish's primary animal-protein/dairy component (not from INDB, which has no B12 column); price is a rough India-wide market estimate, not measured data. | Allergen audit: bread added -> Gluten included",Anuvaad Indian Nutrient Databank (INDB) 2024.11,Direct INDB equivalent: Plain omelette/omlet; INDB 2024.11 values are per 100 g and were converted to the CSV serving weight of 100 g. Range is a transparent prep-variability modeling band of ±10%; this range is not reported by INDB. Vitamin D = D2+D3; Vitamin K = K1+K2. Vitamin B12 is not present in the supplied INDB workbook and is therefore left TBD rather than fabricated.,High,USDA FoodData Central,"Category-level estimate: egg is the dish's primary animal-protein component. USDA value for egg, whole, cooked (~0.5-0.6 mcg per 50g large egg, ~1.1 mcg/100g), scaled to a typical egg-content fraction of this serving. Not from INDB (INDB has no B12 column).",Medium,PENDING_AUDIT,PENDING_AUDIT,PENDING_AUDIT,Exact,Plain omelette/omlet,"prep-variability modeling band (internally generated, not source-reported)",10.0,No variants listed
FD033,Masala Omelette,,,Breakfast & Tiffin,Egg Dishes,1,serving,100,133.83,181.065,7.013,9.488,4.335,5.865,9.723,13.155,2.161,2.923,1.089,1.474,26.963,36.479,18.926,25.606,157.882,213.605,0.792,1.071,198.787,268.947,135.72,183.622,16.008,21.658,4.638,6.275,0.67,0.906,19.838,26.84,0.143,0.194,0.08,0.108,0.148,0.2,34.21,46.284,0.35,0.6,Vegetarian,Egg,"egg, onion, tomato, green chilli, oil",34,92,Anuvaad Indian Nutrient Databank (INDB) 2024.11,"Section 2 fix: Spanish omelette/omlet (100%); INDB 2024.11 values are per 100 g (commodity components use standard published composition) and were converted to the CSV serving weight of 100 g. Range is a transparent prep-variability modeling band of ±15%; this range is not reported by INDB. Vitamin D = D2+D3; Vitamin K = K1+K2. Vitamin B12 is not present in the supplied INDB workbook and is therefore left TBD rather than fabricated. Masala Omelette modeled on INDB Spanish omelette (onion/tomato/pepper egg dish, closest available match), replacing the prior masala dosa mismatch.",Medium,,"Section 2: re-derived from correct dish-level analogue (was: wrong-category/keyword-bug match per audit report). | Section 4/5: ingredients compiled from standard/typical recipes (not from INDB); allergens derived programmatically from that ingredient list using the spec vocabulary (dairy/egg/gluten/nuts/groundnut/soy/fish/shellfish); vitamin_b12 is a category-level estimate from standard published B12 values for the dish's primary animal-protein/dairy component (not from INDB, which has no B12 column); price is a rough India-wide market estimate, not measured data.",Anuvaad Indian Nutrient Databank (INDB) 2024.11,"Section 2 fix: Spanish omelette/omlet (100%); INDB 2024.11 values are per 100 g (commodity components use standard published composition) and were converted to the CSV serving weight of 100 g. Range is a transparent prep-variability modeling band of ±15%; this range is not reported by INDB. Vitamin D = D2+D3; Vitamin K = K1+K2. Vitamin B12 is not present in the supplied INDB workbook and is therefore left TBD rather than fabricated. Masala Omelette modeled on INDB Spanish omelette (onion/tomato/pepper egg dish, closest available match), replacing the prior masala dosa mismatch.",Medium,USDA FoodData Central,"Category-level estimate: egg is the dish's primary animal-protein component. USDA value for egg, whole, cooked (~0.5-0.6 mcg per 50g large egg, ~1.1 mcg/100g), scaled to a typical egg-content fraction of this serving. Not from INDB (INDB has no B12 column).",Medium,PENDING_AUDIT,PENDING_AUDIT,PENDING_AUDIT,Ingredient composition,Spanish omelette/omlet (100%),"prep-variability modeling band (internally generated, not source-reported)",15.0,No variants listed
FD034,Egg Bhurji,Anda Bhurji,,Breakfast & Tiffin,Egg Dishes,1,serving,100,132.575,179.367,8.747,11.834,1.149,1.554,10.381,14.044,0.201,0.272,1.206,1.632,54.904,74.282,10.548,14.271,115.612,156.416,0.82,1.109,318.458,430.855,166.746,225.597,0.366,0.495,0.666,0.901,1.054,1.427,10.268,13.892,0.042,0.057,0.139,0.189,0.106,0.144,31.358,42.425,0.35,0.6,Non-Vegetarian,Egg,"egg, onion, tomato, turmeric, oil",34,92,Anuvaad Indian Nutrient Databank (INDB) 2024.11,Closest INDB analogue: Scrambled egg (Ande ki bhurji); INDB 2024.11 values are per 100 g and were converted to the CSV serving weight of 100 g. Range is a transparent prep-variability modeling band of ±15%; this range is not reported by INDB. Vitamin D = D2+D3; Vitamin K = K1+K2. Vitamin B12 is not present in the supplied INDB workbook and is therefore left TBD rather than fabricated.,Medium,,"Section 4/5: ingredients compiled from standard/typical recipes (not from INDB); allergens derived programmatically from that ingredient list using the spec vocabulary (dairy/egg/gluten/nuts/groundnut/soy/fish/shellfish); vitamin_b12 is a category-level estimate from standard published B12 values for the dish's primary animal-protein/dairy component (not from INDB, which has no B12 column); price is a rough India-wide market estimate, not measured data.",Anuvaad Indian Nutrient Databank (INDB) 2024.11,Closest INDB analogue: Scrambled egg (Ande ki bhurji); INDB 2024.11 values are per 100 g and were converted to the CSV serving weight of 100 g. Range is a transparent prep-variability modeling band of ±15%; this range is not reported by INDB. Vitamin D = D2+D3; Vitamin K = K1+K2. Vitamin B12 is not present in the supplied INDB workbook and is therefore left TBD rather than fabricated.,Medium,USDA FoodData Central,"Category-level estimate: egg is the dish's primary animal-protein component. USDA value for egg, whole, cooked (~0.5-0.6 mcg per 50g large egg, ~1.1 mcg/100g), scaled to a typical egg-content fraction of this serving. Not from INDB (INDB has no B12 column).",Medium,PENDING_AUDIT,PENDING_AUDIT,PENDING_AUDIT,Close recipe,Scrambled egg (Ande ki bhurji),"prep-variability modeling band (internally generated, not source-reported)",15.0,No variants listed
FD035,Boiled Egg,,Half-Boiled Egg,Breakfast & Tiffin,Egg Dishes,1,serving,100,40.819,49.89,3.988,4.874,0.108,0.132,2.735,3.343,0.099,0.121,0.579,0.707,15.971,19.52,4.39,5.365,45.823,56.005,0.371,0.453,153.847,188.035,59.007,72.119,0.0,0.0,0.327,0.399,0.454,0.555,4.864,5.944,0.018,0.022,0.057,0.07,0.048,0.059,14.763,18.044,0.6,1.0,Non-Vegetarian,Egg,egg,34,92,Anuvaad Indian Nutrient Databank (INDB) 2024.11,Direct INDB equivalent: Boiled egg (Ubla anda); INDB 2024.11 values are per 100 g and were converted to the CSV serving weight of 100 g. Range is a transparent prep-variability modeling band of ±10%; this range is not reported by INDB. Vitamin D = D2+D3; Vitamin K = K1+K2. Vitamin B12 is not present in the supplied INDB workbook and is therefore left TBD rather than fabricated.,High,"Half-boiled egg is the same ingredient with a shorter cook time (softer yolk); no compositional difference from the fully boiled base, so no split needed.","Section 4/5: ingredients compiled from standard/typical recipes (not from INDB); allergens derived programmatically from that ingredient list using the spec vocabulary (dairy/egg/gluten/nuts/groundnut/soy/fish/shellfish); vitamin_b12 is a category-level estimate from standard published B12 values for the dish's primary animal-protein/dairy component (not from INDB, which has no B12 column); price is a rough India-wide market estimate, not measured data.",Anuvaad Indian Nutrient Databank (INDB) 2024.11,Direct INDB equivalent: Boiled egg (Ubla anda); INDB 2024.11 values are per 100 g and were converted to the CSV serving weight of 100 g. Range is a transparent prep-variability modeling band of ±10%; this range is not reported by INDB. Vitamin D = D2+D3; Vitamin K = K1+K2. Vitamin B12 is not present in the supplied INDB workbook and is therefore left TBD rather than fabricated.,High,USDA FoodData Central,"Category-level estimate: egg is the dish's primary animal-protein component. USDA value for egg, whole, cooked (~0.5-0.6 mcg per 50g large egg, ~1.1 mcg/100g), scaled to a typical egg-content fraction of this serving. Not from INDB (INDB has no B12 column).",Medium,PENDING_AUDIT,PENDING_AUDIT,PENDING_AUDIT,Exact,Boiled egg (Ubla anda),"prep-variability modeling band (internally generated, not source-reported)",10.0,"Reviewed — minor variant, no split needed"
FD036,Bread Toast with Jam,,,Breakfast & Tiffin,Tiffin Staples,1,serving,150,519.738,703.175,3.151,4.263,29.899,40.451,43.639,59.042,1.758,2.379,0.824,1.115,50.496,68.319,14.66,19.834,173.915,235.297,0.321,0.434,153.882,208.193,0.383,0.517,6.657,9.007,0.626,0.847,21.212,28.699,8.824,11.938,0.085,0.115,0.026,0.035,0.054,0.072,14.435,19.529,0.0,0.0,Vegetarian,"Dairy, Gluten","bread, butter, fruit jam",30,80,Anuvaad Indian Nutrient Databank (INDB) 2024.11,"Section 2 fix: Bread roll (85%) + jam (15%); INDB 2024.11 values are per 100 g (commodity components use standard published composition) and were converted to the CSV serving weight of 150 g. Range is a transparent prep-variability modeling band of ±15%; this range is not reported by INDB. Vitamin D = D2+D3; Vitamin K = K1+K2. Vitamin B12 is not present in the supplied INDB workbook and is therefore left TBD rather than fabricated. Bread Toast with Jam modeled as bread plus a jam component, replacing the prior savory bread-upma mismatch.",Medium,,"Section 2: re-derived from correct dish-level analogue (was: wrong-category/keyword-bug match per audit report). | Section 4/5: ingredients compiled from standard/typical recipes (not from INDB); allergens derived programmatically from that ingredient list using the spec vocabulary (dairy/egg/gluten/nuts/groundnut/soy/fish/shellfish); vitamin_b12 is a category-level estimate from standard published B12 values for the dish's primary animal-protein/dairy component (not from INDB, which has no B12 column); price is a rough India-wide market estimate, not measured data.",Anuvaad Indian Nutrient Databank (INDB) 2024.11,"Section 2 fix: Bread roll (85%) + jam (15%); INDB 2024.11 values are per 100 g (commodity components use standard published composition) and were converted to the CSV serving weight of 150 g. Range is a transparent prep-variability modeling band of ±15%; this range is not reported by INDB. Vitamin D = D2+D3; Vitamin K = K1+K2. Vitamin B12 is not present in the supplied INDB workbook and is therefore left TBD rather than fabricated. Bread Toast with Jam modeled as bread plus a jam component, replacing the prior savory bread-upma mismatch.",Medium,N/A — no significant dietary B12 source,"Compiled ingredient list contains no meat, fish, egg, dairy solids, or fortified ingredient — only plant-based ingredients, and/or ghee/butter in amounts too small to contribute measurable B12 (B12 resides in milk solids/whey, not milk fat). Vitamin B12 is not naturally present in plant foods (USDA FoodData Central), so the value is retained at 0.0 rather than estimated.",High,PENDING_AUDIT,PENDING_AUDIT,PENDING_AUDIT,Ingredient composition,Bread roll (85%) + jam (15%),"prep-variability modeling band (internally generated, not source-reported)",15.0,No variants listed
FD037,Vegetable Sandwich,,Bombay Sandwich,Breakfast & Tiffin,Sandwich,1,piece,120,249.148,337.082,4.563,6.174,23.665,32.018,15.706,21.25,2.398,3.245,0.933,1.262,81.118,109.748,17.034,23.046,145.965,197.481,0.425,0.575,349.55,472.92,80.271,108.602,19.265,26.064,1.828,2.473,2.716,3.675,9.562,12.937,0.115,0.156,0.058,0.079,0.085,0.115,25.468,34.456,0.0,0.0,Vegetarian,"Dairy, Gluten","bread, cucumber, tomato, onion, butter/mayonnaise",30,80,Anuvaad Indian Nutrient Databank (INDB) 2024.11,Closest INDB analogue: Vegetable and mayonnaise sandwich; INDB 2024.11 values are per 100 g and were converted to the CSV serving weight of 120 g. Range is a transparent prep-variability modeling band of ±15%; this range is not reported by INDB. Vitamin D = D2+D3; Vitamin K = K1+K2. Vitamin B12 is not present in the supplied INDB workbook and is therefore left TBD rather than fabricated.,Medium,"Bombay Sandwich adds a green chutney layer, extra vegetables (beetroot/potato) and is typically buttered and grilled — a real composition and fat difference from the base cucumber-tomato-onion sandwich. Consider splitting out.","Section 4/5: ingredients compiled from standard/typical recipes (not from INDB); allergens derived programmatically from that ingredient list using the spec vocabulary (dairy/egg/gluten/nuts/groundnut/soy/fish/shellfish); vitamin_b12 is a category-level estimate from standard published B12 values for the dish's primary animal-protein/dairy component (not from INDB, which has no B12 column); price is a rough India-wide market estimate, not measured data.",Anuvaad Indian Nutrient Databank (INDB) 2024.11,Closest INDB analogue: Vegetable and mayonnaise sandwich; INDB 2024.11 values are per 100 g and were converted to the CSV serving weight of 120 g. Range is a transparent prep-variability modeling band of ±15%; this range is not reported by INDB. Vitamin D = D2+D3; Vitamin K = K1+K2. Vitamin B12 is not present in the supplied INDB workbook and is therefore left TBD rather than fabricated.,Medium,N/A — no significant dietary B12 source,"Compiled ingredient list contains no meat, fish, egg, dairy solids, or fortified ingredient — only plant-based ingredients, and/or ghee/butter in amounts too small to contribute measurable B12 (B12 resides in milk solids/whey, not milk fat). Vitamin B12 is not naturally present in plant foods (USDA FoodData Central), so the value is retained at 0.0 rather than estimated.",High,PENDING_AUDIT,PENDING_AUDIT,PENDING_AUDIT,Close recipe,Vegetable and mayonnaise sandwich,"prep-variability modeling band (internally generated, not source-reported)",15.0,"Reviewed — distinct variant, split recommended"
FD038,Grilled Cheese Sandwich,,,Breakfast & Tiffin,Sandwich,1,piece,120,295.994,361.77,10.627,12.989,30.693,37.513,15.382,18.8,1.884,2.303,1.315,1.607,276.746,338.245,25.156,30.746,159.153,194.52,1.238,1.513,544.765,665.824,87.185,106.56,1.169,1.429,0.01,0.012,2.38,2.909,9.414,11.506,0.152,0.186,0.134,0.163,0.079,0.096,25.399,31.043,0.15,0.35,Vegetarian,"Dairy, Gluten","bread, cheese, butter",30,80,Anuvaad Indian Nutrient Databank (INDB) 2024.11,Direct INDB equivalent: Cheese open sandwich; INDB 2024.11 values are per 100 g and were converted to the CSV serving weight of 120 g. Range is a transparent prep-variability modeling band of ±10%; this range is not reported by INDB. Vitamin D = D2+D3; Vitamin K = K1+K2. Vitamin B12 is not present in the supplied INDB workbook and is therefore left TBD rather than fabricated.,High,,"Section 4/5: ingredients compiled from standard/typical recipes (not from INDB); allergens derived programmatically from that ingredient list using the spec vocabulary (dairy/egg/gluten/nuts/groundnut/soy/fish/shellfish); vitamin_b12 is a category-level estimate from standard published B12 values for the dish's primary animal-protein/dairy component (not from INDB, which has no B12 column); price is a rough India-wide market estimate, not measured data. | Allergen audit: bread added -> Gluten included",Anuvaad Indian Nutrient Databank (INDB) 2024.11,Direct INDB equivalent: Cheese open sandwich; INDB 2024.11 values are per 100 g and were converted to the CSV serving weight of 120 g. Range is a transparent prep-variability modeling band of ±10%; this range is not reported by INDB. Vitamin D = D2+D3; Vitamin K = K1+K2. Vitamin B12 is not present in the supplied INDB workbook and is therefore left TBD rather than fabricated.,High,USDA FoodData Central,"Category-level estimate: processed/cheddar-type cheese is the dish's primary dairy component. USDA value (~0.8-1.1 mcg/100g), scaled to a typical cheese-content fraction of this serving. Not from INDB.",Medium,PENDING_AUDIT,PENDING_AUDIT,PENDING_AUDIT,Exact,Cheese open sandwich,"prep-variability modeling band (internally generated, not source-reported)",10.0,No variants listed
FD039,Cornflakes with Milk,,,Breakfast & Tiffin,Tiffin Staples,1,serving,150,149.591,202.388,4.579,6.195,19.059,25.786,6.527,8.831,0.991,1.34,0.541,0.732,135.755,183.669,19.094,25.833,169.419,229.214,0.587,0.794,33.849,45.796,0.0,0.0,2.212,2.993,0.0,0.0,0.432,0.585,0.0,0.0,0.173,0.235,0.267,0.361,0.067,0.091,20.121,27.223,0.05,0.15,Vegetarian,Dairy,"cornflakes (maize), milk, sugar",30,80,Anuvaad Indian Nutrient Databank (INDB) 2024.11,Closest INDB analogue: Cornflakes with milk; INDB 2024.11 values are per 100 g and were converted to the CSV serving weight of 150 g. Range is a transparent prep-variability modeling band of ±15%; this range is not reported by INDB. Vitamin D = D2+D3; Vitamin K = K1+K2. Vitamin B12 is not present in the supplied INDB workbook and is therefore left TBD rather than fabricated.,Medium,,"Section 4/5: ingredients compiled from standard/typical recipes (not from INDB); allergens derived programmatically from that ingredient list using the spec vocabulary (dairy/egg/gluten/nuts/groundnut/soy/fish/shellfish); vitamin_b12 is a category-level estimate from standard published B12 values for the dish's primary animal-protein/dairy component (not from INDB, which has no B12 column); price is a rough India-wide market estimate, not measured data.",Anuvaad Indian Nutrient Databank (INDB) 2024.11,Closest INDB analogue: Cornflakes with milk; INDB 2024.11 values are per 100 g and were converted to the CSV serving weight of 150 g. Range is a transparent prep-variability modeling band of ±15%; this range is not reported by INDB. Vitamin D = D2+D3; Vitamin K = K1+K2. Vitamin B12 is not present in the supplied INDB workbook and is therefore left TBD rather than fabricated.,Medium,USDA FoodData Central,"Category-level estimate: curd/yogurt or milk is the dish's primary (or only) dairy component. USDA values for plain curd/yogurt and whole milk (~0.4-0.6 mcg/100g), scaled to a typical dairy-content fraction of this serving. Not from INDB.",Medium,PENDING_AUDIT,PENDING_AUDIT,PENDING_AUDIT,Close recipe,Cornflakes with milk,"prep-variability modeling band (internally generated, not source-reported)",15.0,No variants listed
FD040,Oats Porridge,Oatmeal,Masala Oats (savory),Breakfast & Tiffin,Tiffin Staples,1,serving,150,98.352,120.209,3.504,4.283,11.835,14.464,4.348,5.315,0.529,0.647,0.38,0.464,103.726,126.776,14.809,18.1,122.891,150.2,0.439,0.536,21.793,26.636,0.0,0.0,1.704,2.083,0.0,0.0,0.227,0.277,0.0,0.0,0.097,0.118,0.097,0.118,0.057,0.07,8.132,9.939,0.05,0.15,Vegetarian,Dairy,"oats, milk, sugar",30,80,Anuvaad Indian Nutrient Databank (INDB) 2024.11,Direct INDB equivalent: Oatmeal Porridge; INDB 2024.11 values are per 100 g and were converted to the CSV serving weight of 150 g. Range is a transparent prep-variability modeling band of ±10%; this range is not reported by INDB. Vitamin D = D2+D3; Vitamin K = K1+K2. Vitamin B12 is not present in the supplied INDB workbook and is therefore left TBD rather than fabricated.,High,"Masala Oats swaps the sweet milk-and-sugar preparation for a savory version cooked with vegetables and spices — a materially different recipe, not just a flavor tweak. Consider splitting out.","Section 4/5: ingredients compiled from standard/typical recipes (not from INDB); allergens derived programmatically from that ingredient list using the spec vocabulary (dairy/egg/gluten/nuts/groundnut/soy/fish/shellfish); vitamin_b12 is a category-level estimate from standard published B12 values for the dish's primary animal-protein/dairy component (not from INDB, which has no B12 column); price is a rough India-wide market estimate, not measured data.",Anuvaad Indian Nutrient Databank (INDB) 2024.11,Direct INDB equivalent: Oatmeal Porridge; INDB 2024.11 values are per 100 g and were converted to the CSV serving weight of 150 g. Range is a transparent prep-variability modeling band of ±10%; this range is not reported by INDB. Vitamin D = D2+D3; Vitamin K = K1+K2. Vitamin B12 is not present in the supplied INDB workbook and is therefore left TBD rather than fabricated.,High,USDA FoodData Central,"Category-level estimate: curd/yogurt or milk is the dish's primary (or only) dairy component. USDA values for plain curd/yogurt and whole milk (~0.4-0.6 mcg/100g), scaled to a typical dairy-content fraction of this serving. Not from INDB.",Medium,PENDING_AUDIT,PENDING_AUDIT,PENDING_AUDIT,Exact,Oatmeal Porridge,"prep-variability modeling band (internally generated, not source-reported)",10.0,"Reviewed — distinct variant, split recommended"
FD041,Kuzhi Paniyaram,"Paddu, Gunta Ponganalu",Sweet Kuzhi Paniyaram (jaggery-based),Breakfast & Tiffin,Vada & Fritters,2,pieces,60,182.835,274.252,4.961,7.442,30.758,46.137,4.047,6.07,2.51,3.765,0.719,1.079,9.29,13.935,26.609,39.914,165.308,247.962,0.669,1.003,68.63,102.945,42.961,64.441,0.0,0.0,0.842,1.264,0.13,0.195,1.66,2.49,0.078,0.117,0.032,0.048,0.096,0.144,12.168,18.252,0.0,0.0,Vegetarian,,"rice, urad dal, onion, oil",30,80,Anuvaad Indian Nutrient Databank (INDB) 2024.11,"Section 2 fix: Plain dosa (100%); INDB 2024.11 values are per 100 g (commodity components use standard published composition) and were converted to the CSV serving weight of 60 g. Range is a transparent prep-variability modeling band of ±20%; this range is not reported by INDB. Vitamin D = D2+D3; Vitamin K = K1+K2. Vitamin B12 is not present in the supplied INDB workbook and is therefore left TBD rather than fabricated. Kuzhi Paniyaram modeled on INDB Plain dosa (same fermented rice-lentil batter, oil-cooked), replacing the prior paneer-curry mismatch.",Medium,"The sweet version replaces the savory onion/oil batter with a jaggery-sweetened one — a real composition difference (added sugar, likely less onion/oil). Consider splitting out.","Section 2: re-derived from correct dish-level analogue (was: wrong-category/keyword-bug match per audit report). | Section 4/5: ingredients compiled from standard/typical recipes (not from INDB); allergens derived programmatically from that ingredient list using the spec vocabulary (dairy/egg/gluten/nuts/groundnut/soy/fish/shellfish); vitamin_b12 is a category-level estimate from standard published B12 values for the dish's primary animal-protein/dairy component (not from INDB, which has no B12 column); price is a rough India-wide market estimate, not measured data.",Anuvaad Indian Nutrient Databank (INDB) 2024.11,"Section 2 fix: Plain dosa (100%); INDB 2024.11 values are per 100 g (commodity components use standard published composition) and were converted to the CSV serving weight of 60 g. Range is a transparent prep-variability modeling band of ±20%; this range is not reported by INDB. Vitamin D = D2+D3; Vitamin K = K1+K2. Vitamin B12 is not present in the supplied INDB workbook and is therefore left TBD rather than fabricated. Kuzhi Paniyaram modeled on INDB Plain dosa (same fermented rice-lentil batter, oil-cooked), replacing the prior paneer-curry mismatch.",Medium,N/A — no significant dietary B12 source,"Compiled ingredient list contains no meat, fish, egg, dairy solids, or fortified ingredient — only plant-based ingredients, and/or ghee/butter in amounts too small to contribute measurable B12 (B12 resides in milk solids/whey, not milk fat). Vitamin B12 is not naturally present in plant foods (USDA FoodData Central), so the value is retained at 0.0 rather than estimated.",High,PENDING_AUDIT,PENDING_AUDIT,PENDING_AUDIT,Ingredient composition,Plain dosa (100%),"prep-variability modeling band (internally generated, not source-reported)",20.0,"Reviewed — distinct variant, split recommended"
FD042,Sattu Paratha,,,Breakfast & Tiffin,Paratha & Flatbread,1,piece,90,259.786,389.679,4.617,6.926,30.141,45.212,13.625,20.438,3.659,5.488,1.307,1.961,13.32,19.98,34.781,52.171,105.528,158.292,0.825,1.237,30.429,45.643,49.435,74.152,0.0,0.0,3.208,4.813,4.319,6.479,1.648,2.472,0.14,0.209,0.05,0.074,0.098,0.148,24.261,36.392,0.0,0.0,Vegetarian,Gluten,"whole wheat flour, roasted gram flour (sattu), mustard oil, spices",30,80,Anuvaad Indian Nutrient Databank (INDB) 2024.11,"Section 3 (duplicate-profile fix): Sattu Paratha modeled as a paratha base plus a roasted-gram-flour filling proxy (the ladoo entry includes sugar/ghee that plain sattu filling would not, so carbs here likely run a bit high), replacing the prior match identical to plain Lachha Paratha. Components: Plain parantha/paratha (65%) + Gram flour ladoo (Besan ladoo) (35%); INDB 2024.11 values are per 100 g and were converted to the CSV serving weight of 90 g. Range is a transparent prep-variability modeling band of ±20%; this range is not reported by INDB. Vitamin D = D2+D3; Vitamin K = K1+K2. Vitamin B12 is not present in the supplied INDB workbook and is therefore left TBD rather than fabricated.",Low,,"Section 3: differentiated from a previously identical duplicate-profile group per audit Section C. | Section 4/5: ingredients compiled from standard/typical recipes (not from INDB); allergens derived programmatically from that ingredient list using the spec vocabulary (dairy/egg/gluten/nuts/groundnut/soy/fish/shellfish); vitamin_b12 is a category-level estimate from standard published B12 values for the dish's primary animal-protein/dairy component (not from INDB, which has no B12 column); price is a rough India-wide market estimate, not measured data.",Anuvaad Indian Nutrient Databank (INDB) 2024.11,"Section 3 (duplicate-profile fix): Sattu Paratha modeled as a paratha base plus a roasted-gram-flour filling proxy (the ladoo entry includes sugar/ghee that plain sattu filling would not, so carbs here likely run a bit high), replacing the prior match identical to plain Lachha Paratha. Components: Plain parantha/paratha (65%) + Gram flour ladoo (Besan ladoo) (35%); INDB 2024.11 values are per 100 g and were converted to the CSV serving weight of 90 g. Range is a transparent prep-variability modeling band of ±20%; this range is not reported by INDB. Vitamin D = D2+D3; Vitamin K = K1+K2. Vitamin B12 is not present in the supplied INDB workbook and is therefore left TBD rather than fabricated.",Low,N/A — no significant dietary B12 source,"Compiled ingredient list contains no meat, fish, egg, dairy solids, or fortified ingredient — only plant-based ingredients, and/or ghee/butter in amounts too small to contribute measurable B12 (B12 resides in milk solids/whey, not milk fat). Vitamin B12 is not naturally present in plant foods (USDA FoodData Central), so the value is retained at 0.0 rather than estimated.",High,PENDING_AUDIT,PENDING_AUDIT,PENDING_AUDIT,Close recipe,Plain parantha/paratha (65%) + Gram flour ladoo (Besan ladoo) (35%),"prep-variability modeling band (internally generated, not source-reported)",20.0,No variants listed
FD043,Moong Dal Chilla,,Besan Chilla (gram-flour based),Breakfast & Tiffin,Paratha & Flatbread,1,piece,90,118.487,160.306,5.335,7.218,14.859,20.103,3.913,5.294,3.252,4.4,1.698,2.298,30.098,40.721,46.745,63.243,439.205,594.218,0.658,0.891,204.432,276.584,0.0,0.0,11.714,15.849,1.906,2.578,1.789,2.421,15.927,21.549,0.093,0.126,0.034,0.046,0.096,0.129,26.904,36.4,0.0,0.0,Vegetarian,,"moong dal, onion, green chilli, oil",30,80,Anuvaad Indian Nutrient Databank (INDB) 2024.11,Closest INDB analogue: Moong dal stuffed cheela/chilla (Moong dal ka cheela/chilla); INDB 2024.11 values are per 100 g and were converted to the CSV serving weight of 90 g. Range is a transparent prep-variability modeling band of ±15%; this range is not reported by INDB. Vitamin D = D2+D3; Vitamin K = K1+K2. Vitamin B12 is not present in the supplied INDB workbook and is therefore left TBD rather than fabricated.,Medium,"Besan Chilla uses gram flour (chana) as the base instead of moong dal — a different primary ingredient, likely with a different protein/carb profile. Consider splitting out.","Section 4/5: ingredients compiled from standard/typical recipes (not from INDB); allergens derived programmatically from that ingredient list using the spec vocabulary (dairy/egg/gluten/nuts/groundnut/soy/fish/shellfish); vitamin_b12 is a category-level estimate from standard published B12 values for the dish's primary animal-protein/dairy component (not from INDB, which has no B12 column); price is a rough India-wide market estimate, not measured data.",Anuvaad Indian Nutrient Databank (INDB) 2024.11,Closest INDB analogue: Moong dal stuffed cheela/chilla (Moong dal ka cheela/chilla); INDB 2024.11 values are per 100 g and were converted to the CSV serving weight of 90 g. Range is a transparent prep-variability modeling band of ±15%; this range is not reported by INDB. Vitamin D = D2+D3; Vitamin K = K1+K2. Vitamin B12 is not present in the supplied INDB workbook and is therefore left TBD rather than fabricated.,Medium,N/A — no significant dietary B12 source,"Compiled ingredient list contains no meat, fish, egg, dairy solids, or fortified ingredient — only plant-based ingredients, and/or ghee/butter in amounts too small to contribute measurable B12 (B12 resides in milk solids/whey, not milk fat). Vitamin B12 is not naturally present in plant foods (USDA FoodData Central), so the value is retained at 0.0 rather than estimated.",High,PENDING_AUDIT,PENDING_AUDIT,PENDING_AUDIT,Close recipe,Moong dal stuffed cheela/chilla (Moong dal ka cheela/chilla),"prep-variability modeling band (internally generated, not source-reported)",15.0,"Reviewed — distinct variant, split recommended"
FD044,Kadala Curry,Kadala Curry (Kerala Chana Curry),,Breakfast & Tiffin,Tiffin Staples,1,serving,150,201.133,245.829,8.186,10.006,24.141,29.505,7.586,9.272,6.166,7.536,2.987,3.651,49.674,60.713,92.631,113.215,627.937,767.479,1.414,1.729,479.802,586.424,0.0,0.0,17.034,20.82,7.534,9.208,3.738,4.569,23.653,28.909,0.155,0.19,0.057,0.07,0.209,0.256,97.696,119.406,0.0,0.0,Vegetarian,,"black chickpeas, coconut, onion, spices",30,80,Anuvaad Indian Nutrient Databank (INDB) 2024.11,Direct INDB equivalent: Lobia curry; INDB 2024.11 values are per 100 g and were converted to the CSV serving weight of 150 g. Range is a transparent prep-variability modeling band of ±10%; this range is not reported by INDB. Vitamin D = D2+D3; Vitamin K = K1+K2. Vitamin B12 is not present in the supplied INDB workbook and is therefore left TBD rather than fabricated.,High,,"Section 4/5: ingredients compiled from standard/typical recipes (not from INDB); allergens derived programmatically from that ingredient list using the spec vocabulary (dairy/egg/gluten/nuts/groundnut/soy/fish/shellfish); vitamin_b12 is a category-level estimate from standard published B12 values for the dish's primary animal-protein/dairy component (not from INDB, which has no B12 column); price is a rough India-wide market estimate, not measured data.",Anuvaad Indian Nutrient Databank (INDB) 2024.11,Direct INDB equivalent: Lobia curry; INDB 2024.11 values are per 100 g and were converted to the CSV serving weight of 150 g. Range is a transparent prep-variability modeling band of ±10%; this range is not reported by INDB. Vitamin D = D2+D3; Vitamin K = K1+K2. Vitamin B12 is not present in the supplied INDB workbook and is therefore left TBD rather than fabricated.,High,N/A — no significant dietary B12 source,"Compiled ingredient list contains no meat, fish, egg, dairy solids, or fortified ingredient — only plant-based ingredients, and/or ghee/butter in amounts too small to contribute measurable B12 (B12 resides in milk solids/whey, not milk fat). Vitamin B12 is not naturally present in plant foods (USDA FoodData Central), so the value is retained at 0.0 rather than estimated.",High,PENDING_AUDIT,PENDING_AUDIT,PENDING_AUDIT,Exact,Lobia curry,"prep-variability modeling band (internally generated, not source-reported)",10.0,No variants listed
FD045,Steamed Rice,"Plain Rice, Sadam, Choru",,Rice & Lunch Mains,Rice Varieties,1,cup (cooked),180,189.847,232.036,4.217,5.155,41.666,50.926,0.297,0.363,2.02,2.468,0.389,0.475,4.379,5.353,14.429,17.635,76.68,93.72,0.583,0.713,1.706,2.086,0.0,0.0,0.0,0.0,0.0,0.0,0.049,0.059,0.81,0.99,0.092,0.112,0.032,0.04,0.119,0.145,5.265,6.435,0.0,0.0,Vegetarian,,"rice, water",60,150,Anuvaad Indian Nutrient Databank (INDB) 2024.11,Direct INDB equivalent: Boiled rice (Uble chawal); INDB 2024.11 values are per 100 g and were converted to the CSV serving weight of 180 g. Range is a transparent prep-variability modeling band of ±10%; this range is not reported by INDB. Vitamin D = D2+D3; Vitamin K = K1+K2. Vitamin B12 is not present in the supplied INDB workbook and is therefore left TBD rather than fabricated.,High,,"Section 4/5: ingredients compiled from standard/typical recipes (not from INDB); allergens derived programmatically from that ingredient list using the spec vocabulary (dairy/egg/gluten/nuts/groundnut/soy/fish/shellfish); vitamin_b12 is a category-level estimate from standard published B12 values for the dish's primary animal-protein/dairy component (not from INDB, which has no B12 column); price is a rough India-wide market estimate, not measured data.",Anuvaad Indian Nutrient Databank (INDB) 2024.11,Direct INDB equivalent: Boiled rice (Uble chawal); INDB 2024.11 values are per 100 g and were converted to the CSV serving weight of 180 g. Range is a transparent prep-variability modeling band of ±10%; this range is not reported by INDB. Vitamin D = D2+D3; Vitamin K = K1+K2. Vitamin B12 is not present in the supplied INDB workbook and is therefore left TBD rather than fabricated.,High,N/A — no significant dietary B12 source,"Compiled ingredient list contains no meat, fish, egg, dairy solids, or fortified ingredient — only plant-based ingredients, and/or ghee/butter in amounts too small to contribute measurable B12 (B12 resides in milk solids/whey, not milk fat). Vitamin B12 is not naturally present in plant foods (USDA FoodData Central), so the value is retained at 0.0 rather than estimated.",High,PENDING_AUDIT,PENDING_AUDIT,PENDING_AUDIT,Exact,Boiled rice (Uble chawal),"prep-variability modeling band (internally generated, not source-reported)",10.0,No variants listed
FD046,Curd Rice,"Thayir Sadam, Dahi Chawal",,Rice & Lunch Mains,Rice Varieties,1,cup (cooked),180,299.478,405.176,8.802,11.909,50.384,68.166,6.604,8.935,3.265,4.417,0.904,1.223,155.319,210.137,37.144,50.253,324.02,438.38,1.13,1.529,326.334,441.511,12.139,16.423,3.609,4.883,2.419,3.273,1.621,2.193,12.101,16.371,0.153,0.207,0.223,0.301,0.211,0.285,19.986,27.04,0.05,0.15,Vegetarian,Dairy,"rice, curd, mustard seeds, curry leaves",60,150,Anuvaad Indian Nutrient Databank (INDB) 2024.11,Closest INDB analogue: Curd rice (Dahi bhaat/Dahi chawal/ Perugu annam/Daddojanam/Thayir saadam); INDB 2024.11 values are per 100 g and were converted to the CSV serving weight of 180 g. Range is a transparent prep-variability modeling band of ±15%; this range is not reported by INDB. Vitamin D = D2+D3; Vitamin K = K1+K2. Vitamin B12 is not present in the supplied INDB workbook and is therefore left TBD rather than fabricated.,Medium,,"Section 4/5: ingredients compiled from standard/typical recipes (not from INDB); allergens derived programmatically from that ingredient list using the spec vocabulary (dairy/egg/gluten/nuts/groundnut/soy/fish/shellfish); vitamin_b12 is a category-level estimate from standard published B12 values for the dish's primary animal-protein/dairy component (not from INDB, which has no B12 column); price is a rough India-wide market estimate, not measured data.",Anuvaad Indian Nutrient Databank (INDB) 2024.11,Closest INDB analogue: Curd rice (Dahi bhaat/Dahi chawal/ Perugu annam/Daddojanam/Thayir saadam); INDB 2024.11 values are per 100 g and were converted to the CSV serving weight of 180 g. Range is a transparent prep-variability modeling band of ±15%; this range is not reported by INDB. Vitamin D = D2+D3; Vitamin K = K1+K2. Vitamin B12 is not present in the supplied INDB workbook and is therefore left TBD rather than fabricated.,Medium,USDA FoodData Central,"Category-level estimate: curd/yogurt or milk is the dish's primary (or only) dairy component. USDA values for plain curd/yogurt and whole milk (~0.4-0.6 mcg/100g), scaled to a typical dairy-content fraction of this serving. Not from INDB.",Medium,PENDING_AUDIT,PENDING_AUDIT,PENDING_AUDIT,Close recipe,Curd rice (Dahi bhaat/Dahi chawal/ Perugu annam/Daddojanam/Thayir saadam),"prep-variability modeling band (internally generated, not source-reported)",15.0,No variants listed
FD047,Lemon Rice,"Elumichai Sadam, Chitranna",,Rice & Lunch Mains,Rice Varieties,1,cup (cooked),180,269.743,364.947,6.512,8.81,33.082,44.758,12.056,16.311,3.859,5.221,1.179,1.595,19.433,26.291,45.815,61.985,233.437,315.826,0.908,1.229,286.277,387.316,0.0,0.0,4.89,6.615,1.978,2.676,3.785,5.121,10.14,13.719,0.158,0.214,0.069,0.093,0.135,0.183,18.223,24.655,0.0,0.0,Vegetarian,Groundnut,"rice, lemon juice, peanuts, mustard seeds, curry leaves, turmeric, oil",60,150,Anuvaad Indian Nutrient Databank (INDB) 2024.11,"Closest INDB analogue: Lemon rice (Pulihora, Elumichai sadam, Chitranna); INDB 2024.11 values are per 100 g and were converted to the CSV serving weight of 180 g. Range is a transparent prep-variability modeling band of ±15%; this range is not reported by INDB. Vitamin D = D2+D3; Vitamin K = K1+K2. Vitamin B12 is not present in the supplied INDB workbook and is therefore left TBD rather than fabricated.",Medium,,"Section 4/5: ingredients compiled from standard/typical recipes (not from INDB); allergens derived programmatically from that ingredient list using the spec vocabulary (dairy/egg/gluten/nuts/groundnut/soy/fish/shellfish); vitamin_b12 is a category-level estimate from standard published B12 values for the dish's primary animal-protein/dairy component (not from INDB, which has no B12 column); price is a rough India-wide market estimate, not measured data.",Anuvaad Indian Nutrient Databank (INDB) 2024.11,"Closest INDB analogue: Lemon rice (Pulihora, Elumichai sadam, Chitranna); INDB 2024.11 values are per 100 g and were converted to the CSV serving weight of 180 g. Range is a transparent prep-variability modeling band of ±15%; this range is not reported by INDB. Vitamin D = D2+D3; Vitamin K = K1+K2. Vitamin B12 is not present in the supplied INDB workbook and is therefore left TBD rather than fabricated.",Medium,N/A — no significant dietary B12 source,"Compiled ingredient list contains no meat, fish, egg, dairy solids, or fortified ingredient — only plant-based ingredients, and/or ghee/butter in amounts too small to contribute measurable B12 (B12 resides in milk solids/whey, not milk fat). Vitamin B12 is not naturally present in plant foods (USDA FoodData Central), so the value is retained at 0.0 rather than estimated.",High,PENDING_AUDIT,PENDING_AUDIT,PENDING_AUDIT,Close recipe,"Lemon rice (Pulihora, Elumichai sadam, Chitranna)","prep-variability modeling band (internally generated, not source-reported)",15.0,No variants listed
FD048,Tamarind Rice (Puliyodarai),"Puli Sadam, Puliogare",,Rice & Lunch Mains,Rice Varieties,1,cup (cooked),180,604.323,738.616,12.074,14.757,105.432,128.861,13.823,16.895,8.291,10.133,4.682,5.722,82.52,100.858,94.476,115.471,597.911,730.78,1.836,2.244,263.11,321.579,46.738,57.125,1.071,1.309,11.425,13.964,3.185,3.893,21.559,26.35,0.339,0.415,0.13,0.159,0.337,0.412,29.173,35.656,0.0,0.0,Vegetarian,Groundnut,"rice, tamarind, sesame seeds, peanuts, spices, oil",60,150,Anuvaad Indian Nutrient Databank (INDB) 2024.11,Direct INDB equivalent: Tamarind rice (Chintapandu pulihora/Puliyodharai/Puli sadam/Huli anna); INDB 2024.11 values are per 100 g and were converted to the CSV serving weight of 180 g. Range is a transparent prep-variability modeling band of ±10%; this range is not reported by INDB. Vitamin D = D2+D3; Vitamin K = K1+K2. Vitamin B12 is not present in the supplied INDB workbook and is therefore left TBD rather than fabricated.,High,,"Section 4/5: ingredients compiled from standard/typical recipes (not from INDB); allergens derived programmatically from that ingredient list using the spec vocabulary (dairy/egg/gluten/nuts/groundnut/soy/fish/shellfish); vitamin_b12 is a category-level estimate from standard published B12 values for the dish's primary animal-protein/dairy component (not from INDB, which has no B12 column); price is a rough India-wide market estimate, not measured data.",Anuvaad Indian Nutrient Databank (INDB) 2024.11,Direct INDB equivalent: Tamarind rice (Chintapandu pulihora/Puliyodharai/Puli sadam/Huli anna); INDB 2024.11 values are per 100 g and were converted to the CSV serving weight of 180 g. Range is a transparent prep-variability modeling band of ±10%; this range is not reported by INDB. Vitamin D = D2+D3; Vitamin K = K1+K2. Vitamin B12 is not present in the supplied INDB workbook and is therefore left TBD rather than fabricated.,High,N/A — no significant dietary B12 source,"Compiled ingredient list contains no meat, fish, egg, dairy solids, or fortified ingredient — only plant-based ingredients, and/or ghee/butter in amounts too small to contribute measurable B12 (B12 resides in milk solids/whey, not milk fat). Vitamin B12 is not naturally present in plant foods (USDA FoodData Central), so the value is retained at 0.0 rather than estimated.",High,PENDING_AUDIT,PENDING_AUDIT,PENDING_AUDIT,Exact,Tamarind rice (Chintapandu pulihora/Puliyodharai/Puli sadam/Huli anna),"prep-variability modeling band (internally generated, not source-reported)",10.0,No variants listed
FD049,Coconut Rice,Thengai Sadam,,Rice & Lunch Mains,Rice Varieties,1,cup (cooked),180,213.435,288.765,4.21,5.695,35.352,47.829,5.976,8.085,3.167,4.285,0.599,0.81,7.119,9.632,17.336,23.454,114.543,154.97,0.563,0.761,99.661,134.835,0.0,0.0,3.744,5.066,0.079,0.107,0.797,1.079,3.561,4.818,0.083,0.112,0.037,0.051,0.114,0.154,8.518,11.524,0.0,0.0,Vegetarian,,"rice, grated coconut, mustard seeds, curry leaves, oil",60,150,Anuvaad Indian Nutrient Databank (INDB) 2024.11,"Section 2 fix: Boiled rice (Uble chawal) (85%) + Coconut chutney (Nariyal ki chutney) (15%); INDB 2024.11 values are per 100 g (commodity components use standard published composition) and were converted to the CSV serving weight of 180 g. Range is a transparent prep-variability modeling band of ±15%; this range is not reported by INDB. Vitamin D = D2+D3; Vitamin K = K1+K2. Vitamin B12 is not present in the supplied INDB workbook and is therefore left TBD rather than fabricated. Coconut Rice modeled as boiled rice plus a grated-coconut/oil component, replacing the prior coconut-finger (fried snack) mismatch.",Medium,,"Section 2: re-derived from correct dish-level analogue (was: wrong-category/keyword-bug match per audit report). | Section 4/5: ingredients compiled from standard/typical recipes (not from INDB); allergens derived programmatically from that ingredient list using the spec vocabulary (dairy/egg/gluten/nuts/groundnut/soy/fish/shellfish); vitamin_b12 is a category-level estimate from standard published B12 values for the dish's primary animal-protein/dairy component (not from INDB, which has no B12 column); price is a rough India-wide market estimate, not measured data.",Anuvaad Indian Nutrient Databank (INDB) 2024.11,"Section 2 fix: Boiled rice (Uble chawal) (85%) + Coconut chutney (Nariyal ki chutney) (15%); INDB 2024.11 values are per 100 g (commodity components use standard published composition) and were converted to the CSV serving weight of 180 g. Range is a transparent prep-variability modeling band of ±15%; this range is not reported by INDB. Vitamin D = D2+D3; Vitamin K = K1+K2. Vitamin B12 is not present in the supplied INDB workbook and is therefore left TBD rather than fabricated. Coconut Rice modeled as boiled rice plus a grated-coconut/oil component, replacing the prior coconut-finger (fried snack) mismatch.",Medium,N/A — no significant dietary B12 source,"Compiled ingredient list contains no meat, fish, egg, dairy solids, or fortified ingredient — only plant-based ingredients, and/or ghee/butter in amounts too small to contribute measurable B12 (B12 resides in milk solids/whey, not milk fat). Vitamin B12 is not naturally present in plant foods (USDA FoodData Central), so the value is retained at 0.0 rather than estimated.",High,PENDING_AUDIT,PENDING_AUDIT,PENDING_AUDIT,Ingredient composition,Boiled rice (Uble chawal) (85%) + Coconut chutney (Nariyal ki chutney) (15%),"prep-variability modeling band (internally generated, not source-reported)",15.0,No variants listed
FD050,Sambar Rice,Sambar Sadam,,Rice & Lunch Mains,Rice Varieties,1,cup (cooked),180,148.285,200.621,5.126,6.935,16.169,21.875,6.706,9.072,5.388,7.29,1.892,2.559,46.264,62.592,49.211,66.579,456.39,617.469,0.713,0.965,244.093,330.244,0.0,0.0,12.1,16.371,5.059,6.844,1.59,2.151,52.263,70.709,0.123,0.166,0.069,0.093,0.12,0.163,40.555,54.868,0.0,0.0,Vegetarian,,"rice, toor dal, tamarind, mixed vegetables, sambar powder",60,150,Anuvaad Indian Nutrient Databank (INDB) 2024.11,Closest INDB analogue: Sambar; INDB 2024.11 values are per 100 g and were converted to the CSV serving weight of 180 g. Range is a transparent prep-variability modeling band of ±15%; this range is not reported by INDB. Vitamin D = D2+D3; Vitamin K = K1+K2. Vitamin B12 is not present in the supplied INDB workbook and is therefore left TBD rather than fabricated.,Medium,,"Section 4/5: ingredients compiled from standard/typical recipes (not from INDB); allergens derived programmatically from that ingredient list using the spec vocabulary (dairy/egg/gluten/nuts/groundnut/soy/fish/shellfish); vitamin_b12 is a category-level estimate from standard published B12 values for the dish's primary animal-protein/dairy component (not from INDB, which has no B12 column); price is a rough India-wide market estimate, not measured data.",Anuvaad Indian Nutrient Databank (INDB) 2024.11,Closest INDB analogue: Sambar; INDB 2024.11 values are per 100 g and were converted to the CSV serving weight of 180 g. Range is a transparent prep-variability modeling band of ±15%; this range is not reported by INDB. Vitamin D = D2+D3; Vitamin K = K1+K2. Vitamin B12 is not present in the supplied INDB workbook and is therefore left TBD rather than fabricated.,Medium,N/A — no significant dietary B12 source,"Compiled ingredient list contains no meat, fish, egg, dairy solids, or fortified ingredient — only plant-based ingredients, and/or ghee/butter in amounts too small to contribute measurable B12 (B12 resides in milk solids/whey, not milk fat). Vitamin B12 is not naturally present in plant foods (USDA FoodData Central), so the value is retained at 0.0 rather than estimated.",High,PENDING_AUDIT,PENDING_AUDIT,PENDING_AUDIT,Close recipe,Sambar,"prep-variability modeling band (internally generated, not source-reported)",15.0,No variants listed
FD051,Bisibele Bath,"Bisi Bele Bath, Hulianna",,Rice & Lunch Mains,Rice Varieties,1,cup (cooked),180,219.043,296.353,8.584,11.614,29.946,40.515,6.925,9.368,3.754,5.08,1.667,2.255,153.824,208.115,64.078,86.694,588.847,796.675,1.127,1.525,296.138,400.657,69.894,94.563,10.868,14.704,0.689,0.932,0.602,0.815,98.617,133.423,0.168,0.228,0.22,0.298,0.201,0.272,69.636,94.213,0.0,0.0,Vegetarian,Dairy,"rice, toor dal, mixed vegetables, tamarind, bisibelebath powder, ghee",60,150,Anuvaad Indian Nutrient Databank (INDB) 2024.11,"Section 2 fix: Vegetable khichdi/khichri (100%); INDB 2024.11 values are per 100 g (commodity components use standard published composition) and were converted to the CSV serving weight of 180 g. Range is a transparent prep-variability modeling band of ±15%; this range is not reported by INDB. Vitamin D = D2+D3; Vitamin K = K1+K2. Vitamin B12 is not present in the supplied INDB workbook and is therefore left TBD rather than fabricated. Bisibele Bath modeled directly on INDB vegetable khichdi (same savory rice-lentil-vegetable dish family), replacing the prior sweet-semolina-dessert mismatch.",Medium,,"Section 2: re-derived from correct dish-level analogue (was: wrong-category/keyword-bug match per audit report). | Section 4/5: ingredients compiled from standard/typical recipes (not from INDB); allergens derived programmatically from that ingredient list using the spec vocabulary (dairy/egg/gluten/nuts/groundnut/soy/fish/shellfish); vitamin_b12 is a category-level estimate from standard published B12 values for the dish's primary animal-protein/dairy component (not from INDB, which has no B12 column); price is a rough India-wide market estimate, not measured data.",Anuvaad Indian Nutrient Databank (INDB) 2024.11,"Section 2 fix: Vegetable khichdi/khichri (100%); INDB 2024.11 values are per 100 g (commodity components use standard published composition) and were converted to the CSV serving weight of 180 g. Range is a transparent prep-variability modeling band of ±15%; this range is not reported by INDB. Vitamin D = D2+D3; Vitamin K = K1+K2. Vitamin B12 is not present in the supplied INDB workbook and is therefore left TBD rather than fabricated. Bisibele Bath modeled directly on INDB vegetable khichdi (same savory rice-lentil-vegetable dish family), replacing the prior sweet-semolina-dessert mismatch.",Medium,N/A — no significant dietary B12 source,"Compiled ingredient list contains no meat, fish, egg, dairy solids, or fortified ingredient — only plant-based ingredients, and/or ghee/butter in amounts too small to contribute measurable B12 (B12 resides in milk solids/whey, not milk fat). Vitamin B12 is not naturally present in plant foods (USDA FoodData Central), so the value is retained at 0.0 rather than estimated.",High,PENDING_AUDIT,PENDING_AUDIT,PENDING_AUDIT,Ingredient composition,Vegetable khichdi/khichri (100%),"prep-variability modeling band (internally generated, not source-reported)",15.0,No variants listed
FD052,Jeera Rice,,,Rice & Lunch Mains,Rice Varieties,1,cup (cooked),180,219.091,267.778,4.005,4.895,38.249,46.749,5.178,6.329,2.267,2.771,0.527,0.644,11.753,14.364,18.283,22.346,100.611,122.969,0.586,0.716,355.968,435.072,0.0,0.0,0.849,1.038,0.16,0.195,2.416,2.953,2.434,2.975,0.089,0.109,0.031,0.038,0.12,0.146,8.297,10.141,0.0,0.0,Vegetarian,Dairy,"rice, cumin seeds, ghee",60,150,Anuvaad Indian Nutrient Databank (INDB) 2024.11,Direct INDB equivalent: Cumin pulao (Jeera/Zeera pulao); INDB 2024.11 values are per 100 g and were converted to the CSV serving weight of 180 g. Range is a transparent prep-variability modeling band of ±10%; this range is not reported by INDB. Vitamin D = D2+D3; Vitamin K = K1+K2. Vitamin B12 is not present in the supplied INDB workbook and is therefore left TBD rather than fabricated.,High,,"Section 4/5: ingredients compiled from standard/typical recipes (not from INDB); allergens derived programmatically from that ingredient list using the spec vocabulary (dairy/egg/gluten/nuts/groundnut/soy/fish/shellfish); vitamin_b12 is a category-level estimate from standard published B12 values for the dish's primary animal-protein/dairy component (not from INDB, which has no B12 column); price is a rough India-wide market estimate, not measured data.",Anuvaad Indian Nutrient Databank (INDB) 2024.11,Direct INDB equivalent: Cumin pulao (Jeera/Zeera pulao); INDB 2024.11 values are per 100 g and were converted to the CSV serving weight of 180 g. Range is a transparent prep-variability modeling band of ±10%; this range is not reported by INDB. Vitamin D = D2+D3; Vitamin K = K1+K2. Vitamin B12 is not present in the supplied INDB workbook and is therefore left TBD rather than fabricated.,High,N/A — no significant dietary B12 source,"Compiled ingredient list contains no meat, fish, egg, dairy solids, or fortified ingredient — only plant-based ingredients, and/or ghee/butter in amounts too small to contribute measurable B12 (B12 resides in milk solids/whey, not milk fat). Vitamin B12 is not naturally present in plant foods (USDA FoodData Central), so the value is retained at 0.0 rather than estimated.",High,PENDING_AUDIT,PENDING_AUDIT,PENDING_AUDIT,Exact,Cumin pulao (Jeera/Zeera pulao),"prep-variability modeling band (internally generated, not source-reported)",10.0,No variants listed
FD053,Ghee Rice,"Neychoru, Ghee Bhaat",,Rice & Lunch Mains,Rice Varieties,1,cup (cooked),180,289.425,391.575,3.661,4.953,34.64,46.866,15.137,20.479,1.679,2.271,0.327,0.442,8.046,10.886,12.359,16.721,68.136,92.184,0.501,0.678,3.438,4.651,125.582,169.906,0.0,0.0,0.275,0.373,0.466,0.631,1.958,2.65,0.077,0.104,0.033,0.045,0.099,0.134,4.927,6.665,0.0,0.0,Vegetarian,"Dairy, Nuts","rice, ghee, whole spices, cashew",84,210,Anuvaad Indian Nutrient Databank (INDB) 2024.11,"Section 3 (duplicate-profile fix): Ghee Rice modeled as rice plus a ghee allowance, giving it more fat than Bagara Rice as expected. Components: Boiled rice (Uble chawal) (88%) + butter (12%); INDB 2024.11 values are per 100 g and were converted to the CSV serving weight of 180 g. Range is a transparent prep-variability modeling band of ±15%; this range is not reported by INDB. Vitamin D = D2+D3; Vitamin K = K1+K2. Vitamin B12 is not present in the supplied INDB workbook and is therefore left TBD rather than fabricated.",Medium,,"Section 3: differentiated from a previously identical duplicate-profile group per audit Section C. | Section 4/5: ingredients compiled from standard/typical recipes (not from INDB); allergens derived programmatically from that ingredient list using the spec vocabulary (dairy/egg/gluten/nuts/groundnut/soy/fish/shellfish); vitamin_b12 is a category-level estimate from standard published B12 values for the dish's primary animal-protein/dairy component (not from INDB, which has no B12 column); price is a rough India-wide market estimate, not measured data. | Allergen audit: ghee added -> Dairy included",Anuvaad Indian Nutrient Databank (INDB) 2024.11,"Section 3 (duplicate-profile fix): Ghee Rice modeled as rice plus a ghee allowance, giving it more fat than Bagara Rice as expected. Components: Boiled rice (Uble chawal) (88%) + butter (12%); INDB 2024.11 values are per 100 g and were converted to the CSV serving weight of 180 g. Range is a transparent prep-variability modeling band of ±15%; this range is not reported by INDB. Vitamin D = D2+D3; Vitamin K = K1+K2. Vitamin B12 is not present in the supplied INDB workbook and is therefore left TBD rather than fabricated.",Medium,N/A — no significant dietary B12 source,"Compiled ingredient list contains no meat, fish, egg, dairy solids, or fortified ingredient — only plant-based ingredients, and/or ghee/butter in amounts too small to contribute measurable B12 (B12 resides in milk solids/whey, not milk fat). Vitamin B12 is not naturally present in plant foods (USDA FoodData Central), so the value is retained at 0.0 rather than estimated.",High,PENDING_AUDIT,PENDING_AUDIT,PENDING_AUDIT,Close recipe,Boiled rice (Uble chawal) (88%) + butter (12%),"prep-variability modeling band (internally generated, not source-reported)",15.0,No variants listed
FD054,Vegetable Pulao,Veg Pulav,Peas Pulao,Rice & Lunch Mains,Biryani & Pulao,1,plate,280,269.058,364.019,6.48,8.767,41.626,56.318,7.92,10.715,6.348,8.589,1.433,1.939,46.668,63.139,41.9,56.688,318.491,430.899,1.035,1.4,447.249,605.102,0.0,0.0,14.196,19.206,4.646,6.286,3.798,5.138,22.803,30.851,0.18,0.244,0.056,0.075,0.278,0.377,43.771,59.22,0.0,0.0,Vegetarian,Dairy,"rice, mixed vegetables, whole spices, ghee",60,150,Anuvaad Indian Nutrient Databank (INDB) 2024.11,Closest INDB analogue: Mixed vegetable pulao; INDB 2024.11 values are per 100 g and were converted to the CSV serving weight of 280 g. Range is a transparent prep-variability modeling band of ±15%; this range is not reported by INDB. Vitamin D = D2+D3; Vitamin K = K1+K2. Vitamin B12 is not present in the supplied INDB workbook and is therefore left TBD rather than fabricated.,Medium,"Peas Pulao is a simpler version using only green peas instead of the base row's mixed vegetables; close enough in composition (rice + ghee + one vegetable) that a split is not essential, though fiber/vitamin content will be modestly lower than the mixed-vegetable base.","Section 4/5: ingredients compiled from standard/typical recipes (not from INDB); allergens derived programmatically from that ingredient list using the spec vocabulary (dairy/egg/gluten/nuts/groundnut/soy/fish/shellfish); vitamin_b12 is a category-level estimate from standard published B12 values for the dish's primary animal-protein/dairy component (not from INDB, which has no B12 column); price is a rough India-wide market estimate, not measured data.",Anuvaad Indian Nutrient Databank (INDB) 2024.11,Closest INDB analogue: Mixed vegetable pulao; INDB 2024.11 values are per 100 g and were converted to the CSV serving weight of 280 g. Range is a transparent prep-variability modeling band of ±15%; this range is not reported by INDB. Vitamin D = D2+D3; Vitamin K = K1+K2. Vitamin B12 is not present in the supplied INDB workbook and is therefore left TBD rather than fabricated.,Medium,N/A — no significant dietary B12 source,"Compiled ingredient list contains no meat, fish, egg, dairy solids, or fortified ingredient — only plant-based ingredients, and/or ghee/butter in amounts too small to contribute measurable B12 (B12 resides in milk solids/whey, not milk fat). Vitamin B12 is not naturally present in plant foods (USDA FoodData Central), so the value is retained at 0.0 rather than estimated.",High,PENDING_AUDIT,PENDING_AUDIT,PENDING_AUDIT,Close recipe,Mixed vegetable pulao,"prep-variability modeling band (internally generated, not source-reported)",15.0,"Reviewed — minor variant, no split needed"
FD055,Kashmiri Pulao,Kashmiri Pulav,,Rice & Lunch Mains,Biryani & Pulao,1,plate,280,444.32,666.48,8.174,12.262,54.576,81.864,21.653,32.479,3.219,4.829,1.139,1.709,39.872,59.808,66.912,100.368,274.0,411.0,1.658,2.486,19.4,21.6,74.16,111.24,6.0,9.0,0.0,0.0,3.976,5.964,2.698,4.046,0.138,0.207,0.086,0.129,0.191,0.287,24.432,36.648,0.0,0.0,Vegetarian,Dairy,"rice, mixed dry fruits, fresh fruit, ghee, whole spices",60,150,"Composite (FatSecret + published recipe nutrition analyses), cross-checked against IFCT/USDA ingredient-level values","Section 1 fix (Masala keyword-bug correction): re-derived from a real Kashmiri pulao composition, built from cooked basmati rice + ghee + mixed dry fruit/nuts + fresh fruit at ~68%/4%/11%/17% of serving weight; range reflects real recipe variation found across 6 published Kashmiri pulao recipes (147-520 kcal/100g depending on richness), converted to the CSV serving weight of 280 g. Range reflects a transparent prep-variability band (not a single lab figure). Vitamin D = D2+D3; Vitamin K = K1+K2. Replaces the prior value, which had been matched to a spice-blend (garam/chat masala) INDB entry instead of the actual dish.",Medium,,"Section 1: re-derived from correct dish-level analogue (was matched to spice-blend entry, producing implausible iron) | Section 4/5: ingredients compiled from standard/typical recipes (not from INDB); allergens derived programmatically from that ingredient list using the spec vocabulary (dairy/egg/gluten/nuts/groundnut/soy/fish/shellfish); vitamin_b12 is a category-level estimate from standard published B12 values for the dish's primary animal-protein/dairy component (not from INDB, which has no B12 column); price is a rough India-wide market estimate, not measured data.","Composite (FatSecret + published recipe nutrition analyses), cross-checked against IFCT/USDA ingredient-level values","Section 1 fix (Masala keyword-bug correction): re-derived from a real Kashmiri pulao composition, built from cooked basmati rice + ghee + mixed dry fruit/nuts + fresh fruit at ~68%/4%/11%/17% of serving weight; range reflects real recipe variation found across 6 published Kashmiri pulao recipes (147-520 kcal/100g depending on richness), converted to the CSV serving weight of 280 g. Range reflects a transparent prep-variability band (not a single lab figure). Vitamin D = D2+D3; Vitamin K = K1+K2. Replaces the prior value, which had been matched to a spice-blend (garam/chat masala) INDB entry instead of the actual dish.",Medium,N/A — no significant dietary B12 source,"Compiled ingredient list contains no meat, fish, egg, dairy solids, or fortified ingredient — only plant-based ingredients, and/or ghee/butter in amounts too small to contribute measurable B12 (B12 resides in milk solids/whey, not milk fat). Vitamin B12 is not naturally present in plant foods (USDA FoodData Central), so the value is retained at 0.0 rather than estimated.",High,PENDING_AUDIT,PENDING_AUDIT,PENDING_AUDIT,Ingredient composition,"Composite (FatSecret + published recipe nutrition analyses), cross-checked again",not specified,,No variants listed
FD056,Vegetable Biryani,Veg Dum Biryani,Hyderabadi Vegetable Biryani,Rice & Lunch Mains,Biryani & Pulao,1,plate,280,415.56,562.229,7.522,10.177,44.166,59.754,22.629,30.616,7.874,10.653,2.057,2.783,79.766,107.919,58.005,78.477,577.161,780.865,1.198,1.62,437.421,591.804,1.657,2.242,31.057,42.018,6.746,9.126,10.753,14.549,30.713,41.553,0.195,0.264,0.102,0.138,0.367,0.496,61.193,82.79,0.05,0.15,Vegetarian,Dairy,"rice, mixed vegetables, curd, biryani masala, oil/ghee",60,150,Anuvaad Indian Nutrient Databank (INDB) 2024.11,Closest INDB analogue: Vegetable biryani/biriyani; INDB 2024.11 values are per 100 g and were converted to the CSV serving weight of 280 g. Range is a transparent prep-variability modeling band of ±15%; this range is not reported by INDB. Vitamin D = D2+D3; Vitamin K = K1+K2. Vitamin B12 is not present in the supplied INDB workbook and is therefore left TBD rather than fabricated.,Medium,Hyderabadi-style biryani typically uses more oil/ghee and fried onions in a dum-cooked process versus a standard vegetable biryani; likely higher fat and calories. Consider splitting out.,"Section 4/5: ingredients compiled from standard/typical recipes (not from INDB); allergens derived programmatically from that ingredient list using the spec vocabulary (dairy/egg/gluten/nuts/groundnut/soy/fish/shellfish); vitamin_b12 is a category-level estimate from standard published B12 values for the dish's primary animal-protein/dairy component (not from INDB, which has no B12 column); price is a rough India-wide market estimate, not measured data.",Anuvaad Indian Nutrient Databank (INDB) 2024.11,Closest INDB analogue: Vegetable biryani/biriyani; INDB 2024.11 values are per 100 g and were converted to the CSV serving weight of 280 g. Range is a transparent prep-variability modeling band of ±15%; this range is not reported by INDB. Vitamin D = D2+D3; Vitamin K = K1+K2. Vitamin B12 is not present in the supplied INDB workbook and is therefore left TBD rather than fabricated.,Medium,USDA FoodData Central,"Category-level estimate: curd/yogurt or milk is the dish's primary (or only) dairy component. USDA values for plain curd/yogurt and whole milk (~0.4-0.6 mcg/100g), scaled to a typical dairy-content fraction of this serving. Not from INDB.",Medium,PENDING_AUDIT,PENDING_AUDIT,PENDING_AUDIT,Close recipe,Vegetable biryani/biriyani,"prep-variability modeling band (internally generated, not source-reported)",15.0,"Reviewed — distinct variant, split recommended"
FD057,Chicken Biryani,Chicken Dum Biryani,Hyderabadi Chicken Biryani,Rice & Lunch Mains,Biryani & Pulao,1,plate,280,256.56,384.84,17.452,26.178,19.781,29.672,18.377,27.565,3.512,5.268,2.122,3.182,68.899,103.349,53.592,80.389,438.175,657.262,1.182,1.773,4923.141,7384.711,21.813,32.719,5.601,8.401,3.003,4.505,2.775,4.162,18.14,27.21,0.124,0.186,0.088,0.132,0.362,0.543,19.571,29.356,0.15,0.3,Non-Vegetarian,Dairy,"rice, chicken, curd, onion, biryani masala, ghee",84,210,Anuvaad Indian Nutrient Databank (INDB) 2024.11,"Section 2 fix: Chicken pulao (70%) + Chicken curry (30%); INDB 2024.11 values are per 100 g (commodity components use standard published composition) and were converted to the CSV serving weight of 280 g. Range is a transparent prep-variability modeling band of ±20%; this range is not reported by INDB. Vitamin D = D2+D3; Vitamin K = K1+K2. Vitamin B12 is not present in the supplied INDB workbook and is therefore left TBD rather than fabricated. Chicken Biryani modeled as a chicken-rice base plus extra chicken-masala/gravy component (no chicken biryani entry exists in the workbook), replacing the prior chicken-broth mismatch.",Medium,"Hyderabadi dum biryani typically uses more ghee/oil and fried onion than a standard chicken biryani, likely higher fat and calories. Consider splitting out.","Section 6: boilerplate variant_review_notes replaced with dish-specific note | Section 2: re-derived from correct dish-level analogue (was: wrong-category/keyword-bug match per audit report). | Section 4/5: ingredients compiled from standard/typical recipes (not from INDB); allergens derived programmatically from that ingredient list using the spec vocabulary (dairy/egg/gluten/nuts/groundnut/soy/fish/shellfish); vitamin_b12 is a category-level estimate from standard published B12 values for the dish's primary animal-protein/dairy component (not from INDB, which has no B12 column); price is a rough India-wide market estimate, not measured data. | QC flag (this audit pass): one blend component, INDB ""Chicken pulao,"" is itself internally inconsistent (stated calories ~34% below what its own protein/carb/fat grams imply) -- a limitation in the source data, not a blending error. Value kept as-is (genuine INDB citation) rather than silently adjusted; flagged for manual source review.",Anuvaad Indian Nutrient Databank (INDB) 2024.11,"Section 2 fix: Chicken pulao (70%) + Chicken curry (30%); INDB 2024.11 values are per 100 g (commodity components use standard published composition) and were converted to the CSV serving weight of 280 g. Range is a transparent prep-variability modeling band of ±20%; this range is not reported by INDB. Vitamin D = D2+D3; Vitamin K = K1+K2. Vitamin B12 is not present in the supplied INDB workbook and is therefore left TBD rather than fabricated. Chicken Biryani modeled as a chicken-rice base plus extra chicken-masala/gravy component (no chicken biryani entry exists in the workbook), replacing the prior chicken-broth mismatch.",Medium,USDA FoodData Central,"Category-level estimate: chicken is the dish's primary animal-protein component. USDA value for chicken, roasted meat (~0.3 mcg/100g), scaled to a typical chicken-content fraction of this serving. Not from INDB.",Medium,PENDING_AUDIT,PENDING_AUDIT,PENDING_AUDIT,Ingredient composition,Chicken pulao (70%) + Chicken curry (30%),"prep-variability modeling band (internally generated, not source-reported)",20.0,"Reviewed — distinct variant, split recommended"
FD058,Mutton Biryani,,Lucknowi Mutton Biryani,Rice & Lunch Mains,Biryani & Pulao,1,plate,280,454.016,614.257,17.556,23.752,53.538,72.434,18.384,24.873,5.748,7.777,3.081,4.168,163.224,220.833,45.509,61.571,504.682,682.805,1.098,1.485,625.089,845.709,2.405,3.254,11.772,15.927,4.838,6.546,4.73,6.4,16.511,22.338,0.258,0.348,0.174,0.235,0.256,0.346,34.438,46.592,1.0,2.0,Non-Vegetarian,Dairy,"rice, mutton, curd, onion, biryani masala, ghee",108,270,Anuvaad Indian Nutrient Databank (INDB) 2024.11,Closest INDB analogue: Mutton biryani/biriyani; INDB 2024.11 values are per 100 g and were converted to the CSV serving weight of 280 g. Range is a transparent prep-variability modeling band of ±15%; this range is not reported by INDB. Vitamin D = D2+D3; Vitamin K = K1+K2. Vitamin B12 is not present in the supplied INDB workbook and is therefore left TBD rather than fabricated.,Medium,Lucknowi (Awadhi) biryani is typically yakhni-based with lighter spicing and less oil than a standard mutton biryani; likely a meaningful fat/calorie difference. Consider splitting out.,"Section 4/5: ingredients compiled from standard/typical recipes (not from INDB); allergens derived programmatically from that ingredient list using the spec vocabulary (dairy/egg/gluten/nuts/groundnut/soy/fish/shellfish); vitamin_b12 is a category-level estimate from standard published B12 values for the dish's primary animal-protein/dairy component (not from INDB, which has no B12 column); price is a rough India-wide market estimate, not measured data.",Anuvaad Indian Nutrient Databank (INDB) 2024.11,Closest INDB analogue: Mutton biryani/biriyani; INDB 2024.11 values are per 100 g and were converted to the CSV serving weight of 280 g. Range is a transparent prep-variability modeling band of ±15%; this range is not reported by INDB. Vitamin D = D2+D3; Vitamin K = K1+K2. Vitamin B12 is not present in the supplied INDB workbook and is therefore left TBD rather than fabricated.,Medium,USDA FoodData Central,"Category-level estimate: mutton/lamb is the dish's primary animal-protein component. USDA value for lamb/mutton, cooked, lean (~2.5-2.6 mcg/100g), scaled to a typical meat-content fraction of this serving. Not from INDB.",Medium,PENDING_AUDIT,PENDING_AUDIT,PENDING_AUDIT,Close recipe,Mutton biryani/biriyani,"prep-variability modeling band (internally generated, not source-reported)",15.0,"Reviewed — distinct variant, split recommended"
FD059,Egg Biryani,,,Rice & Lunch Mains,Biryani & Pulao,1,plate,280,365.542,548.313,8.075,12.113,35.062,52.592,20.985,31.477,6.866,10.3,2.23,3.344,78.693,118.04,53.405,80.108,523.511,785.267,1.185,1.777,393.022,589.534,30.51,45.764,29.008,43.512,7.156,10.733,9.54,14.311,31.86,47.79,0.17,0.255,0.114,0.171,0.331,0.497,59.294,88.941,0.15,0.3,Non-Vegetarian,"Dairy, Egg","rice, boiled egg, onion, biryani masala, ghee",69,172,Anuvaad Indian Nutrient Databank (INDB) 2024.11,"Section 2 fix: Vegetable biryani/biriyani (80%) + Egg curry (Anda curry) (20%); INDB 2024.11 values are per 100 g (commodity components use standard published composition) and were converted to the CSV serving weight of 280 g. Range is a transparent prep-variability modeling band of ±20%; this range is not reported by INDB. Vitamin D = D2+D3; Vitamin K = K1+K2. Vitamin B12 is not present in the supplied INDB workbook and is therefore left TBD rather than fabricated. Egg Biryani modeled as a rice-biryani base plus an egg component, replacing the prior mutton-biryani mismatch (previously identical to FD060/FD084).",Medium,,"Section 2: re-derived from correct dish-level analogue (was: wrong-category/keyword-bug match per audit report). | Section 4/5: ingredients compiled from standard/typical recipes (not from INDB); allergens derived programmatically from that ingredient list using the spec vocabulary (dairy/egg/gluten/nuts/groundnut/soy/fish/shellfish); vitamin_b12 is a category-level estimate from standard published B12 values for the dish's primary animal-protein/dairy component (not from INDB, which has no B12 column); price is a rough India-wide market estimate, not measured data. | Allergen audit: ghee added -> Dairy included",Anuvaad Indian Nutrient Databank (INDB) 2024.11,"Section 2 fix: Vegetable biryani/biriyani (80%) + Egg curry (Anda curry) (20%); INDB 2024.11 values are per 100 g (commodity components use standard published composition) and were converted to the CSV serving weight of 280 g. Range is a transparent prep-variability modeling band of ±20%; this range is not reported by INDB. Vitamin D = D2+D3; Vitamin K = K1+K2. Vitamin B12 is not present in the supplied INDB workbook and is therefore left TBD rather than fabricated. Egg Biryani modeled as a rice-biryani base plus an egg component, replacing the prior mutton-biryani mismatch (previously identical to FD060/FD084).",Medium,USDA FoodData Central,"Category-level estimate: egg is the dish's primary animal-protein component. USDA value for egg, whole, cooked (~0.5-0.6 mcg per 50g large egg, ~1.1 mcg/100g), scaled to a typical egg-content fraction of this serving. Not from INDB (INDB has no B12 column).",Medium,PENDING_AUDIT,PENDING_AUDIT,PENDING_AUDIT,Ingredient composition,Vegetable biryani/biriyani (80%) + Egg curry (Anda curry) (20%),"prep-variability modeling band (internally generated, not source-reported)",20.0,No variants listed
FD060,Fish Biryani,,Malabar Fish Biryani,Rice & Lunch Mains,Biryani & Pulao,1,plate,280,355.568,533.352,10.216,15.325,33.29,49.934,19.721,29.581,6.614,9.921,2.063,3.094,85.46,128.189,54.446,81.669,542.917,814.376,1.141,1.711,412.207,618.311,2.641,3.961,26.879,40.318,6.628,9.941,9.629,14.444,26.583,39.875,0.153,0.23,0.094,0.141,0.344,0.516,52.115,78.172,1.0,2.5,Non-Vegetarian,"Dairy, Fish","rice, fish, curd, onion, biryani masala, oil",84,210,Anuvaad Indian Nutrient Databank (INDB) 2024.11,"Section 2 fix: Vegetable biryani/biriyani (75%) + Fish curry (Machli curry) (25%); INDB 2024.11 values are per 100 g (commodity components use standard published composition) and were converted to the CSV serving weight of 280 g. Range is a transparent prep-variability modeling band of ±20%; this range is not reported by INDB. Vitamin D = D2+D3; Vitamin K = K1+K2. Vitamin B12 is not present in the supplied INDB workbook and is therefore left TBD rather than fabricated. Fish Biryani modeled as a rice-biryani base plus a fish-curry component, replacing the prior mutton-biryani mismatch (previously identical to FD059/FD084).",Medium,"Malabar-style fish biryani uses a distinct short-grain rice, coconut oil and a different masala base than a standard fish biryani; likely differs in fat profile. Consider splitting out.","Section 2: re-derived from correct dish-level analogue (was: wrong-category/keyword-bug match per audit report). | Section 4/5: ingredients compiled from standard/typical recipes (not from INDB); allergens derived programmatically from that ingredient list using the spec vocabulary (dairy/egg/gluten/nuts/groundnut/soy/fish/shellfish); vitamin_b12 is a category-level estimate from standard published B12 values for the dish's primary animal-protein/dairy component (not from INDB, which has no B12 column); price is a rough India-wide market estimate, not measured data.",Anuvaad Indian Nutrient Databank (INDB) 2024.11,"Section 2 fix: Vegetable biryani/biriyani (75%) + Fish curry (Machli curry) (25%); INDB 2024.11 values are per 100 g (commodity components use standard published composition) and were converted to the CSV serving weight of 280 g. Range is a transparent prep-variability modeling band of ±20%; this range is not reported by INDB. Vitamin D = D2+D3; Vitamin K = K1+K2. Vitamin B12 is not present in the supplied INDB workbook and is therefore left TBD rather than fabricated. Fish Biryani modeled as a rice-biryani base plus a fish-curry component, replacing the prior mutton-biryani mismatch (previously identical to FD059/FD084).",Medium,USDA FoodData Central,"Category-level estimate: fish is the dish's primary animal-protein component. USDA values for common Indian curry fish species (rohu, pomfret, kingfish, mackerel) range ~2-5 mcg/100g; a generic mid-range figure was used, scaled to a typical fish-content fraction of this serving. Not from INDB.",Medium,PENDING_AUDIT,PENDING_AUDIT,PENDING_AUDIT,Ingredient composition,Vegetable biryani/biriyani (75%) + Fish curry (Machli curry) (25%),"prep-variability modeling band (internally generated, not source-reported)",20.0,"Reviewed — distinct variant, split recommended"
FD061,Paneer Biryani,,,Rice & Lunch Mains,Biryani & Pulao,1,plate,280,392.4,588.6,10.198,15.297,34.741,52.112,23.231,34.847,6.128,9.192,1.898,2.846,179.598,269.397,52.886,79.329,476.154,714.23,1.581,2.372,433.395,650.092,1.092,1.638,27.116,40.674,6.712,10.068,9.355,14.033,27.926,41.889,0.151,0.227,0.102,0.153,0.296,0.444,72.055,108.082,0.15,0.35,Vegetarian (dairy/paneer-rich),Dairy,"rice, paneer, curd, onion, biryani masala, ghee",84,210,Anuvaad Indian Nutrient Databank (INDB) 2024.11,"Section 2 fix: Vegetable biryani/biriyani (70%) + Paneer curry (30%); INDB 2024.11 values are per 100 g (commodity components use standard published composition) and were converted to the CSV serving weight of 280 g. Range is a transparent prep-variability modeling band of ±20%; this range is not reported by INDB. Vitamin D = D2+D3; Vitamin K = K1+K2. Vitamin B12 is not present in the supplied INDB workbook and is therefore left TBD rather than fabricated. Paneer Biryani modeled as vegetable biryani rice base plus a paneer-curry protein component, replacing the prior paneer-soup mismatch.",Medium,,"Section 2: re-derived from correct dish-level analogue (was: wrong-category/keyword-bug match per audit report). | Section 4/5: ingredients compiled from standard/typical recipes (not from INDB); allergens derived programmatically from that ingredient list using the spec vocabulary (dairy/egg/gluten/nuts/groundnut/soy/fish/shellfish); vitamin_b12 is a category-level estimate from standard published B12 values for the dish's primary animal-protein/dairy component (not from INDB, which has no B12 column); price is a rough India-wide market estimate, not measured data.",Anuvaad Indian Nutrient Databank (INDB) 2024.11,"Section 2 fix: Vegetable biryani/biriyani (70%) + Paneer curry (30%); INDB 2024.11 values are per 100 g (commodity components use standard published composition) and were converted to the CSV serving weight of 280 g. Range is a transparent prep-variability modeling band of ±20%; this range is not reported by INDB. Vitamin D = D2+D3; Vitamin K = K1+K2. Vitamin B12 is not present in the supplied INDB workbook and is therefore left TBD rather than fabricated. Paneer Biryani modeled as vegetable biryani rice base plus a paneer-curry protein component, replacing the prior paneer-soup mismatch.",Medium,USDA FoodData Central,"Category-level estimate: paneer is the dish's primary dairy component. Published Indian food-composition data for paneer/cottage cheese (~0.8 mcg/100g), scaled to a typical paneer-content fraction of this serving. Not from INDB.",Medium,PENDING_AUDIT,PENDING_AUDIT,PENDING_AUDIT,Ingredient composition,Vegetable biryani/biriyani (70%) + Paneer curry (30%),"prep-variability modeling band (internally generated, not source-reported)",20.0,No variants listed
FD062,Kolkata Biryani,Kolkata-style Mutton/Chicken Biryani,,Rice & Lunch Mains,Biryani & Pulao,1,plate,280,480.723,587.551,18.589,22.719,56.688,69.285,19.466,23.791,6.086,7.439,3.262,3.987,172.825,211.231,48.186,58.894,534.369,653.118,1.162,1.421,661.859,808.939,2.546,3.112,12.465,15.235,5.123,6.261,5.008,6.121,17.482,21.367,0.273,0.333,0.184,0.225,0.271,0.331,36.464,44.567,0.15,0.3,Vegetarian,"Dairy, Egg","rice, potato, egg, biryani masala, ghee, kewra water",69,172,Anuvaad Indian Nutrient Databank (INDB) 2024.11,Direct INDB equivalent: Mutton biryani/biriyani; INDB 2024.11 values are per 100 g and were converted to the CSV serving weight of 280 g. Range is a transparent prep-variability modeling band of ±10%; this range is not reported by INDB. Vitamin D = D2+D3; Vitamin K = K1+K2. Vitamin B12 is not present in the supplied INDB workbook and is therefore left TBD rather than fabricated.,High,,"Section 4/5: ingredients compiled from standard/typical recipes (not from INDB); allergens derived programmatically from that ingredient list using the spec vocabulary (dairy/egg/gluten/nuts/groundnut/soy/fish/shellfish); vitamin_b12 is a category-level estimate from standard published B12 values for the dish's primary animal-protein/dairy component (not from INDB, which has no B12 column); price is a rough India-wide market estimate, not measured data. | Allergen audit: ghee added -> Dairy included",Anuvaad Indian Nutrient Databank (INDB) 2024.11,Direct INDB equivalent: Mutton biryani/biriyani; INDB 2024.11 values are per 100 g and were converted to the CSV serving weight of 280 g. Range is a transparent prep-variability modeling band of ±10%; this range is not reported by INDB. Vitamin D = D2+D3; Vitamin K = K1+K2. Vitamin B12 is not present in the supplied INDB workbook and is therefore left TBD rather than fabricated.,High,USDA FoodData Central,"Category-level estimate: egg is the dish's primary animal-protein component. USDA value for egg, whole, cooked (~0.5-0.6 mcg per 50g large egg, ~1.1 mcg/100g), scaled to a typical egg-content fraction of this serving. Not from INDB (INDB has no B12 column).",Medium,PENDING_AUDIT,PENDING_AUDIT,PENDING_AUDIT,Exact,Mutton biryani/biriyani,"prep-variability modeling band (internally generated, not source-reported)",10.0,No variants listed
FD063,Chicken Fried Rice,,,Rice & Lunch Mains,Rice Varieties,1,cup (cooked),180,176.129,264.194,8.065,12.097,16.412,24.618,8.441,12.661,3.069,4.604,1.387,2.081,47.831,71.746,28.182,42.273,315.926,473.889,0.752,1.129,317.218,475.827,33.635,50.453,24.046,36.07,1.825,2.738,2.964,4.445,35.673,53.51,0.092,0.138,0.086,0.129,0.302,0.454,49.362,74.044,0.15,0.3,Non-Vegetarian,"Egg, Soy","rice, chicken, egg, soy sauce, mixed vegetables, oil",84,210,Anuvaad Indian Nutrient Databank (INDB) 2024.11,Section 3 (duplicate-profile fix): Chicken Fried Rice modeled as fried rice plus a chicken component. Components: Chinese fried rice (80%) + Chicken curry (20%); INDB 2024.11 values are per 100 g and were converted to the CSV serving weight of 180 g. Range is a transparent prep-variability modeling band of ±20%; this range is not reported by INDB. Vitamin D = D2+D3; Vitamin K = K1+K2. Vitamin B12 is not present in the supplied INDB workbook and is therefore left TBD rather than fabricated.,Medium,,"Section 3: differentiated from a previously identical duplicate-profile group per audit Section C. | Section 4/5: ingredients compiled from standard/typical recipes (not from INDB); allergens derived programmatically from that ingredient list using the spec vocabulary (dairy/egg/gluten/nuts/groundnut/soy/fish/shellfish); vitamin_b12 is a category-level estimate from standard published B12 values for the dish's primary animal-protein/dairy component (not from INDB, which has no B12 column); price is a rough India-wide market estimate, not measured data.",Anuvaad Indian Nutrient Databank (INDB) 2024.11,Section 3 (duplicate-profile fix): Chicken Fried Rice modeled as fried rice plus a chicken component. Components: Chinese fried rice (80%) + Chicken curry (20%); INDB 2024.11 values are per 100 g and were converted to the CSV serving weight of 180 g. Range is a transparent prep-variability modeling band of ±20%; this range is not reported by INDB. Vitamin D = D2+D3; Vitamin K = K1+K2. Vitamin B12 is not present in the supplied INDB workbook and is therefore left TBD rather than fabricated.,Medium,USDA FoodData Central,"Category-level estimate: chicken is the dish's primary animal-protein component. USDA value for chicken, roasted meat (~0.3 mcg/100g), scaled to a typical chicken-content fraction of this serving. Not from INDB.",Medium,PENDING_AUDIT,PENDING_AUDIT,PENDING_AUDIT,Close recipe,Chinese fried rice (80%) + Chicken curry (20%),"prep-variability modeling band (internally generated, not source-reported)",20.0,No variants listed
FD064,Vegetable Fried Rice,,,Rice & Lunch Mains,Rice Varieties,1,cup (cooked),180,184.494,249.609,6.199,8.387,20.505,27.741,8.315,11.25,3.539,4.788,1.51,2.043,53.087,71.823,29.055,39.309,322.631,436.501,0.786,1.063,379.993,514.108,43.113,58.33,29.346,39.704,1.049,1.419,3.338,4.517,38.738,52.411,0.095,0.128,0.096,0.13,0.28,0.379,59.589,80.621,0.0,0.0,Vegetarian,Soy,"rice, mixed vegetables, soy sauce, oil",60,150,Anuvaad Indian Nutrient Databank (INDB) 2024.11,"Section 2 fix: Chinese fried rice (100%); INDB 2024.11 values are per 100 g (commodity components use standard published composition) and were converted to the CSV serving weight of 180 g. Range is a transparent prep-variability modeling band of ±15%; this range is not reported by INDB. Vitamin D = D2+D3; Vitamin K = K1+K2. Vitamin B12 is not present in the supplied INDB workbook and is therefore left TBD rather than fabricated. Vegetable Fried Rice modeled directly on INDB Chinese fried rice (oil-fried rice with vegetables, correct dish family), replacing the prior raw-vegetable-mix mismatch.",Medium,,"Section 2: re-derived from correct dish-level analogue (was: wrong-category/keyword-bug match per audit report). | Section 4/5: ingredients compiled from standard/typical recipes (not from INDB); allergens derived programmatically from that ingredient list using the spec vocabulary (dairy/egg/gluten/nuts/groundnut/soy/fish/shellfish); vitamin_b12 is a category-level estimate from standard published B12 values for the dish's primary animal-protein/dairy component (not from INDB, which has no B12 column); price is a rough India-wide market estimate, not measured data.",Anuvaad Indian Nutrient Databank (INDB) 2024.11,"Section 2 fix: Chinese fried rice (100%); INDB 2024.11 values are per 100 g (commodity components use standard published composition) and were converted to the CSV serving weight of 180 g. Range is a transparent prep-variability modeling band of ±15%; this range is not reported by INDB. Vitamin D = D2+D3; Vitamin K = K1+K2. Vitamin B12 is not present in the supplied INDB workbook and is therefore left TBD rather than fabricated. Vegetable Fried Rice modeled directly on INDB Chinese fried rice (oil-fried rice with vegetables, correct dish family), replacing the prior raw-vegetable-mix mismatch.",Medium,N/A — no significant dietary B12 source,"Compiled ingredient list contains no meat, fish, egg, dairy solids, or fortified ingredient — only plant-based ingredients, and/or ghee/butter in amounts too small to contribute measurable B12 (B12 resides in milk solids/whey, not milk fat). Vitamin B12 is not naturally present in plant foods (USDA FoodData Central), so the value is retained at 0.0 rather than estimated.",High,PENDING_AUDIT,PENDING_AUDIT,PENDING_AUDIT,Ingredient composition,Chinese fried rice (100%),"prep-variability modeling band (internally generated, not source-reported)",15.0,No variants listed
FD065,Egg Fried Rice,,,Rice & Lunch Mains,Rice Varieties,1,cup (cooked),180,217.367,326.051,7.451,11.176,15.624,23.437,13.674,20.511,2.698,4.047,1.526,2.288,53.911,80.867,24.819,37.229,275.777,413.665,0.851,1.276,351.253,526.879,72.339,108.508,22.157,33.235,0.985,1.477,5.502,8.253,32.625,48.938,0.084,0.126,0.114,0.171,0.244,0.367,55.035,82.552,0.15,0.3,Non-Vegetarian,"Egg, Soy","rice, egg, soy sauce, mixed vegetables, oil",69,172,Anuvaad Indian Nutrient Databank (INDB) 2024.11,"Section 2 fix: Chinese fried rice (80%) + Plain omelette/omlet (20%); INDB 2024.11 values are per 100 g (commodity components use standard published composition) and were converted to the CSV serving weight of 180 g. Range is a transparent prep-variability modeling band of ±20%; this range is not reported by INDB. Vitamin D = D2+D3; Vitamin K = K1+K2. Vitamin B12 is not present in the supplied INDB workbook and is therefore left TBD rather than fabricated. Egg Fried Rice modeled as fried-rice base plus an egg component, replacing the prior fried-egg-only mismatch that omitted the rice entirely.",Medium,,"Section 2: re-derived from correct dish-level analogue (was: wrong-category/keyword-bug match per audit report). | Section 4/5: ingredients compiled from standard/typical recipes (not from INDB); allergens derived programmatically from that ingredient list using the spec vocabulary (dairy/egg/gluten/nuts/groundnut/soy/fish/shellfish); vitamin_b12 is a category-level estimate from standard published B12 values for the dish's primary animal-protein/dairy component (not from INDB, which has no B12 column); price is a rough India-wide market estimate, not measured data.",Anuvaad Indian Nutrient Databank (INDB) 2024.11,"Section 2 fix: Chinese fried rice (80%) + Plain omelette/omlet (20%); INDB 2024.11 values are per 100 g (commodity components use standard published composition) and were converted to the CSV serving weight of 180 g. Range is a transparent prep-variability modeling band of ±20%; this range is not reported by INDB. Vitamin D = D2+D3; Vitamin K = K1+K2. Vitamin B12 is not present in the supplied INDB workbook and is therefore left TBD rather than fabricated. Egg Fried Rice modeled as fried-rice base plus an egg component, replacing the prior fried-egg-only mismatch that omitted the rice entirely.",Medium,USDA FoodData Central,"Category-level estimate: egg is the dish's primary animal-protein component. USDA value for egg, whole, cooked (~0.5-0.6 mcg per 50g large egg, ~1.1 mcg/100g), scaled to a typical egg-content fraction of this serving. Not from INDB (INDB has no B12 column).",Medium,PENDING_AUDIT,PENDING_AUDIT,PENDING_AUDIT,Ingredient composition,Chinese fried rice (80%) + Plain omelette/omlet (20%),"prep-variability modeling band (internally generated, not source-reported)",20.0,No variants listed
FD066,Schezwan Fried Rice,,,Rice & Lunch Mains,Rice Varieties,1,cup (cooked),180,261.391,392.087,7.046,10.569,15.212,22.818,19.183,28.774,2.802,4.202,1.256,1.884,46.824,70.235,25.526,38.289,285.949,428.923,0.688,1.032,293.143,439.715,129.809,194.713,22.178,33.267,1.733,2.6,3.028,4.542,33.232,49.848,0.083,0.125,0.083,0.124,0.267,0.4,45.866,68.8,0.0,0.0,Vegetarian,,"rice, schezwan sauce (chilli, garlic), mixed vegetables, oil",60,150,Anuvaad Indian Nutrient Databank (INDB) 2024.11,"Section 3 (duplicate-profile fix): Schezwan Fried Rice modeled as fried rice plus chicken plus an added chili-oil allowance, giving it more fat than plain Chicken Fried Rice per the audit note. Components: Chinese fried rice (75%) + Chicken curry (15%) + butter (10%); INDB 2024.11 values are per 100 g and were converted to the CSV serving weight of 180 g. Range is a transparent prep-variability modeling band of ±20%; this range is not reported by INDB. Vitamin D = D2+D3; Vitamin K = K1+K2. Vitamin B12 is not present in the supplied INDB workbook and is therefore left TBD rather than fabricated.",Medium,,"Section 3: differentiated from a previously identical duplicate-profile group per audit Section C. | Section 4/5: ingredients compiled from standard/typical recipes (not from INDB); allergens derived programmatically from that ingredient list using the spec vocabulary (dairy/egg/gluten/nuts/groundnut/soy/fish/shellfish); vitamin_b12 is a category-level estimate from standard published B12 values for the dish's primary animal-protein/dairy component (not from INDB, which has no B12 column); price is a rough India-wide market estimate, not measured data.",Anuvaad Indian Nutrient Databank (INDB) 2024.11,"Section 3 (duplicate-profile fix): Schezwan Fried Rice modeled as fried rice plus chicken plus an added chili-oil allowance, giving it more fat than plain Chicken Fried Rice per the audit note. Components: Chinese fried rice (75%) + Chicken curry (15%) + butter (10%); INDB 2024.11 values are per 100 g and were converted to the CSV serving weight of 180 g. Range is a transparent prep-variability modeling band of ±20%; this range is not reported by INDB. Vitamin D = D2+D3; Vitamin K = K1+K2. Vitamin B12 is not present in the supplied INDB workbook and is therefore left TBD rather than fabricated.",Medium,N/A — no significant dietary B12 source,"Compiled ingredient list contains no meat, fish, egg, dairy solids, or fortified ingredient — only plant-based ingredients, and/or ghee/butter in amounts too small to contribute measurable B12 (B12 resides in milk solids/whey, not milk fat). Vitamin B12 is not naturally present in plant foods (USDA FoodData Central), so the value is retained at 0.0 rather than estimated.",High,PENDING_AUDIT,PENDING_AUDIT,PENDING_AUDIT,Close recipe,Chinese fried rice (75%) + Chicken curry (15%) + butter (10%),"prep-variability modeling band (internally generated, not source-reported)",20.0,No variants listed
FD067,Bagara Rice,Bagara Khana,,Rice & Lunch Mains,Rice Varieties,1,cup (cooked),180,234.363,317.079,3.822,5.171,36.996,50.053,7.709,10.429,1.793,2.426,0.347,0.469,6.091,8.241,12.993,17.579,70.278,95.082,0.526,0.712,2.525,3.416,62.791,84.953,0.0,0.0,0.138,0.186,0.256,0.347,1.362,1.842,0.082,0.111,0.032,0.043,0.106,0.143,4.95,6.696,0.0,0.0,Vegetarian,,"rice, whole spices, oil, curry leaves",60,150,Anuvaad Indian Nutrient Databank (INDB) 2024.11,Section 3 (duplicate-profile fix): Bagara Rice modeled as rice plus a smaller tempering-oil allowance than Ghee Rice. Components: Boiled rice (Uble chawal) (94%) + butter (6%); INDB 2024.11 values are per 100 g and were converted to the CSV serving weight of 180 g. Range is a transparent prep-variability modeling band of ±15%; this range is not reported by INDB. Vitamin D = D2+D3; Vitamin K = K1+K2. Vitamin B12 is not present in the supplied INDB workbook and is therefore left TBD rather than fabricated.,Medium,,"Section 3: differentiated from a previously identical duplicate-profile group per audit Section C. | Section 4/5: ingredients compiled from standard/typical recipes (not from INDB); allergens derived programmatically from that ingredient list using the spec vocabulary (dairy/egg/gluten/nuts/groundnut/soy/fish/shellfish); vitamin_b12 is a category-level estimate from standard published B12 values for the dish's primary animal-protein/dairy component (not from INDB, which has no B12 column); price is a rough India-wide market estimate, not measured data.",Anuvaad Indian Nutrient Databank (INDB) 2024.11,Section 3 (duplicate-profile fix): Bagara Rice modeled as rice plus a smaller tempering-oil allowance than Ghee Rice. Components: Boiled rice (Uble chawal) (94%) + butter (6%); INDB 2024.11 values are per 100 g and were converted to the CSV serving weight of 180 g. Range is a transparent prep-variability modeling band of ±15%; this range is not reported by INDB. Vitamin D = D2+D3; Vitamin K = K1+K2. Vitamin B12 is not present in the supplied INDB workbook and is therefore left TBD rather than fabricated.,Medium,N/A — no significant dietary B12 source,"Compiled ingredient list contains no meat, fish, egg, dairy solids, or fortified ingredient — only plant-based ingredients, and/or ghee/butter in amounts too small to contribute measurable B12 (B12 resides in milk solids/whey, not milk fat). Vitamin B12 is not naturally present in plant foods (USDA FoodData Central), so the value is retained at 0.0 rather than estimated.",High,PENDING_AUDIT,PENDING_AUDIT,PENDING_AUDIT,Close recipe,Boiled rice (Uble chawal) (94%) + butter (6%),"prep-variability modeling band (internally generated, not source-reported)",15.0,No variants listed
FD068,Moong Dal Khichdi,Khichdi,Masala Khichdi,Rice & Lunch Mains,Rice + Dal Combos,1,bowl,220,758.998,927.664,21.378,26.129,128.775,157.392,16.491,20.156,8.928,10.912,5.461,6.674,99.905,122.106,198.174,242.213,922.284,1127.236,2.875,3.514,24.421,29.848,0.0,0.0,0.0,0.0,3.497,4.274,1.835,2.243,3.821,4.671,0.453,0.554,0.125,0.152,0.725,0.886,70.498,86.164,0.0,0.0,Vegetarian,Dairy,"rice, moong dal, turmeric, ghee, cumin",60,150,Anuvaad Indian Nutrient Databank (INDB) 2024.11,Direct INDB equivalent: Rice dal porridge (Chawal dal ki khichdi/khichri); INDB 2024.11 values are per 100 g and were converted to the CSV serving weight of 220 g. Range is a transparent prep-variability modeling band of ±10%; this range is not reported by INDB. Vitamin D = D2+D3; Vitamin K = K1+K2. Vitamin B12 is not present in the supplied INDB workbook and is therefore left TBD rather than fabricated.,High,Masala Khichdi adds mixed vegetables and a stronger spice/oil load to the base moong dal khichdi — a real composition difference. Consider splitting out.,"Section 3: reviewed per audit Section C; overlap with related dish(es) judged plausible/low-priority and left unchanged. | Section 4/5: ingredients compiled from standard/typical recipes (not from INDB); allergens derived programmatically from that ingredient list using the spec vocabulary (dairy/egg/gluten/nuts/groundnut/soy/fish/shellfish); vitamin_b12 is a category-level estimate from standard published B12 values for the dish's primary animal-protein/dairy component (not from INDB, which has no B12 column); price is a rough India-wide market estimate, not measured data.",Anuvaad Indian Nutrient Databank (INDB) 2024.11,Direct INDB equivalent: Rice dal porridge (Chawal dal ki khichdi/khichri); INDB 2024.11 values are per 100 g and were converted to the CSV serving weight of 220 g. Range is a transparent prep-variability modeling band of ±10%; this range is not reported by INDB. Vitamin D = D2+D3; Vitamin K = K1+K2. Vitamin B12 is not present in the supplied INDB workbook and is therefore left TBD rather than fabricated.,High,N/A — no significant dietary B12 source,"Compiled ingredient list contains no meat, fish, egg, dairy solids, or fortified ingredient — only plant-based ingredients, and/or ghee/butter in amounts too small to contribute measurable B12 (B12 resides in milk solids/whey, not milk fat). Vitamin B12 is not naturally present in plant foods (USDA FoodData Central), so the value is retained at 0.0 rather than estimated.",High,PENDING_AUDIT,PENDING_AUDIT,PENDING_AUDIT,Exact,Rice dal porridge (Chawal dal ki khichdi/khichri),"prep-variability modeling band (internally generated, not source-reported)",10.0,"Reviewed — distinct variant, split recommended"
FD069,Rajma Chawal,,,Rice & Lunch Mains,Rice + Dal Combos,1,bowl,220,220.265,330.397,6.35,9.524,40.335,60.502,3.275,4.912,4.612,6.918,1.494,2.242,28.606,42.909,41.918,62.878,314.871,472.307,0.902,1.352,188.527,282.79,0.0,0.0,7.191,10.786,6.356,9.534,1.437,2.155,10.283,15.424,0.127,0.19,0.06,0.09,0.16,0.24,53.441,80.162,0.0,0.0,Vegetarian,,"rice, kidney beans (rajma), onion, tomato, spices",60,150,Anuvaad Indian Nutrient Databank (INDB) 2024.11,"Section 3 (duplicate-profile fix): Rajma Chawal modeled as rice plus its defining rajma-curry component, replacing the prior rice-only match that ignored the curry. Components: Boiled rice (Uble chawal) (70%) + Kidney bean curry (Rajmah curry) (30%); INDB 2024.11 values are per 100 g and were converted to the CSV serving weight of 220 g. Range is a transparent prep-variability modeling band of ±20%; this range is not reported by INDB. Vitamin D = D2+D3; Vitamin K = K1+K2. Vitamin B12 is not present in the supplied INDB workbook and is therefore left TBD rather than fabricated.",Medium,,"Section 3: differentiated from a previously identical duplicate-profile group per audit Section C. | Section 4/5: ingredients compiled from standard/typical recipes (not from INDB); allergens derived programmatically from that ingredient list using the spec vocabulary (dairy/egg/gluten/nuts/groundnut/soy/fish/shellfish); vitamin_b12 is a category-level estimate from standard published B12 values for the dish's primary animal-protein/dairy component (not from INDB, which has no B12 column); price is a rough India-wide market estimate, not measured data.",Anuvaad Indian Nutrient Databank (INDB) 2024.11,"Section 3 (duplicate-profile fix): Rajma Chawal modeled as rice plus its defining rajma-curry component, replacing the prior rice-only match that ignored the curry. Components: Boiled rice (Uble chawal) (70%) + Kidney bean curry (Rajmah curry) (30%); INDB 2024.11 values are per 100 g and were converted to the CSV serving weight of 220 g. Range is a transparent prep-variability modeling band of ±20%; this range is not reported by INDB. Vitamin D = D2+D3; Vitamin K = K1+K2. Vitamin B12 is not present in the supplied INDB workbook and is therefore left TBD rather than fabricated.",Medium,N/A — no significant dietary B12 source,"Compiled ingredient list contains no meat, fish, egg, dairy solids, or fortified ingredient — only plant-based ingredients, and/or ghee/butter in amounts too small to contribute measurable B12 (B12 resides in milk solids/whey, not milk fat). Vitamin B12 is not naturally present in plant foods (USDA FoodData Central), so the value is retained at 0.0 rather than estimated.",High,PENDING_AUDIT,PENDING_AUDIT,PENDING_AUDIT,Close recipe,Boiled rice (Uble chawal) (70%) + Kidney bean curry (Rajmah curry) (30%),"prep-variability modeling band (internally generated, not source-reported)",20.0,No variants listed
FD070,Chole Chawal,,,Rice & Lunch Mains,Rice + Dal Combos,1,bowl,220,230.67,346.005,6.428,9.641,42.236,63.353,3.839,5.758,4.035,6.052,1.254,1.881,19.492,29.238,29.502,44.253,234.826,352.239,0.911,1.366,190.317,285.475,0.0,0.0,7.191,10.786,2.825,4.237,1.515,2.272,10.824,16.237,0.15,0.225,0.063,0.095,0.203,0.305,85.275,127.912,0.0,0.0,Vegetarian,,"rice, chickpeas, onion, tomato, spices",60,150,Anuvaad Indian Nutrient Databank (INDB) 2024.11,"Section 3 (duplicate-profile fix): Chole Chawal modeled as rice plus its defining chana-curry component, replacing the prior rice-only match that ignored the curry. Components: Boiled rice (Uble chawal) (70%) + Chickpeas curry (Safed channa curry) (30%); INDB 2024.11 values are per 100 g and were converted to the CSV serving weight of 220 g. Range is a transparent prep-variability modeling band of ±20%; this range is not reported by INDB. Vitamin D = D2+D3; Vitamin K = K1+K2. Vitamin B12 is not present in the supplied INDB workbook and is therefore left TBD rather than fabricated.",Medium,,"Section 3: differentiated from a previously identical duplicate-profile group per audit Section C. | Section 4/5: ingredients compiled from standard/typical recipes (not from INDB); allergens derived programmatically from that ingredient list using the spec vocabulary (dairy/egg/gluten/nuts/groundnut/soy/fish/shellfish); vitamin_b12 is a category-level estimate from standard published B12 values for the dish's primary animal-protein/dairy component (not from INDB, which has no B12 column); price is a rough India-wide market estimate, not measured data.",Anuvaad Indian Nutrient Databank (INDB) 2024.11,"Section 3 (duplicate-profile fix): Chole Chawal modeled as rice plus its defining chana-curry component, replacing the prior rice-only match that ignored the curry. Components: Boiled rice (Uble chawal) (70%) + Chickpeas curry (Safed channa curry) (30%); INDB 2024.11 values are per 100 g and were converted to the CSV serving weight of 220 g. Range is a transparent prep-variability modeling band of ±20%; this range is not reported by INDB. Vitamin D = D2+D3; Vitamin K = K1+K2. Vitamin B12 is not present in the supplied INDB workbook and is therefore left TBD rather than fabricated.",Medium,N/A — no significant dietary B12 source,"Compiled ingredient list contains no meat, fish, egg, dairy solids, or fortified ingredient — only plant-based ingredients, and/or ghee/butter in amounts too small to contribute measurable B12 (B12 resides in milk solids/whey, not milk fat). Vitamin B12 is not naturally present in plant foods (USDA FoodData Central), so the value is retained at 0.0 rather than estimated.",High,PENDING_AUDIT,PENDING_AUDIT,PENDING_AUDIT,Close recipe,Boiled rice (Uble chawal) (70%) + Chickpeas curry (Safed channa curry) (30%),"prep-variability modeling band (internally generated, not source-reported)",20.0,No variants listed
FD071,Dal Chawal,,,Rice & Lunch Mains,Rice + Dal Combos,1,bowl,220,758.998,927.664,21.378,26.129,128.775,157.392,16.491,20.156,8.928,10.912,5.461,6.674,99.905,122.106,198.174,242.213,922.284,1127.236,2.875,3.514,24.421,29.848,0.0,0.0,0.0,0.0,3.497,4.274,1.835,2.243,3.821,4.671,0.453,0.554,0.125,0.152,0.725,0.886,70.498,86.164,0.0,0.0,Vegetarian,Dairy,"rice, toor dal/moong dal, turmeric, ghee",60,150,Anuvaad Indian Nutrient Databank (INDB) 2024.11,Direct INDB equivalent: Rice dal porridge (Chawal dal ki khichdi/khichri); INDB 2024.11 values are per 100 g and were converted to the CSV serving weight of 220 g. Range is a transparent prep-variability modeling band of ±10%; this range is not reported by INDB. Vitamin D = D2+D3; Vitamin K = K1+K2. Vitamin B12 is not present in the supplied INDB workbook and is therefore left TBD rather than fabricated.,High,,"Section 3: reviewed per audit Section C; overlap with related dish(es) judged plausible/low-priority and left unchanged. | Section 4/5: ingredients compiled from standard/typical recipes (not from INDB); allergens derived programmatically from that ingredient list using the spec vocabulary (dairy/egg/gluten/nuts/groundnut/soy/fish/shellfish); vitamin_b12 is a category-level estimate from standard published B12 values for the dish's primary animal-protein/dairy component (not from INDB, which has no B12 column); price is a rough India-wide market estimate, not measured data.",Anuvaad Indian Nutrient Databank (INDB) 2024.11,Direct INDB equivalent: Rice dal porridge (Chawal dal ki khichdi/khichri); INDB 2024.11 values are per 100 g and were converted to the CSV serving weight of 220 g. Range is a transparent prep-variability modeling band of ±10%; this range is not reported by INDB. Vitamin D = D2+D3; Vitamin K = K1+K2. Vitamin B12 is not present in the supplied INDB workbook and is therefore left TBD rather than fabricated.,High,N/A — no significant dietary B12 source,"Compiled ingredient list contains no meat, fish, egg, dairy solids, or fortified ingredient — only plant-based ingredients, and/or ghee/butter in amounts too small to contribute measurable B12 (B12 resides in milk solids/whey, not milk fat). Vitamin B12 is not naturally present in plant foods (USDA FoodData Central), so the value is retained at 0.0 rather than estimated.",High,PENDING_AUDIT,PENDING_AUDIT,PENDING_AUDIT,Exact,Rice dal porridge (Chawal dal ki khichdi/khichri),"prep-variability modeling band (internally generated, not source-reported)",10.0,No variants listed
FD072,Tomato Rice,Thakkali Sadam,,Rice & Lunch Mains,Rice Varieties,1,cup (cooked),180,198.034,297.051,3.356,5.034,32.016,48.024,6.099,9.149,1.751,2.626,0.327,0.49,6.32,9.48,12.801,19.202,83.53,125.295,0.463,0.694,37.36,56.04,49.248,73.872,3.599,5.399,1.793,2.689,0.235,0.353,4.551,6.827,0.075,0.113,0.03,0.045,0.101,0.152,6.389,9.583,0.0,0.0,Vegetarian,,"rice, tomato, onion, mustard seeds, curry leaves, oil",60,150,Anuvaad Indian Nutrient Databank (INDB) 2024.11,"Section 2 fix: Boiled rice (Uble chawal) (85%) + Tomato puree (10%) + butter (5%); INDB 2024.11 values are per 100 g (commodity components use standard published composition) and were converted to the CSV serving weight of 180 g. Range is a transparent prep-variability modeling band of ±20%; this range is not reported by INDB. Vitamin D = D2+D3; Vitamin K = K1+K2. Vitamin B12 is not present in the supplied INDB workbook and is therefore left TBD rather than fabricated. Tomato Rice modeled as boiled rice plus a tomato component and a small tempering-oil/ghee allowance, replacing the prior tomato-chicken mismatch.",Medium,,"Section 2: re-derived from correct dish-level analogue (was: wrong-category/keyword-bug match per audit report). | Section 4/5: ingredients compiled from standard/typical recipes (not from INDB); allergens derived programmatically from that ingredient list using the spec vocabulary (dairy/egg/gluten/nuts/groundnut/soy/fish/shellfish); vitamin_b12 is a category-level estimate from standard published B12 values for the dish's primary animal-protein/dairy component (not from INDB, which has no B12 column); price is a rough India-wide market estimate, not measured data.",Anuvaad Indian Nutrient Databank (INDB) 2024.11,"Section 2 fix: Boiled rice (Uble chawal) (85%) + Tomato puree (10%) + butter (5%); INDB 2024.11 values are per 100 g (commodity components use standard published composition) and were converted to the CSV serving weight of 180 g. Range is a transparent prep-variability modeling band of ±20%; this range is not reported by INDB. Vitamin D = D2+D3; Vitamin K = K1+K2. Vitamin B12 is not present in the supplied INDB workbook and is therefore left TBD rather than fabricated. Tomato Rice modeled as boiled rice plus a tomato component and a small tempering-oil/ghee allowance, replacing the prior tomato-chicken mismatch.",Medium,N/A — no significant dietary B12 source,"Compiled ingredient list contains no meat, fish, egg, dairy solids, or fortified ingredient — only plant-based ingredients, and/or ghee/butter in amounts too small to contribute measurable B12 (B12 resides in milk solids/whey, not milk fat). Vitamin B12 is not naturally present in plant foods (USDA FoodData Central), so the value is retained at 0.0 rather than estimated.",High,PENDING_AUDIT,PENDING_AUDIT,PENDING_AUDIT,Ingredient composition,Boiled rice (Uble chawal) (85%) + Tomato puree (10%) + butter (5%),"prep-variability modeling band (internally generated, not source-reported)",20.0,No variants listed
FD073,Pudina Rice (Mint Rice),Pudina Sadam,,Rice & Lunch Mains,Rice Varieties,1,cup (cooked),180,253.876,380.814,6.129,9.193,31.136,46.704,11.347,17.02,3.632,5.448,1.11,1.664,18.29,27.434,43.12,64.68,219.705,329.558,0.855,1.282,269.437,404.156,0.0,0.0,4.602,6.903,1.862,2.793,3.562,5.344,9.543,14.315,0.149,0.223,0.064,0.097,0.127,0.191,17.151,25.727,0.0,0.0,Vegetarian,,"rice, mint leaves, green chilli, oil, spices",60,150,Anuvaad Indian Nutrient Databank (INDB) 2024.11,"Section 2 fix: Lemon rice (Pulihora, Elumichai sadam, Chitranna) (100%); INDB 2024.11 values are per 100 g (commodity components use standard published composition) and were converted to the CSV serving weight of 180 g. Range is a transparent prep-variability modeling band of ±20%; this range is not reported by INDB. Vitamin D = D2+D3; Vitamin K = K1+K2. Vitamin B12 is not present in the supplied INDB workbook and is therefore left TBD rather than fabricated. Pudina (Mint) Rice modeled on INDB Lemon rice (closest available oil-tempered seasoned-rice analogue; no mint-rice entry exists), replacing the prior mint-raita mismatch. Flavour differs from the actual dish, so treat as directional.",Low,,"Section 2: re-derived from correct dish-level analogue (was: wrong-category/keyword-bug match per audit report). | Section 4/5: ingredients compiled from standard/typical recipes (not from INDB); allergens derived programmatically from that ingredient list using the spec vocabulary (dairy/egg/gluten/nuts/groundnut/soy/fish/shellfish); vitamin_b12 is a category-level estimate from standard published B12 values for the dish's primary animal-protein/dairy component (not from INDB, which has no B12 column); price is a rough India-wide market estimate, not measured data.",Anuvaad Indian Nutrient Databank (INDB) 2024.11,"Section 2 fix: Lemon rice (Pulihora, Elumichai sadam, Chitranna) (100%); INDB 2024.11 values are per 100 g (commodity components use standard published composition) and were converted to the CSV serving weight of 180 g. Range is a transparent prep-variability modeling band of ±20%; this range is not reported by INDB. Vitamin D = D2+D3; Vitamin K = K1+K2. Vitamin B12 is not present in the supplied INDB workbook and is therefore left TBD rather than fabricated. Pudina (Mint) Rice modeled on INDB Lemon rice (closest available oil-tempered seasoned-rice analogue; no mint-rice entry exists), replacing the prior mint-raita mismatch. Flavour differs from the actual dish, so treat as directional.",Low,N/A — no significant dietary B12 source,"Compiled ingredient list contains no meat, fish, egg, dairy solids, or fortified ingredient — only plant-based ingredients, and/or ghee/butter in amounts too small to contribute measurable B12 (B12 resides in milk solids/whey, not milk fat). Vitamin B12 is not naturally present in plant foods (USDA FoodData Central), so the value is retained at 0.0 rather than estimated.",High,PENDING_AUDIT,PENDING_AUDIT,PENDING_AUDIT,Ingredient composition,"Lemon rice (Pulihora, Elumichai sadam, Chitranna) (100%)","prep-variability modeling band (internally generated, not source-reported)",20.0,No variants listed
FD074,Kadhi Chawal,,,Rice & Lunch Mains,Rice + Dal Combos,1,bowl,220,382.528,573.792,3.991,5.987,31.619,47.428,26.444,39.666,1.926,2.889,0.511,0.766,18.204,27.306,15.579,23.369,97.399,146.098,0.511,0.767,38.661,57.991,1.47,2.205,0.437,0.656,0.239,0.358,12.876,19.314,7.244,10.866,0.084,0.126,0.046,0.069,0.107,0.16,11.804,17.706,0.05,0.15,Vegetarian,Dairy,"rice, gram flour (besan), curd, fritters (pakodi), spices",60,150,Anuvaad Indian Nutrient Databank (INDB) 2024.11,"Section 3 (duplicate-profile fix): Kadhi Chawal modeled as rice plus its defining besan-kadhi component, replacing the prior rice-only match that ignored the curry. Components: Boiled rice (Uble chawal) (65%) + Besan kadhi with pakodies (35%); INDB 2024.11 values are per 100 g and were converted to the CSV serving weight of 220 g. Range is a transparent prep-variability modeling band of ±20%; this range is not reported by INDB. Vitamin D = D2+D3; Vitamin K = K1+K2. Vitamin B12 is not present in the supplied INDB workbook and is therefore left TBD rather than fabricated.",Medium,,"Section 3: differentiated from a previously identical duplicate-profile group per audit Section C. | Section 4/5: ingredients compiled from standard/typical recipes (not from INDB); allergens derived programmatically from that ingredient list using the spec vocabulary (dairy/egg/gluten/nuts/groundnut/soy/fish/shellfish); vitamin_b12 is a category-level estimate from standard published B12 values for the dish's primary animal-protein/dairy component (not from INDB, which has no B12 column); price is a rough India-wide market estimate, not measured data.",Anuvaad Indian Nutrient Databank (INDB) 2024.11,"Section 3 (duplicate-profile fix): Kadhi Chawal modeled as rice plus its defining besan-kadhi component, replacing the prior rice-only match that ignored the curry. Components: Boiled rice (Uble chawal) (65%) + Besan kadhi with pakodies (35%); INDB 2024.11 values are per 100 g and were converted to the CSV serving weight of 220 g. Range is a transparent prep-variability modeling band of ±20%; this range is not reported by INDB. Vitamin D = D2+D3; Vitamin K = K1+K2. Vitamin B12 is not present in the supplied INDB workbook and is therefore left TBD rather than fabricated.",Medium,USDA FoodData Central,"Category-level estimate: curd/yogurt or milk is the dish's primary (or only) dairy component. USDA values for plain curd/yogurt and whole milk (~0.4-0.6 mcg/100g), scaled to a typical dairy-content fraction of this serving. Not from INDB.",Medium,PENDING_AUDIT,PENDING_AUDIT,PENDING_AUDIT,Close recipe,Boiled rice (Uble chawal) (65%) + Besan kadhi with pakodies (35%),"prep-variability modeling band (internally generated, not source-reported)",20.0,No variants listed
FD075,Kabuli Chana Pulao,Chana Pulao,,Rice & Lunch Mains,Biryani & Pulao,1,plate,280,172.807,211.208,7.363,8.999,19.222,23.493,7.704,9.416,2.816,3.441,2.4,2.934,80.715,98.651,58.984,72.092,478.798,585.197,1.112,1.36,307.576,375.927,0.992,1.212,11.491,14.045,5.374,6.568,3.762,4.598,21.361,26.108,0.146,0.178,0.097,0.119,0.239,0.292,65.965,80.624,0.0,0.0,Vegetarian,Dairy,"rice, chickpeas, whole spices, ghee",60,150,Anuvaad Indian Nutrient Databank (INDB) 2024.11,Direct INDB equivalent: Kabuli channa curry; INDB 2024.11 values are per 100 g and were converted to the CSV serving weight of 280 g. Range is a transparent prep-variability modeling band of ±10%; this range is not reported by INDB. Vitamin D = D2+D3; Vitamin K = K1+K2. Vitamin B12 is not present in the supplied INDB workbook and is therefore left TBD rather than fabricated.,High,,"Section 4/5: ingredients compiled from standard/typical recipes (not from INDB); allergens derived programmatically from that ingredient list using the spec vocabulary (dairy/egg/gluten/nuts/groundnut/soy/fish/shellfish); vitamin_b12 is a category-level estimate from standard published B12 values for the dish's primary animal-protein/dairy component (not from INDB, which has no B12 column); price is a rough India-wide market estimate, not measured data.",Anuvaad Indian Nutrient Databank (INDB) 2024.11,Direct INDB equivalent: Kabuli channa curry; INDB 2024.11 values are per 100 g and were converted to the CSV serving weight of 280 g. Range is a transparent prep-variability modeling band of ±10%; this range is not reported by INDB. Vitamin D = D2+D3; Vitamin K = K1+K2. Vitamin B12 is not present in the supplied INDB workbook and is therefore left TBD rather than fabricated.,High,N/A — no significant dietary B12 source,"Compiled ingredient list contains no meat, fish, egg, dairy solids, or fortified ingredient — only plant-based ingredients, and/or ghee/butter in amounts too small to contribute measurable B12 (B12 resides in milk solids/whey, not milk fat). Vitamin B12 is not naturally present in plant foods (USDA FoodData Central), so the value is retained at 0.0 rather than estimated.",High,PENDING_AUDIT,PENDING_AUDIT,PENDING_AUDIT,Exact,Kabuli channa curry,"prep-variability modeling band (internally generated, not source-reported)",10.0,No variants listed
FD076,Chicken Curry with Rice,,,Rice & Lunch Mains,Curry-Rice Combos,1,plate,280,325.644,398.01,29.723,36.329,8.514,10.406,19.074,23.313,3.543,4.331,2.189,2.676,68.77,84.052,55.171,67.431,638.783,780.734,1.408,1.721,272.172,332.655,10.266,12.547,17.065,20.858,9.062,11.076,3.936,4.811,56.921,69.57,0.185,0.226,0.117,0.143,0.801,0.979,39.332,48.073,0.2,0.4,Non-Vegetarian,,"rice, chicken, onion, tomato, spices",84,210,Anuvaad Indian Nutrient Databank (INDB) 2024.11,Direct INDB equivalent: Chicken curry; INDB 2024.11 values are per 100 g and were converted to the CSV serving weight of 280 g. Range is a transparent prep-variability modeling band of ±10%; this range is not reported by INDB. Vitamin D = D2+D3; Vitamin K = K1+K2. Vitamin B12 is not present in the supplied INDB workbook and is therefore left TBD rather than fabricated.,High,,"Section 4/5: ingredients compiled from standard/typical recipes (not from INDB); allergens derived programmatically from that ingredient list using the spec vocabulary (dairy/egg/gluten/nuts/groundnut/soy/fish/shellfish); vitamin_b12 is a category-level estimate from standard published B12 values for the dish's primary animal-protein/dairy component (not from INDB, which has no B12 column); price is a rough India-wide market estimate, not measured data.",Anuvaad Indian Nutrient Databank (INDB) 2024.11,Direct INDB equivalent: Chicken curry; INDB 2024.11 values are per 100 g and were converted to the CSV serving weight of 280 g. Range is a transparent prep-variability modeling band of ±10%; this range is not reported by INDB. Vitamin D = D2+D3; Vitamin K = K1+K2. Vitamin B12 is not present in the supplied INDB workbook and is therefore left TBD rather than fabricated.,High,USDA FoodData Central,"Category-level estimate: chicken is the dish's primary animal-protein component. USDA value for chicken, roasted meat (~0.3 mcg/100g), scaled to a typical chicken-content fraction of this serving. Not from INDB.",Medium,PENDING_AUDIT,PENDING_AUDIT,PENDING_AUDIT,Exact,Chicken curry,"prep-variability modeling band (internally generated, not source-reported)",10.0,No variants listed
FD077,Fish Curry with Rice,,,Rice & Lunch Mains,Curry-Rice Combos,1,plate,280,280.042,342.274,22.08,26.987,9.51,11.623,16.862,20.61,4.752,5.808,2.748,3.358,131.193,160.347,60.755,74.256,609.792,745.302,1.329,1.624,465.478,568.918,6.618,8.089,22.302,27.258,8.397,10.263,9.173,11.211,22.065,26.968,0.068,0.083,0.101,0.124,0.383,0.468,40.139,49.059,1.0,2.5,Non-Vegetarian,Fish,"rice, fish, tamarind, coconut, spices",84,210,Anuvaad Indian Nutrient Databank (INDB) 2024.11,Direct INDB equivalent: Fish curry (Machli curry); INDB 2024.11 values are per 100 g and were converted to the CSV serving weight of 280 g. Range is a transparent prep-variability modeling band of ±10%; this range is not reported by INDB. Vitamin D = D2+D3; Vitamin K = K1+K2. Vitamin B12 is not present in the supplied INDB workbook and is therefore left TBD rather than fabricated.,High,,"Section 4/5: ingredients compiled from standard/typical recipes (not from INDB); allergens derived programmatically from that ingredient list using the spec vocabulary (dairy/egg/gluten/nuts/groundnut/soy/fish/shellfish); vitamin_b12 is a category-level estimate from standard published B12 values for the dish's primary animal-protein/dairy component (not from INDB, which has no B12 column); price is a rough India-wide market estimate, not measured data.",Anuvaad Indian Nutrient Databank (INDB) 2024.11,Direct INDB equivalent: Fish curry (Machli curry); INDB 2024.11 values are per 100 g and were converted to the CSV serving weight of 280 g. Range is a transparent prep-variability modeling band of ±10%; this range is not reported by INDB. Vitamin D = D2+D3; Vitamin K = K1+K2. Vitamin B12 is not present in the supplied INDB workbook and is therefore left TBD rather than fabricated.,High,USDA FoodData Central,"Category-level estimate: fish is the dish's primary animal-protein component. USDA values for common Indian curry fish species (rohu, pomfret, kingfish, mackerel) range ~2-5 mcg/100g; a generic mid-range figure was used, scaled to a typical fish-content fraction of this serving. Not from INDB.",Medium,PENDING_AUDIT,PENDING_AUDIT,PENDING_AUDIT,Exact,Fish curry (Machli curry),"prep-variability modeling band (internally generated, not source-reported)",10.0,No variants listed
FD078,Prawn Curry with Rice,,,Rice & Lunch Mains,Curry-Rice Combos,1,plate,280,276.063,337.41,21.529,26.314,7.821,9.559,17.462,21.342,3.942,4.818,2.416,2.953,93.858,114.715,89.876,109.849,379.637,464.001,1.808,2.21,947.177,1157.66,1.638,2.002,3.276,4.004,5.707,6.975,8.929,10.913,411.246,502.633,0.06,0.074,0.071,0.087,0.214,0.262,38.423,46.961,0.5,1.0,Non-Vegetarian,Shellfish,"rice, prawn, coconut, spices",108,270,Anuvaad Indian Nutrient Databank (INDB) 2024.11,Direct INDB equivalent: Prawn curry (with coconut) (Jhinga curry); INDB 2024.11 values are per 100 g and were converted to the CSV serving weight of 280 g. Range is a transparent prep-variability modeling band of ±10%; this range is not reported by INDB. Vitamin D = D2+D3; Vitamin K = K1+K2. Vitamin B12 is not present in the supplied INDB workbook and is therefore left TBD rather than fabricated.,High,,"Section 4/5: ingredients compiled from standard/typical recipes (not from INDB); allergens derived programmatically from that ingredient list using the spec vocabulary (dairy/egg/gluten/nuts/groundnut/soy/fish/shellfish); vitamin_b12 is a category-level estimate from standard published B12 values for the dish's primary animal-protein/dairy component (not from INDB, which has no B12 column); price is a rough India-wide market estimate, not measured data.",Anuvaad Indian Nutrient Databank (INDB) 2024.11,Direct INDB equivalent: Prawn curry (with coconut) (Jhinga curry); INDB 2024.11 values are per 100 g and were converted to the CSV serving weight of 280 g. Range is a transparent prep-variability modeling band of ±10%; this range is not reported by INDB. Vitamin D = D2+D3; Vitamin K = K1+K2. Vitamin B12 is not present in the supplied INDB workbook and is therefore left TBD rather than fabricated.,High,USDA FoodData Central,"Category-level estimate: prawn/shrimp is the dish's primary animal-protein component. USDA value for shrimp, cooked (~1.1-1.5 mcg/100g), scaled to a typical prawn-content fraction of this serving. Not from INDB.",Medium,PENDING_AUDIT,PENDING_AUDIT,PENDING_AUDIT,Exact,Prawn curry (with coconut) (Jhinga curry),"prep-variability modeling band (internally generated, not source-reported)",10.0,No variants listed
FD079,Veg Kolhapuri with Rice,,,Rice & Lunch Mains,Curry-Rice Combos,1,plate,280,231.935,347.902,5.984,8.977,41.006,61.509,4.418,6.627,4.673,7.01,1.171,1.756,21.218,31.827,32.724,49.085,256.676,385.013,0.891,1.336,40.3,60.45,0.0,0.0,16.784,25.176,4.729,7.093,1.225,1.838,18.075,27.113,0.161,0.242,0.047,0.07,0.187,0.28,25.509,38.264,0.0,0.0,Vegetarian,,"rice, mixed vegetables, coconut, kolhapuri masala",60,150,Anuvaad Indian Nutrient Databank (INDB) 2024.11,"Section 2 fix: Boiled rice (Uble chawal) (60%) + Vegetable curry with coconut (40%); INDB 2024.11 values are per 100 g (commodity components use standard published composition) and were converted to the CSV serving weight of 280 g. Range is a transparent prep-variability modeling band of ±20%; this range is not reported by INDB. Vitamin D = D2+D3; Vitamin K = K1+K2. Vitamin B12 is not present in the supplied INDB workbook and is therefore left TBD rather than fabricated. Veg Kolhapuri with Rice modeled as rice plus a spicy coconut-based vegetable curry component, replacing the prior plain-upma mismatch.",Medium,,"Section 2: re-derived from correct dish-level analogue (was: wrong-category/keyword-bug match per audit report). | Section 4/5: ingredients compiled from standard/typical recipes (not from INDB); allergens derived programmatically from that ingredient list using the spec vocabulary (dairy/egg/gluten/nuts/groundnut/soy/fish/shellfish); vitamin_b12 is a category-level estimate from standard published B12 values for the dish's primary animal-protein/dairy component (not from INDB, which has no B12 column); price is a rough India-wide market estimate, not measured data.",Anuvaad Indian Nutrient Databank (INDB) 2024.11,"Section 2 fix: Boiled rice (Uble chawal) (60%) + Vegetable curry with coconut (40%); INDB 2024.11 values are per 100 g (commodity components use standard published composition) and were converted to the CSV serving weight of 280 g. Range is a transparent prep-variability modeling band of ±20%; this range is not reported by INDB. Vitamin D = D2+D3; Vitamin K = K1+K2. Vitamin B12 is not present in the supplied INDB workbook and is therefore left TBD rather than fabricated. Veg Kolhapuri with Rice modeled as rice plus a spicy coconut-based vegetable curry component, replacing the prior plain-upma mismatch.",Medium,N/A — no significant dietary B12 source,"Compiled ingredient list contains no meat, fish, egg, dairy solids, or fortified ingredient — only plant-based ingredients, and/or ghee/butter in amounts too small to contribute measurable B12 (B12 resides in milk solids/whey, not milk fat). Vitamin B12 is not naturally present in plant foods (USDA FoodData Central), so the value is retained at 0.0 rather than estimated.",High,PENDING_AUDIT,PENDING_AUDIT,PENDING_AUDIT,Ingredient composition,Boiled rice (Uble chawal) (60%) + Vegetable curry with coconut (40%),"prep-variability modeling band (internally generated, not source-reported)",20.0,No variants listed
FD080,Paneer Rice Bowl,,,Rice & Lunch Mains,Curry-Rice Combos,1,plate,280,1466.418,1792.289,5.002,6.113,22.068,26.972,150.719,184.212,1.561,1.908,0.657,0.803,83.392,101.923,15.397,18.819,78.762,96.265,0.75,0.917,182.139,222.614,0.0,0.0,1.03,1.259,0.281,0.343,73.09,89.332,10.952,13.386,0.052,0.063,0.032,0.04,0.075,0.092,20.837,25.467,0.15,0.35,Vegetarian (dairy/paneer-rich),Dairy,"rice, paneer, tomato gravy, spices",84,210,Anuvaad Indian Nutrient Databank (INDB) 2024.11,Direct INDB equivalent: Paneer pulao; INDB 2024.11 values are per 100 g and were converted to the CSV serving weight of 280 g. Range is a transparent prep-variability modeling band of ±10%; this range is not reported by INDB. Vitamin D = D2+D3; Vitamin K = K1+K2. Vitamin B12 is not present in the supplied INDB workbook and is therefore left TBD rather than fabricated.,High,,"Section 4/5: ingredients compiled from standard/typical recipes (not from INDB); allergens derived programmatically from that ingredient list using the spec vocabulary (dairy/egg/gluten/nuts/groundnut/soy/fish/shellfish); vitamin_b12 is a category-level estimate from standard published B12 values for the dish's primary animal-protein/dairy component (not from INDB, which has no B12 column); price is a rough India-wide market estimate, not measured data.",Anuvaad Indian Nutrient Databank (INDB) 2024.11,Direct INDB equivalent: Paneer pulao; INDB 2024.11 values are per 100 g and were converted to the CSV serving weight of 280 g. Range is a transparent prep-variability modeling band of ±10%; this range is not reported by INDB. Vitamin D = D2+D3; Vitamin K = K1+K2. Vitamin B12 is not present in the supplied INDB workbook and is therefore left TBD rather than fabricated.,High,USDA FoodData Central,"Category-level estimate: paneer is the dish's primary dairy component. Published Indian food-composition data for paneer/cottage cheese (~0.8 mcg/100g), scaled to a typical paneer-content fraction of this serving. Not from INDB.",Medium,PENDING_AUDIT,PENDING_AUDIT,PENDING_AUDIT,Exact,Paneer pulao,"prep-variability modeling band (internally generated, not source-reported)",10.0,No variants listed
FD081,Zeera Aloo with Rice,,,Rice & Lunch Mains,Curry-Rice Combos,1,plate,280,1719.471,2101.576,1.76,2.151,8.393,10.258,186.497,227.941,1.712,2.092,0.898,1.098,41.566,50.803,21.738,26.569,301.255,368.2,0.314,0.383,463.312,566.27,3.157,3.858,11.043,13.497,0.703,0.86,91.391,111.7,17.137,20.945,0.042,0.052,0.043,0.052,0.077,0.094,12.933,15.807,0.0,0.0,Vegetarian,,"rice, potato, cumin, spices",60,150,Anuvaad Indian Nutrient Databank (INDB) 2024.11,Direct INDB equivalent: Dum aloo; INDB 2024.11 values are per 100 g and were converted to the CSV serving weight of 280 g. Range is a transparent prep-variability modeling band of ±10%; this range is not reported by INDB. Vitamin D = D2+D3; Vitamin K = K1+K2. Vitamin B12 is not present in the supplied INDB workbook and is therefore left TBD rather than fabricated.,High,,"Section 4/5: ingredients compiled from standard/typical recipes (not from INDB); allergens derived programmatically from that ingredient list using the spec vocabulary (dairy/egg/gluten/nuts/groundnut/soy/fish/shellfish); vitamin_b12 is a category-level estimate from standard published B12 values for the dish's primary animal-protein/dairy component (not from INDB, which has no B12 column); price is a rough India-wide market estimate, not measured data.",Anuvaad Indian Nutrient Databank (INDB) 2024.11,Direct INDB equivalent: Dum aloo; INDB 2024.11 values are per 100 g and were converted to the CSV serving weight of 280 g. Range is a transparent prep-variability modeling band of ±10%; this range is not reported by INDB. Vitamin D = D2+D3; Vitamin K = K1+K2. Vitamin B12 is not present in the supplied INDB workbook and is therefore left TBD rather than fabricated.,High,N/A — no significant dietary B12 source,"Compiled ingredient list contains no meat, fish, egg, dairy solids, or fortified ingredient — only plant-based ingredients, and/or ghee/butter in amounts too small to contribute measurable B12 (B12 resides in milk solids/whey, not milk fat). Vitamin B12 is not naturally present in plant foods (USDA FoodData Central), so the value is retained at 0.0 rather than estimated.",High,PENDING_AUDIT,PENDING_AUDIT,PENDING_AUDIT,Exact,Dum aloo,"prep-variability modeling band (internally generated, not source-reported)",10.0,No variants listed
FD082,Rasam Rice,Saaru Sadam,,Rice & Lunch Mains,Rice Varieties,1,cup (cooked),180,43.32,52.946,1.833,2.241,5.459,6.672,1.429,1.746,2.585,3.159,0.949,1.16,26.825,32.786,23.753,29.032,211.662,258.698,0.268,0.327,168.653,206.131,0.0,0.0,7.177,8.771,4.897,5.985,0.54,0.66,21.062,25.743,0.053,0.065,0.04,0.049,0.058,0.071,11.916,14.564,0.0,0.0,Vegetarian,,"rice, tamarind, tomato, rasam powder",60,150,Anuvaad Indian Nutrient Databank (INDB) 2024.11,Direct INDB equivalent: Rasam with tamarind (Puli rasam/ Chintapandu rasam/ Charu/Saaru); INDB 2024.11 values are per 100 g and were converted to the CSV serving weight of 180 g. Range is a transparent prep-variability modeling band of ±10%; this range is not reported by INDB. Vitamin D = D2+D3; Vitamin K = K1+K2. Vitamin B12 is not present in the supplied INDB workbook and is therefore left TBD rather than fabricated.,High,,"Section 4/5: ingredients compiled from standard/typical recipes (not from INDB); allergens derived programmatically from that ingredient list using the spec vocabulary (dairy/egg/gluten/nuts/groundnut/soy/fish/shellfish); vitamin_b12 is a category-level estimate from standard published B12 values for the dish's primary animal-protein/dairy component (not from INDB, which has no B12 column); price is a rough India-wide market estimate, not measured data.",Anuvaad Indian Nutrient Databank (INDB) 2024.11,Direct INDB equivalent: Rasam with tamarind (Puli rasam/ Chintapandu rasam/ Charu/Saaru); INDB 2024.11 values are per 100 g and were converted to the CSV serving weight of 180 g. Range is a transparent prep-variability modeling band of ±10%; this range is not reported by INDB. Vitamin D = D2+D3; Vitamin K = K1+K2. Vitamin B12 is not present in the supplied INDB workbook and is therefore left TBD rather than fabricated.,High,N/A — no significant dietary B12 source,"Compiled ingredient list contains no meat, fish, egg, dairy solids, or fortified ingredient — only plant-based ingredients, and/or ghee/butter in amounts too small to contribute measurable B12 (B12 resides in milk solids/whey, not milk fat). Vitamin B12 is not naturally present in plant foods (USDA FoodData Central), so the value is retained at 0.0 rather than estimated.",High,PENDING_AUDIT,PENDING_AUDIT,PENDING_AUDIT,Exact,Rasam with tamarind (Puli rasam/ Chintapandu rasam/ Charu/Saaru),"prep-variability modeling band (internally generated, not source-reported)",10.0,No variants listed
FD083,Curry Leaf Rice,"Karuveppilai Sadam, Kariveppila Choru",,Rice & Lunch Mains,Rice Varieties,1,cup (cooked),180,237.851,356.777,3.547,5.32,34.081,51.121,9.586,14.378,1.652,2.477,0.32,0.48,6.346,9.519,12.03,18.045,65.472,98.208,0.487,0.731,2.663,3.994,78.797,118.195,0.0,0.0,0.173,0.259,0.307,0.461,1.469,2.203,0.076,0.113,0.03,0.046,0.097,0.146,4.651,6.977,0.0,0.0,Vegetarian,,"rice, curry leaves, mustard seeds, oil",60,150,Anuvaad Indian Nutrient Databank (INDB) 2024.11,"Section 2 fix: Boiled rice (Uble chawal) (92%) + butter (8%); INDB 2024.11 values are per 100 g (commodity components use standard published composition) and were converted to the CSV serving weight of 180 g. Range is a transparent prep-variability modeling band of ±20%; this range is not reported by INDB. Vitamin D = D2+D3; Vitamin K = K1+K2. Vitamin B12 is not present in the supplied INDB workbook and is therefore left TBD rather than fabricated. Curry Leaf Rice modeled as boiled rice plus a small tempering-oil allowance (curry leaves themselves contribute negligible macros), replacing the prior minced-meat-curry mismatch.",Medium,,"Section 2: re-derived from correct dish-level analogue (was: wrong-category/keyword-bug match per audit report). | Section 4/5: ingredients compiled from standard/typical recipes (not from INDB); allergens derived programmatically from that ingredient list using the spec vocabulary (dairy/egg/gluten/nuts/groundnut/soy/fish/shellfish); vitamin_b12 is a category-level estimate from standard published B12 values for the dish's primary animal-protein/dairy component (not from INDB, which has no B12 column); price is a rough India-wide market estimate, not measured data.",Anuvaad Indian Nutrient Databank (INDB) 2024.11,"Section 2 fix: Boiled rice (Uble chawal) (92%) + butter (8%); INDB 2024.11 values are per 100 g (commodity components use standard published composition) and were converted to the CSV serving weight of 180 g. Range is a transparent prep-variability modeling band of ±20%; this range is not reported by INDB. Vitamin D = D2+D3; Vitamin K = K1+K2. Vitamin B12 is not present in the supplied INDB workbook and is therefore left TBD rather than fabricated. Curry Leaf Rice modeled as boiled rice plus a small tempering-oil allowance (curry leaves themselves contribute negligible macros), replacing the prior minced-meat-curry mismatch.",Medium,N/A — no significant dietary B12 source,"Compiled ingredient list contains no meat, fish, egg, dairy solids, or fortified ingredient — only plant-based ingredients, and/or ghee/butter in amounts too small to contribute measurable B12 (B12 resides in milk solids/whey, not milk fat). Vitamin B12 is not naturally present in plant foods (USDA FoodData Central), so the value is retained at 0.0 rather than estimated.",High,PENDING_AUDIT,PENDING_AUDIT,PENDING_AUDIT,Ingredient composition,Boiled rice (Uble chawal) (92%) + butter (8%),"prep-variability modeling band (internally generated, not source-reported)",20.0,No variants listed
FD084,Prawn Biryani,,,Rice & Lunch Mains,Biryani & Pulao,1,plate,280,354.684,532.026,10.094,15.141,32.914,49.371,19.854,29.781,6.434,9.651,1.989,2.983,77.163,115.744,60.917,91.376,491.772,737.658,1.247,1.871,519.251,778.877,1.534,2.301,22.651,33.976,6.03,9.045,9.575,14.362,113.068,169.602,0.151,0.227,0.088,0.132,0.306,0.46,51.733,77.6,0.5,1.0,Non-Vegetarian,"Dairy, Shellfish","rice, prawn, curd, onion, biryani masala, oil",108,270,Anuvaad Indian Nutrient Databank (INDB) 2024.11,"Section 2 fix: Vegetable biryani/biriyani (75%) + Prawn curry (with coconut) (Jhinga curry) (25%); INDB 2024.11 values are per 100 g (commodity components use standard published composition) and were converted to the CSV serving weight of 280 g. Range is a transparent prep-variability modeling band of ±20%; this range is not reported by INDB. Vitamin D = D2+D3; Vitamin K = K1+K2. Vitamin B12 is not present in the supplied INDB workbook and is therefore left TBD rather than fabricated. Prawn Biryani modeled as a rice-biryani base plus a prawn-curry component, replacing the prior mutton-biryani mismatch (previously identical to FD059/FD060).",Medium,,"Section 2: re-derived from correct dish-level analogue (was: wrong-category/keyword-bug match per audit report). | Section 4/5: ingredients compiled from standard/typical recipes (not from INDB); allergens derived programmatically from that ingredient list using the spec vocabulary (dairy/egg/gluten/nuts/groundnut/soy/fish/shellfish); vitamin_b12 is a category-level estimate from standard published B12 values for the dish's primary animal-protein/dairy component (not from INDB, which has no B12 column); price is a rough India-wide market estimate, not measured data.",Anuvaad Indian Nutrient Databank (INDB) 2024.11,"Section 2 fix: Vegetable biryani/biriyani (75%) + Prawn curry (with coconut) (Jhinga curry) (25%); INDB 2024.11 values are per 100 g (commodity components use standard published composition) and were converted to the CSV serving weight of 280 g. Range is a transparent prep-variability modeling band of ±20%; this range is not reported by INDB. Vitamin D = D2+D3; Vitamin K = K1+K2. Vitamin B12 is not present in the supplied INDB workbook and is therefore left TBD rather than fabricated. Prawn Biryani modeled as a rice-biryani base plus a prawn-curry component, replacing the prior mutton-biryani mismatch (previously identical to FD059/FD060).",Medium,USDA FoodData Central,"Category-level estimate: prawn/shrimp is the dish's primary animal-protein component. USDA value for shrimp, cooked (~1.1-1.5 mcg/100g), scaled to a typical prawn-content fraction of this serving. Not from INDB.",Medium,PENDING_AUDIT,PENDING_AUDIT,PENDING_AUDIT,Ingredient composition,Vegetable biryani/biriyani (75%) + Prawn curry (with coconut) (Jhinga curry) (25%),"prep-variability modeling band (internally generated, not source-reported)",20.0,No variants listed
FD085,Thalassery Biryani,Malabar Biryani,,Rice & Lunch Mains,Biryani & Pulao,1,plate,280,480.723,587.551,18.589,22.719,56.688,69.285,19.466,23.791,6.086,7.439,3.262,3.987,172.825,211.231,48.186,58.894,534.369,653.118,1.162,1.421,661.859,808.939,2.546,3.112,12.465,15.235,5.123,6.261,5.008,6.121,17.482,21.367,0.273,0.333,0.184,0.225,0.271,0.331,36.464,44.567,1.0,2.0,Vegetarian,Dairy,"khyma rice, chicken/mutton, fried onion, ghee, whole spices",108,270,Anuvaad Indian Nutrient Databank (INDB) 2024.11,Direct INDB equivalent: Mutton biryani/biriyani; INDB 2024.11 values are per 100 g and were converted to the CSV serving weight of 280 g. Range is a transparent prep-variability modeling band of ±10%; this range is not reported by INDB. Vitamin D = D2+D3; Vitamin K = K1+K2. Vitamin B12 is not present in the supplied INDB workbook and is therefore left TBD rather than fabricated.,High,,"Section 4/5: ingredients compiled from standard/typical recipes (not from INDB); allergens derived programmatically from that ingredient list using the spec vocabulary (dairy/egg/gluten/nuts/groundnut/soy/fish/shellfish); vitamin_b12 is a category-level estimate from standard published B12 values for the dish's primary animal-protein/dairy component (not from INDB, which has no B12 column); price is a rough India-wide market estimate, not measured data.",Anuvaad Indian Nutrient Databank (INDB) 2024.11,Direct INDB equivalent: Mutton biryani/biriyani; INDB 2024.11 values are per 100 g and were converted to the CSV serving weight of 280 g. Range is a transparent prep-variability modeling band of ±10%; this range is not reported by INDB. Vitamin D = D2+D3; Vitamin K = K1+K2. Vitamin B12 is not present in the supplied INDB workbook and is therefore left TBD rather than fabricated.,High,USDA FoodData Central,"Category-level estimate: mutton/lamb is the dish's primary animal-protein component. USDA value for lamb/mutton, cooked, lean (~2.5-2.6 mcg/100g), scaled to a typical meat-content fraction of this serving. Not from INDB.",Medium,PENDING_AUDIT,PENDING_AUDIT,PENDING_AUDIT,Exact,Mutton biryani/biriyani,"prep-variability modeling band (internally generated, not source-reported)",10.0,No variants listed
FD086,Vangi Bath (Brinjal Rice),Kathirikai Sadam,,Rice & Lunch Mains,Rice Varieties,1,cup (cooked),180,299.369,365.896,8.552,10.452,51.418,62.844,5.952,7.274,7.186,8.783,3.096,3.784,58.348,71.314,75.739,92.569,494.638,604.557,1.427,1.745,95.67,116.93,0.0,0.0,1.797,2.196,5.896,7.207,1.349,1.649,14.631,17.882,0.221,0.27,0.118,0.145,0.195,0.238,42.903,52.437,0.0,0.0,Vegetarian,,"rice, brinjal, vangi bath powder, oil",60,150,Anuvaad Indian Nutrient Databank (INDB) 2024.11,Direct INDB equivalent: Eggplant/Brinjal rice (Vangi bhat); INDB 2024.11 values are per 100 g and were converted to the CSV serving weight of 180 g. Range is a transparent prep-variability modeling band of ±10%; this range is not reported by INDB. Vitamin D = D2+D3; Vitamin K = K1+K2. Vitamin B12 is not present in the supplied INDB workbook and is therefore left TBD rather than fabricated.,High,,"Section 4/5: ingredients compiled from standard/typical recipes (not from INDB); allergens derived programmatically from that ingredient list using the spec vocabulary (dairy/egg/gluten/nuts/groundnut/soy/fish/shellfish); vitamin_b12 is a category-level estimate from standard published B12 values for the dish's primary animal-protein/dairy component (not from INDB, which has no B12 column); price is a rough India-wide market estimate, not measured data.",Anuvaad Indian Nutrient Databank (INDB) 2024.11,Direct INDB equivalent: Eggplant/Brinjal rice (Vangi bhat); INDB 2024.11 values are per 100 g and were converted to the CSV serving weight of 180 g. Range is a transparent prep-variability modeling band of ±10%; this range is not reported by INDB. Vitamin D = D2+D3; Vitamin K = K1+K2. Vitamin B12 is not present in the supplied INDB workbook and is therefore left TBD rather than fabricated.,High,N/A — no significant dietary B12 source,"Compiled ingredient list contains no meat, fish, egg, dairy solids, or fortified ingredient — only plant-based ingredients, and/or ghee/butter in amounts too small to contribute measurable B12 (B12 resides in milk solids/whey, not milk fat). Vitamin B12 is not naturally present in plant foods (USDA FoodData Central), so the value is retained at 0.0 rather than estimated.",High,PENDING_AUDIT,PENDING_AUDIT,PENDING_AUDIT,Exact,Eggplant/Brinjal rice (Vangi bhat),"prep-variability modeling band (internally generated, not source-reported)",10.0,No variants listed
FD087,Keema Pulao,,,Rice & Lunch Mains,Biryani & Pulao,1,plate,280,329.546,402.778,16.425,20.075,28.376,34.681,27.166,33.203,4.16,5.085,3.144,3.842,125.672,153.599,57.681,70.499,447.709,547.2,1.04,1.272,7851.28,9596.008,20.727,25.333,1.702,2.08,0.951,1.162,5.314,6.494,5.122,6.26,0.161,0.196,0.104,0.127,0.127,0.155,14.961,18.286,1.0,2.0,Vegetarian,Dairy,"rice, minced meat (keema), onion, whole spices, ghee",60,150,Anuvaad Indian Nutrient Databank (INDB) 2024.11,Direct INDB equivalent: Mutton pulao; INDB 2024.11 values are per 100 g and were converted to the CSV serving weight of 280 g. Range is a transparent prep-variability modeling band of ±10%; this range is not reported by INDB. Vitamin D = D2+D3; Vitamin K = K1+K2. Vitamin B12 is not present in the supplied INDB workbook and is therefore left TBD rather than fabricated.,High,,"Section 4/5: ingredients compiled from standard/typical recipes (not from INDB); allergens derived programmatically from that ingredient list using the spec vocabulary (dairy/egg/gluten/nuts/groundnut/soy/fish/shellfish); vitamin_b12 is a category-level estimate from standard published B12 values for the dish's primary animal-protein/dairy component (not from INDB, which has no B12 column); price is a rough India-wide market estimate, not measured data. | QC flag (this audit pass): the cited real INDB entry ""Mutton pulao"" is itself internally inconsistent (stated calories are ~29% below what its own protein/carb/fat grams imply) -- a limitation in the source data, not a matching error. Value kept as-is (genuine INDB citation) rather than silently adjusted; flagged for manual source review. | B12 audit: ingredients list “minced meat (keema)” but vitamin_b12 was left at 0.0/0.0 — a real gap, not a true zero. Corrected to 1.0/2.0 mcg to match the established mutton-dish category placeholder (consistent with Mutton Biryani/Thalassery Biryani, which use the same rice-forward mutton profile).",Anuvaad Indian Nutrient Databank (INDB) 2024.11,Direct INDB equivalent: Mutton pulao; INDB 2024.11 values are per 100 g and were converted to the CSV serving weight of 280 g. Range is a transparent prep-variability modeling band of ±10%; this range is not reported by INDB. Vitamin D = D2+D3; Vitamin K = K1+K2. Vitamin B12 is not present in the supplied INDB workbook and is therefore left TBD rather than fabricated.,High,USDA FoodData Central,"Category-level estimate: mutton/lamb is the dish's primary animal-protein component. USDA value for lamb/mutton, cooked, lean (~2.5-2.6 mcg/100g), scaled to a typical meat-content fraction of this serving. Not from INDB.",Medium,PENDING_AUDIT,PENDING_AUDIT,PENDING_AUDIT,Exact,Mutton pulao,"prep-variability modeling band (internally generated, not source-reported)",10.0,No variants listed
FD088,Sambar,Sambhar,Arachuvitta Sambar (fresh-ground masala),Vegetable Sides & Curries,Soups/Accompaniments,1,bowl,120,104.672,127.932,3.618,4.422,11.413,13.949,4.733,5.785,3.803,4.649,1.335,1.632,32.657,39.914,34.737,42.456,322.157,393.748,0.503,0.615,172.301,210.59,0.0,0.0,8.542,10.44,3.571,4.364,1.122,1.372,36.892,45.09,0.087,0.106,0.049,0.06,0.085,0.104,28.627,34.988,0.0,0.0,Vegetarian,,"toor dal, tamarind, mixed vegetables, sambar powder",60,140,Anuvaad Indian Nutrient Databank (INDB) 2024.11,Direct INDB equivalent: Sambar; INDB 2024.11 values are per 100 g and were converted to the CSV serving weight of 120 g. Range is a transparent prep-variability modeling band of ±10%; this range is not reported by INDB. Vitamin D = D2+D3; Vitamin K = K1+K2. Vitamin B12 is not present in the supplied INDB workbook and is therefore left TBD rather than fabricated.,High,"Arachuvitta Sambar uses a freshly ground coconut-spice paste rather than sambar powder, typically richer in fat than the standard base. Consider splitting out.","Section 7: subcategory Vegetable Curry -> Soups/Accompaniments (thin, ladled-over-rice preparation) | Section 4/5: ingredients compiled from standard/typical recipes (not from INDB); allergens derived programmatically from that ingredient list using the spec vocabulary (dairy/egg/gluten/nuts/groundnut/soy/fish/shellfish); vitamin_b12 is a category-level estimate from standard published B12 values for the dish's primary animal-protein/dairy component (not from INDB, which has no B12 column); price is a rough India-wide market estimate, not measured data.",Anuvaad Indian Nutrient Databank (INDB) 2024.11,Direct INDB equivalent: Sambar; INDB 2024.11 values are per 100 g and were converted to the CSV serving weight of 120 g. Range is a transparent prep-variability modeling band of ±10%; this range is not reported by INDB. Vitamin D = D2+D3; Vitamin K = K1+K2. Vitamin B12 is not present in the supplied INDB workbook and is therefore left TBD rather than fabricated.,High,N/A — no significant dietary B12 source,"Compiled ingredient list contains no meat, fish, egg, dairy solids, or fortified ingredient — only plant-based ingredients, and/or ghee/butter in amounts too small to contribute measurable B12 (B12 resides in milk solids/whey, not milk fat). Vitamin B12 is not naturally present in plant foods (USDA FoodData Central), so the value is retained at 0.0 rather than estimated.",High,PENDING_AUDIT,PENDING_AUDIT,PENDING_AUDIT,Exact,Sambar,"prep-variability modeling band (internally generated, not source-reported)",10.0,"Reviewed — distinct variant, split recommended"
FD089,Rasam,"Saaru, Charu, Chaaru",Milagu Rasam (Pepper Rasam),Vegetable Sides & Curries,Soups/Accompaniments,1,bowl,120,28.88,35.298,1.222,1.494,3.639,4.448,0.952,1.164,1.723,2.106,0.633,0.773,17.883,21.857,15.836,19.355,141.108,172.465,0.178,0.218,112.435,137.421,0.0,0.0,4.784,5.848,3.265,3.99,0.36,0.44,14.042,17.162,0.035,0.043,0.027,0.033,0.039,0.047,7.944,9.71,0.0,0.0,Vegetarian,,"tamarind, tomato, rasam powder, curry leaves",60,140,Anuvaad Indian Nutrient Databank (INDB) 2024.11,Direct INDB equivalent: Rasam with tamarind (Puli rasam/ Chintapandu rasam/ Charu/Saaru); INDB 2024.11 values are per 100 g and were converted to the CSV serving weight of 120 g. Range is a transparent prep-variability modeling band of ±10%; this range is not reported by INDB. Vitamin D = D2+D3; Vitamin K = K1+K2. Vitamin B12 is not present in the supplied INDB workbook and is therefore left TBD rather than fabricated.,High,"Milagu Rasam is a pepper-forward version, often without tomato/dal, close enough in overall composition to the base rasam that a split is not essential.","Section 7: subcategory Vegetable Curry -> Soups/Accompaniments (thin, ladled-over-rice preparation) | Section 4/5: ingredients compiled from standard/typical recipes (not from INDB); allergens derived programmatically from that ingredient list using the spec vocabulary (dairy/egg/gluten/nuts/groundnut/soy/fish/shellfish); vitamin_b12 is a category-level estimate from standard published B12 values for the dish's primary animal-protein/dairy component (not from INDB, which has no B12 column); price is a rough India-wide market estimate, not measured data.",Anuvaad Indian Nutrient Databank (INDB) 2024.11,Direct INDB equivalent: Rasam with tamarind (Puli rasam/ Chintapandu rasam/ Charu/Saaru); INDB 2024.11 values are per 100 g and were converted to the CSV serving weight of 120 g. Range is a transparent prep-variability modeling band of ±10%; this range is not reported by INDB. Vitamin D = D2+D3; Vitamin K = K1+K2. Vitamin B12 is not present in the supplied INDB workbook and is therefore left TBD rather than fabricated.,High,N/A — no significant dietary B12 source,"Compiled ingredient list contains no meat, fish, egg, dairy solids, or fortified ingredient — only plant-based ingredients, and/or ghee/butter in amounts too small to contribute measurable B12 (B12 resides in milk solids/whey, not milk fat). Vitamin B12 is not naturally present in plant foods (USDA FoodData Central), so the value is retained at 0.0 rather than estimated.",High,PENDING_AUDIT,PENDING_AUDIT,PENDING_AUDIT,Exact,Rasam with tamarind (Puli rasam/ Chintapandu rasam/ Charu/Saaru),"prep-variability modeling band (internally generated, not source-reported)",10.0,"Reviewed — minor variant, no split needed"
FD090,Vegetable Kurma,Veg Korma,,Vegetable Sides & Curries,Vegetable Curry,1,bowl,120,78.9,118.35,4.076,6.113,6.225,9.338,6.225,9.337,2.743,4.115,1.271,1.906,37.144,55.716,25.263,37.894,219.68,329.52,0.522,0.783,1641.701,2462.551,7.197,10.795,14.695,22.043,4.12,6.18,1.208,1.812,15.573,23.36,0.077,0.116,0.028,0.042,0.081,0.122,19.677,29.516,0.0,0.0,Vegetarian,Nuts,"mixed vegetables, coconut, cashew/poppy seed paste, spices",84,196,Anuvaad Indian Nutrient Databank (INDB) 2024.11,Section 3 (duplicate-profile fix): Vegetable Kurma modeled as a coconut-based vegetable curry plus a nut-paste-richness proxy (representing the cashew/poppy-seed paste kurma typically includes). Components: Vegetable curry with coconut (80%) + Almond soup (Badam ka soup) (20%); INDB 2024.11 values are per 100 g and were converted to the CSV serving weight of 120 g. Range is a transparent prep-variability modeling band of ±20%; this range is not reported by INDB. Vitamin D = D2+D3; Vitamin K = K1+K2. Vitamin B12 is not present in the supplied INDB workbook and is therefore left TBD rather than fabricated.,Low,,"Section 3: differentiated from a previously identical duplicate-profile group per audit Section C. | Section 4/5: ingredients compiled from standard/typical recipes (not from INDB); allergens derived programmatically from that ingredient list using the spec vocabulary (dairy/egg/gluten/nuts/groundnut/soy/fish/shellfish); vitamin_b12 is a category-level estimate from standard published B12 values for the dish's primary animal-protein/dairy component (not from INDB, which has no B12 column); price is a rough India-wide market estimate, not measured data. | QC flag (this audit pass): already correctly marked Low confidence for this composite estimate (Section 3 fix); the ~23% macro/calorie gap traces to the same category of source-side rounding seen in FD087/FD057, not a new error. No change made.",Anuvaad Indian Nutrient Databank (INDB) 2024.11,Section 3 (duplicate-profile fix): Vegetable Kurma modeled as a coconut-based vegetable curry plus a nut-paste-richness proxy (representing the cashew/poppy-seed paste kurma typically includes). Components: Vegetable curry with coconut (80%) + Almond soup (Badam ka soup) (20%); INDB 2024.11 values are per 100 g and were converted to the CSV serving weight of 120 g. Range is a transparent prep-variability modeling band of ±20%; this range is not reported by INDB. Vitamin D = D2+D3; Vitamin K = K1+K2. Vitamin B12 is not present in the supplied INDB workbook and is therefore left TBD rather than fabricated.,Low,N/A — no significant dietary B12 source,"Compiled ingredient list contains no meat, fish, egg, dairy solids, or fortified ingredient — only plant-based ingredients, and/or ghee/butter in amounts too small to contribute measurable B12 (B12 resides in milk solids/whey, not milk fat). Vitamin B12 is not naturally present in plant foods (USDA FoodData Central), so the value is retained at 0.0 rather than estimated.",High,PENDING_AUDIT,PENDING_AUDIT,PENDING_AUDIT,Close recipe,Vegetable curry with coconut (80%) + Almond soup (Badam ka soup) (20%),"prep-variability modeling band (internally generated, not source-reported)",20.0,No variants listed
FD091,Avial,,,Vegetable Sides & Curries,Vegetable Curry,1,bowl,120,134.524,164.418,2.658,3.248,9.151,11.184,9.652,11.797,5.879,7.185,1.094,1.337,34.453,42.109,39.313,48.049,408.562,499.354,0.428,0.523,88.015,107.574,0.0,0.0,30.506,37.285,2.414,2.95,1.127,1.377,96.661,118.141,0.053,0.065,0.047,0.057,0.186,0.227,34.851,42.596,0.05,0.15,Vegetarian,Dairy,"mixed vegetables, coconut, curd, curry leaves, coconut oil",60,140,Anuvaad Indian Nutrient Databank (INDB) 2024.11,Direct INDB equivalent: Avial; INDB 2024.11 values are per 100 g and were converted to the CSV serving weight of 120 g. Range is a transparent prep-variability modeling band of ±10%; this range is not reported by INDB. Vitamin D = D2+D3; Vitamin K = K1+K2. Vitamin B12 is not present in the supplied INDB workbook and is therefore left TBD rather than fabricated.,High,,"Section 4/5: ingredients compiled from standard/typical recipes (not from INDB); allergens derived programmatically from that ingredient list using the spec vocabulary (dairy/egg/gluten/nuts/groundnut/soy/fish/shellfish); vitamin_b12 is a category-level estimate from standard published B12 values for the dish's primary animal-protein/dairy component (not from INDB, which has no B12 column); price is a rough India-wide market estimate, not measured data.",Anuvaad Indian Nutrient Databank (INDB) 2024.11,Direct INDB equivalent: Avial; INDB 2024.11 values are per 100 g and were converted to the CSV serving weight of 120 g. Range is a transparent prep-variability modeling band of ±10%; this range is not reported by INDB. Vitamin D = D2+D3; Vitamin K = K1+K2. Vitamin B12 is not present in the supplied INDB workbook and is therefore left TBD rather than fabricated.,High,USDA FoodData Central,"Category-level estimate: curd/yogurt or milk is the dish's primary (or only) dairy component. USDA values for plain curd/yogurt and whole milk (~0.4-0.6 mcg/100g), scaled to a typical dairy-content fraction of this serving. Not from INDB.",Medium,PENDING_AUDIT,PENDING_AUDIT,PENDING_AUDIT,Exact,Avial,"prep-variability modeling band (internally generated, not source-reported)",10.0,No variants listed
FD092,Mixed Vegetable Kootu,Kootu,,Vegetable Sides & Curries,Vegetable Curry,1,bowl,120,84.733,114.638,2.829,3.828,7.329,9.916,4.749,6.425,3.412,4.617,0.966,1.307,20.018,27.084,23.625,31.963,219.778,297.346,0.463,0.627,44.266,59.889,0.0,0.0,19.106,25.85,5.383,7.283,1.349,1.825,19.812,26.804,0.097,0.131,0.023,0.031,0.101,0.136,24.067,32.561,0.0,0.0,Vegetarian,,"mixed vegetables, moong dal, coconut, spices",60,140,INDB 2024.11,"Real INDB entry: Vegetable curry with coconut, 100%; converted to serving weight. Replaces the prior ""Mixed vegetable soup"" match, which produced an internally impossible macro/calorie ratio (12-15g fat with only ~43 kcal).",Medium,,"Section 4/5: ingredients compiled from standard/typical recipes (not from INDB); allergens derived programmatically from that ingredient list using the spec vocabulary (dairy/egg/gluten/nuts/groundnut/soy/fish/shellfish); vitamin_b12 is a category-level estimate from standard published B12 values for the dish's primary animal-protein/dairy component (not from INDB, which has no B12 column); price is a rough India-wide market estimate, not measured data. | Audit-pass-2: re-sourced after cross-check found the previous analogue was never actually fixed despite fix_notes claiming so",INDB 2024.11,"Real INDB entry: Vegetable curry with coconut, 100%; converted to serving weight. Replaces the prior ""Mixed vegetable soup"" match, which produced an internally impossible macro/calorie ratio (12-15g fat with only ~43 kcal).",Medium,N/A — no significant dietary B12 source,"Compiled ingredient list contains no meat, fish, egg, dairy solids, or fortified ingredient — only plant-based ingredients, and/or ghee/butter in amounts too small to contribute measurable B12 (B12 resides in milk solids/whey, not milk fat). Vitamin B12 is not naturally present in plant foods (USDA FoodData Central), so the value is retained at 0.0 rather than estimated.",High,PENDING_AUDIT,PENDING_AUDIT,PENDING_AUDIT,Exact,INDB 2024.11,not specified,,No variants listed
FD093,Mixed Vegetable Poriyal,"Poriyal (see also Thoran, the Kerala-style version)",,Vegetable Sides & Curries,Vegetable Curry,1,bowl,120,142.162,173.753,2.828,3.457,4.745,5.799,12.305,15.039,6.032,7.372,1.449,1.771,56.071,68.531,44.202,54.025,363.76,444.595,0.479,0.585,293.386,358.583,0.0,0.0,4.353,5.321,3.941,4.816,3.378,4.128,26.595,32.505,0.062,0.076,0.076,0.092,0.371,0.453,54.791,66.967,0.0,0.0,Vegetarian,,"mixed vegetables, grated coconut, mustard seeds, oil",60,140,Anuvaad Indian Nutrient Databank (INDB) 2024.11,Direct INDB equivalent: Beans with coconut (Nariyal aur sem/phali; Beans thoran); INDB 2024.11 values are per 100 g and were converted to the CSV serving weight of 120 g. Range is a transparent prep-variability modeling band of ±10%; this range is not reported by INDB. Vitamin D = D2+D3; Vitamin K = K1+K2. Vitamin B12 is not present in the supplied INDB workbook and is therefore left TBD rather than fabricated.,High,,"Section 3: reviewed per audit Section C; overlap with related dish(es) judged plausible/low-priority and left unchanged. | Section 4/5: ingredients compiled from standard/typical recipes (not from INDB); allergens derived programmatically from that ingredient list using the spec vocabulary (dairy/egg/gluten/nuts/groundnut/soy/fish/shellfish); vitamin_b12 is a category-level estimate from standard published B12 values for the dish's primary animal-protein/dairy component (not from INDB, which has no B12 column); price is a rough India-wide market estimate, not measured data.",Anuvaad Indian Nutrient Databank (INDB) 2024.11,Direct INDB equivalent: Beans with coconut (Nariyal aur sem/phali; Beans thoran); INDB 2024.11 values are per 100 g and were converted to the CSV serving weight of 120 g. Range is a transparent prep-variability modeling band of ±10%; this range is not reported by INDB. Vitamin D = D2+D3; Vitamin K = K1+K2. Vitamin B12 is not present in the supplied INDB workbook and is therefore left TBD rather than fabricated.,High,N/A — no significant dietary B12 source,"Compiled ingredient list contains no meat, fish, egg, dairy solids, or fortified ingredient — only plant-based ingredients, and/or ghee/butter in amounts too small to contribute measurable B12 (B12 resides in milk solids/whey, not milk fat). Vitamin B12 is not naturally present in plant foods (USDA FoodData Central), so the value is retained at 0.0 rather than estimated.",High,PENDING_AUDIT,PENDING_AUDIT,PENDING_AUDIT,Close recipe,Beans with coconut (Nariyal aur sem/phali,"prep-variability modeling band (internally generated, not source-reported)",10.0,No variants listed
FD094,Thoran,Kerala-style Poriyal,,Vegetable Sides & Curries,Vegetable Curry,1,bowl,120,142.162,173.753,2.828,3.457,4.745,5.799,12.305,15.039,6.032,7.372,1.449,1.771,56.071,68.531,44.202,54.025,363.76,444.595,0.479,0.585,293.386,358.583,0.0,0.0,4.353,5.321,3.941,4.816,3.378,4.128,26.595,32.505,0.062,0.076,0.076,0.092,0.371,0.453,54.791,66.967,0.0,0.0,Vegetarian,,"cabbage/beans, grated coconut, mustard seeds, coconut oil",60,140,Anuvaad Indian Nutrient Databank (INDB) 2024.11,Direct INDB equivalent: Beans with coconut (Nariyal aur sem/phali; Beans thoran); INDB 2024.11 values are per 100 g and were converted to the CSV serving weight of 120 g. Range is a transparent prep-variability modeling band of ±10%; this range is not reported by INDB. Vitamin D = D2+D3; Vitamin K = K1+K2. Vitamin B12 is not present in the supplied INDB workbook and is therefore left TBD rather than fabricated.,High,,"Section 3: reviewed per audit Section C; overlap with related dish(es) judged plausible/low-priority and left unchanged. | Section 4/5: ingredients compiled from standard/typical recipes (not from INDB); allergens derived programmatically from that ingredient list using the spec vocabulary (dairy/egg/gluten/nuts/groundnut/soy/fish/shellfish); vitamin_b12 is a category-level estimate from standard published B12 values for the dish's primary animal-protein/dairy component (not from INDB, which has no B12 column); price is a rough India-wide market estimate, not measured data.",Anuvaad Indian Nutrient Databank (INDB) 2024.11,Direct INDB equivalent: Beans with coconut (Nariyal aur sem/phali; Beans thoran); INDB 2024.11 values are per 100 g and were converted to the CSV serving weight of 120 g. Range is a transparent prep-variability modeling band of ±10%; this range is not reported by INDB. Vitamin D = D2+D3; Vitamin K = K1+K2. Vitamin B12 is not present in the supplied INDB workbook and is therefore left TBD rather than fabricated.,High,N/A — no significant dietary B12 source,"Compiled ingredient list contains no meat, fish, egg, dairy solids, or fortified ingredient — only plant-based ingredients, and/or ghee/butter in amounts too small to contribute measurable B12 (B12 resides in milk solids/whey, not milk fat). Vitamin B12 is not naturally present in plant foods (USDA FoodData Central), so the value is retained at 0.0 rather than estimated.",High,PENDING_AUDIT,PENDING_AUDIT,PENDING_AUDIT,Close recipe,Beans with coconut (Nariyal aur sem/phali,"prep-variability modeling band (internally generated, not source-reported)",10.0,No variants listed
FD095,Kerala Vegetable Stew,"Ishtu, Stew",,Vegetable Sides & Curries,Vegetable Curry,1,bowl,120,84.733,114.638,2.829,3.828,7.329,9.916,4.749,6.425,3.412,4.617,0.966,1.307,20.018,27.084,23.625,31.963,219.778,297.346,0.463,0.627,44.266,59.889,0.0,0.0,19.106,25.85,5.383,7.283,1.349,1.825,19.812,26.804,0.097,0.131,0.023,0.031,0.101,0.136,24.067,32.561,0.05,0.15,Vegetarian,Dairy,"mixed vegetables, coconut milk, whole spices",60,140,Anuvaad Indian Nutrient Databank (INDB) 2024.11,"Section 3 (duplicate-profile fix): Kerala Vegetable Stew modeled directly on INDB coconut-based vegetable curry (lighter, coconut-milk style, no nut paste), now distinct from the richer Kurma above. Components: Vegetable curry with coconut (100%); INDB 2024.11 values are per 100 g and were converted to the CSV serving weight of 120 g. Range is a transparent prep-variability modeling band of ±15%; this range is not reported by INDB. Vitamin D = D2+D3; Vitamin K = K1+K2. Vitamin B12 is not present in the supplied INDB workbook and is therefore left TBD rather than fabricated.",Medium,,"Section 3: differentiated from a previously identical duplicate-profile group per audit Section C. | Section 4/5: ingredients compiled from standard/typical recipes (not from INDB); allergens derived programmatically from that ingredient list using the spec vocabulary (dairy/egg/gluten/nuts/groundnut/soy/fish/shellfish); vitamin_b12 is a category-level estimate from standard published B12 values for the dish's primary animal-protein/dairy component (not from INDB, which has no B12 column); price is a rough India-wide market estimate, not measured data.",Anuvaad Indian Nutrient Databank (INDB) 2024.11,"Section 3 (duplicate-profile fix): Kerala Vegetable Stew modeled directly on INDB coconut-based vegetable curry (lighter, coconut-milk style, no nut paste), now distinct from the richer Kurma above. Components: Vegetable curry with coconut (100%); INDB 2024.11 values are per 100 g and were converted to the CSV serving weight of 120 g. Range is a transparent prep-variability modeling band of ±15%; this range is not reported by INDB. Vitamin D = D2+D3; Vitamin K = K1+K2. Vitamin B12 is not present in the supplied INDB workbook and is therefore left TBD rather than fabricated.",Medium,USDA FoodData Central,"Category-level estimate: curd/yogurt or milk is the dish's primary (or only) dairy component. USDA values for plain curd/yogurt and whole milk (~0.4-0.6 mcg/100g), scaled to a typical dairy-content fraction of this serving. Not from INDB.",Medium,PENDING_AUDIT,PENDING_AUDIT,PENDING_AUDIT,Close recipe,Vegetable curry with coconut (100%),"prep-variability modeling band (internally generated, not source-reported)",15.0,No variants listed
FD096,Mor Kuzhambu,"Majjige Huli, More Kulambu",,Vegetable Sides & Curries,Soups/Accompaniments,1,bowl,120,77.39,116.085,1.837,2.756,3.326,4.99,6.517,9.776,1.629,2.444,0.326,0.489,38.172,57.259,9.501,14.251,103.92,155.88,0.22,0.329,149.877,224.815,4.763,7.145,4.089,6.134,0.087,0.131,0.802,1.203,3.106,4.659,0.02,0.03,0.058,0.087,0.037,0.055,7.561,11.342,0.05,0.15,Vegetarian,Dairy,"buttermilk, ground coconut-cumin paste, vegetable, curry leaves",60,140,Anuvaad Indian Nutrient Databank (INDB) 2024.11,"Section 2 fix: Lassi (salted) (75%) + Coconut chutney (Nariyal ki chutney) (25%); INDB 2024.11 values are per 100 g (commodity components use standard published composition) and were converted to the CSV serving weight of 120 g. Range is a transparent prep-variability modeling band of ±20%; this range is not reported by INDB. Vitamin D = D2+D3; Vitamin K = K1+K2. Vitamin B12 is not present in the supplied INDB workbook and is therefore left TBD rather than fabricated. Mor Kuzhambu modeled as a buttermilk base plus a ground-coconut component (its two defining ingredients), replacing the prior tomato-ketchup mismatch. No direct buttermilk-gravy analogue exists in the workbook.",Low,,"Section 7: subcategory Vegetable Curry -> Soups/Accompaniments (thin, ladled-over-rice preparation) | Section 2: re-derived from correct dish-level analogue (was: wrong-category/keyword-bug match per audit report). | Section 4/5: ingredients compiled from standard/typical recipes (not from INDB); allergens derived programmatically from that ingredient list using the spec vocabulary (dairy/egg/gluten/nuts/groundnut/soy/fish/shellfish); vitamin_b12 is a category-level estimate from standard published B12 values for the dish's primary animal-protein/dairy component (not from INDB, which has no B12 column); price is a rough India-wide market estimate, not measured data.",Anuvaad Indian Nutrient Databank (INDB) 2024.11,"Section 2 fix: Lassi (salted) (75%) + Coconut chutney (Nariyal ki chutney) (25%); INDB 2024.11 values are per 100 g (commodity components use standard published composition) and were converted to the CSV serving weight of 120 g. Range is a transparent prep-variability modeling band of ±20%; this range is not reported by INDB. Vitamin D = D2+D3; Vitamin K = K1+K2. Vitamin B12 is not present in the supplied INDB workbook and is therefore left TBD rather than fabricated. Mor Kuzhambu modeled as a buttermilk base plus a ground-coconut component (its two defining ingredients), replacing the prior tomato-ketchup mismatch. No direct buttermilk-gravy analogue exists in the workbook.",Low,USDA FoodData Central,"Category-level estimate: curd/yogurt or milk is the dish's primary (or only) dairy component. USDA values for plain curd/yogurt and whole milk (~0.4-0.6 mcg/100g), scaled to a typical dairy-content fraction of this serving. Not from INDB.",Medium,PENDING_AUDIT,PENDING_AUDIT,PENDING_AUDIT,Ingredient composition,Lassi (salted) (75%) + Coconut chutney (Nariyal ki chutney) (25%),"prep-variability modeling band (internally generated, not source-reported)",20.0,No variants listed
FD097,Kara Kuzhambu,Vatha Kuzhambu (related tamarind curry),,Vegetable Sides & Curries,Soups/Accompaniments,1,bowl,120,98.233,163.721,0.79,1.317,22.559,37.599,0.435,0.725,1.483,2.472,1.752,2.92,36.266,60.443,29.619,49.365,212.037,353.395,0.202,0.337,68.049,113.414,2.291,3.819,0.726,1.211,2.23,3.716,0.033,0.056,1.086,1.81,0.036,0.06,0.014,0.023,0.117,0.194,4.411,7.352,0.0,0.0,Vegetarian,,"tamarind, vegetable, sambar powder, sesame oil",60,140,Anuvaad Indian Nutrient Databank (INDB) 2024.11,"Section 2 fix: Tamarind chutney (Chintapandu pachadi/Puli chutney) (100%); INDB 2024.11 values are per 100 g (commodity components use standard published composition) and were converted to the CSV serving weight of 120 g. Range is a transparent prep-variability modeling band of ±25%; this range is not reported by INDB. Vitamin D = D2+D3; Vitamin K = K1+K2. Vitamin B12 is not present in the supplied INDB workbook and is therefore left TBD rather than fabricated. Kara Kuzhambu modeled on INDB tamarind chutney (closest available tamarind-based savory base) diluted conceptually as a gravy rather than a concentrate; treat as directional only, replacing the prior dhokla mismatch.",Low,,"Section 7: subcategory Vegetable Curry -> Soups/Accompaniments (thin, ladled-over-rice preparation) | Section 2: re-derived from correct dish-level analogue (was: wrong-category/keyword-bug match per audit report). | Section 4/5: ingredients compiled from standard/typical recipes (not from INDB); allergens derived programmatically from that ingredient list using the spec vocabulary (dairy/egg/gluten/nuts/groundnut/soy/fish/shellfish); vitamin_b12 is a category-level estimate from standard published B12 values for the dish's primary animal-protein/dairy component (not from INDB, which has no B12 column); price is a rough India-wide market estimate, not measured data.",Anuvaad Indian Nutrient Databank (INDB) 2024.11,"Section 2 fix: Tamarind chutney (Chintapandu pachadi/Puli chutney) (100%); INDB 2024.11 values are per 100 g (commodity components use standard published composition) and were converted to the CSV serving weight of 120 g. Range is a transparent prep-variability modeling band of ±25%; this range is not reported by INDB. Vitamin D = D2+D3; Vitamin K = K1+K2. Vitamin B12 is not present in the supplied INDB workbook and is therefore left TBD rather than fabricated. Kara Kuzhambu modeled on INDB tamarind chutney (closest available tamarind-based savory base) diluted conceptually as a gravy rather than a concentrate; treat as directional only, replacing the prior dhokla mismatch.",Low,N/A — no significant dietary B12 source,"Compiled ingredient list contains no meat, fish, egg, dairy solids, or fortified ingredient — only plant-based ingredients, and/or ghee/butter in amounts too small to contribute measurable B12 (B12 resides in milk solids/whey, not milk fat). Vitamin B12 is not naturally present in plant foods (USDA FoodData Central), so the value is retained at 0.0 rather than estimated.",High,PENDING_AUDIT,PENDING_AUDIT,PENDING_AUDIT,Ingredient composition,Tamarind chutney (Chintapandu pachadi/Puli chutney) (100%),"prep-variability modeling band (internally generated, not source-reported)",25.0,No variants listed
FD098,Vendakkai Masala (Okra Curry),"Bhindi Masala, Bhindi Masala",,Vegetable Sides & Curries,Vegetable Curry,1,bowl,120,113.025,152.916,1.867,2.526,4.593,6.214,9.459,12.797,3.641,4.925,0.902,1.22,69.241,93.679,53.653,72.589,237.696,321.588,0.416,0.563,94.631,128.03,0.0,0.0,17.828,24.121,5.683,7.689,4.915,6.65,17.499,23.675,0.038,0.051,0.055,0.075,0.221,0.299,52.29,70.746,0.0,0.0,Vegetarian,,"okra, onion, tomato, spices, oil",60,140,INDB 2024.11,"Real INDB entry: Okra/Lady's fingers fry (Bhindi sabzi/sabji/subji), 100%; converted to serving weight. Replaces a prior citation of ""okra raw,"" which does not exist as a standalone entry in this INDB extract.",Medium,,"Section 2: re-derived from correct dish-level analogue (was: wrong-category/keyword-bug match per audit report). | Section 3: differentiated from a previously identical duplicate-profile group per audit Section C. | Section 4/5: ingredients compiled from standard/typical recipes (not from INDB); allergens derived programmatically from that ingredient list using the spec vocabulary (dairy/egg/gluten/nuts/groundnut/soy/fish/shellfish); vitamin_b12 is a category-level estimate from standard published B12 values for the dish's primary animal-protein/dairy component (not from INDB, which has no B12 column); price is a rough India-wide market estimate, not measured data. | Audit-pass-2: re-sourced after INDB citation was found to not exist in the real dataset",INDB 2024.11,"Real INDB entry: Okra/Lady's fingers fry (Bhindi sabzi/sabji/subji), 100%; converted to serving weight. Replaces a prior citation of ""okra raw,"" which does not exist as a standalone entry in this INDB extract.",Medium,N/A — no significant dietary B12 source,"Compiled ingredient list contains no meat, fish, egg, dairy solids, or fortified ingredient — only plant-based ingredients, and/or ghee/butter in amounts too small to contribute measurable B12 (B12 resides in milk solids/whey, not milk fat). Vitamin B12 is not naturally present in plant foods (USDA FoodData Central), so the value is retained at 0.0 rather than estimated.",High,PENDING_AUDIT,PENDING_AUDIT,PENDING_AUDIT,Exact,INDB 2024.11,not specified,,No variants listed
FD099,Baingan Bharta,"Baigan Bharta, Brinjal Bharta",,Vegetable Sides & Curries,Vegetable Curry,1,bowl,120,39.402,53.308,1.611,2.18,4.212,5.698,1.656,2.24,2.387,3.23,0.327,0.443,26.762,36.208,15.876,21.48,191.755,259.433,0.243,0.329,81.25,109.926,0.0,0.0,16.188,21.902,7.381,9.985,0.622,0.842,18.805,25.442,0.046,0.062,0.049,0.066,0.081,0.109,24.618,33.307,0.0,0.0,Vegetarian,,"roasted brinjal, onion, tomato, spices, oil",60,140,Anuvaad Indian Nutrient Databank (INDB) 2024.11,"Section 3 (duplicate-profile fix): Baingan Bharta modeled on INDB baked/roasted brinjal (matches its roast-and-mash preparation, lower oil than a fry). Components: Baked brinjal in tomato sauce (100%); INDB 2024.11 values are per 100 g and were converted to the CSV serving weight of 120 g. Range is a transparent prep-variability modeling band of ±15%; this range is not reported by INDB. Vitamin D = D2+D3; Vitamin K = K1+K2. Vitamin B12 is not present in the supplied INDB workbook and is therefore left TBD rather than fabricated.",Medium,,"Section 3: differentiated from a previously identical duplicate-profile group per audit Section C. | Section 4/5: ingredients compiled from standard/typical recipes (not from INDB); allergens derived programmatically from that ingredient list using the spec vocabulary (dairy/egg/gluten/nuts/groundnut/soy/fish/shellfish); vitamin_b12 is a category-level estimate from standard published B12 values for the dish's primary animal-protein/dairy component (not from INDB, which has no B12 column); price is a rough India-wide market estimate, not measured data.",Anuvaad Indian Nutrient Databank (INDB) 2024.11,"Section 3 (duplicate-profile fix): Baingan Bharta modeled on INDB baked/roasted brinjal (matches its roast-and-mash preparation, lower oil than a fry). Components: Baked brinjal in tomato sauce (100%); INDB 2024.11 values are per 100 g and were converted to the CSV serving weight of 120 g. Range is a transparent prep-variability modeling band of ±15%; this range is not reported by INDB. Vitamin D = D2+D3; Vitamin K = K1+K2. Vitamin B12 is not present in the supplied INDB workbook and is therefore left TBD rather than fabricated.",Medium,N/A — no significant dietary B12 source,"Compiled ingredient list contains no meat, fish, egg, dairy solids, or fortified ingredient — only plant-based ingredients, and/or ghee/butter in amounts too small to contribute measurable B12 (B12 resides in milk solids/whey, not milk fat). Vitamin B12 is not naturally present in plant foods (USDA FoodData Central), so the value is retained at 0.0 rather than estimated.",High,PENDING_AUDIT,PENDING_AUDIT,PENDING_AUDIT,Close recipe,Baked brinjal in tomato sauce (100%),"prep-variability modeling band (internally generated, not source-reported)",15.0,No variants listed
FD100,Aloo Gobi,,,Vegetable Sides & Curries,Vegetable Curry,1,bowl,120,250.464,417.44,0.505,0.842,3.233,5.389,26.199,43.665,0.514,0.856,0.273,0.455,11.137,18.561,5.178,8.631,50.752,84.587,0.069,0.116,62.295,103.825,0.661,1.102,2.889,4.814,0.496,0.827,12.829,21.381,6.749,11.248,0.009,0.016,0.017,0.028,0.022,0.037,3.952,6.587,0.0,0.0,Vegetarian,,"potato, cauliflower, turmeric, spices, oil",60,140,Anuvaad Indian Nutrient Databank (INDB) 2024.11,Closest INDB analogue: Gobi 65; INDB 2024.11 values are per 100 g and were converted to the CSV serving weight of 120 g. Range is a transparent prep-variability modeling band of ±25%; this range is not reported by INDB. Vitamin D = D2+D3; Vitamin K = K1+K2. Vitamin B12 is not present in the supplied INDB workbook and is therefore left TBD rather than fabricated.,Low,,"Section 4/5: ingredients compiled from standard/typical recipes (not from INDB); allergens derived programmatically from that ingredient list using the spec vocabulary (dairy/egg/gluten/nuts/groundnut/soy/fish/shellfish); vitamin_b12 is a category-level estimate from standard published B12 values for the dish's primary animal-protein/dairy component (not from INDB, which has no B12 column); price is a rough India-wide market estimate, not measured data.",Anuvaad Indian Nutrient Databank (INDB) 2024.11,Closest INDB analogue: Gobi 65; INDB 2024.11 values are per 100 g and were converted to the CSV serving weight of 120 g. Range is a transparent prep-variability modeling band of ±25%; this range is not reported by INDB. Vitamin D = D2+D3; Vitamin K = K1+K2. Vitamin B12 is not present in the supplied INDB workbook and is therefore left TBD rather than fabricated.,Low,N/A — no significant dietary B12 source,"Compiled ingredient list contains no meat, fish, egg, dairy solids, or fortified ingredient — only plant-based ingredients, and/or ghee/butter in amounts too small to contribute measurable B12 (B12 resides in milk solids/whey, not milk fat). Vitamin B12 is not naturally present in plant foods (USDA FoodData Central), so the value is retained at 0.0 rather than estimated.",High,PENDING_AUDIT,PENDING_AUDIT,PENDING_AUDIT,Close recipe,Gobi 65,"prep-variability modeling band (internally generated, not source-reported)",25.0,No variants listed
FD101,Aloo Matar,,,Vegetable Sides & Curries,Vegetable Curry,1,bowl,120,108.997,133.218,3.761,4.597,10.518,12.856,5.537,6.767,3.897,4.762,1.099,1.344,22.789,27.853,29.733,36.341,296.204,362.027,0.608,0.743,167.219,204.379,0.0,0.0,27.264,33.323,7.685,9.393,2.75,3.361,26.651,32.574,0.137,0.168,0.026,0.031,0.145,0.178,34.311,41.936,0.0,0.0,Vegetarian,,"potato, green peas, tomato, spices",60,140,Anuvaad Indian Nutrient Databank (INDB) 2024.11,Direct INDB equivalent: Pea potato curry (Aloo matar); INDB 2024.11 values are per 100 g and were converted to the CSV serving weight of 120 g. Range is a transparent prep-variability modeling band of ±10%; this range is not reported by INDB. Vitamin D = D2+D3; Vitamin K = K1+K2. Vitamin B12 is not present in the supplied INDB workbook and is therefore left TBD rather than fabricated.,High,,"Section 4/5: ingredients compiled from standard/typical recipes (not from INDB); allergens derived programmatically from that ingredient list using the spec vocabulary (dairy/egg/gluten/nuts/groundnut/soy/fish/shellfish); vitamin_b12 is a category-level estimate from standard published B12 values for the dish's primary animal-protein/dairy component (not from INDB, which has no B12 column); price is a rough India-wide market estimate, not measured data.",Anuvaad Indian Nutrient Databank (INDB) 2024.11,Direct INDB equivalent: Pea potato curry (Aloo matar); INDB 2024.11 values are per 100 g and were converted to the CSV serving weight of 120 g. Range is a transparent prep-variability modeling band of ±10%; this range is not reported by INDB. Vitamin D = D2+D3; Vitamin K = K1+K2. Vitamin B12 is not present in the supplied INDB workbook and is therefore left TBD rather than fabricated.,High,N/A — no significant dietary B12 source,"Compiled ingredient list contains no meat, fish, egg, dairy solids, or fortified ingredient — only plant-based ingredients, and/or ghee/butter in amounts too small to contribute measurable B12 (B12 resides in milk solids/whey, not milk fat). Vitamin B12 is not naturally present in plant foods (USDA FoodData Central), so the value is retained at 0.0 rather than estimated.",High,PENDING_AUDIT,PENDING_AUDIT,PENDING_AUDIT,Exact,Pea potato curry (Aloo matar),"prep-variability modeling band (internally generated, not source-reported)",10.0,No variants listed
FD102,Dum Aloo,,Kashmiri Dum Aloo,Vegetable Sides & Curries,Vegetable Curry,1,bowl,120,736.916,900.675,0.754,0.922,3.597,4.396,79.927,97.689,0.734,0.897,0.385,0.47,17.814,21.773,9.316,11.387,129.109,157.8,0.134,0.164,198.562,242.687,1.353,1.653,4.733,5.785,0.301,0.368,39.168,47.871,7.344,8.977,0.018,0.022,0.018,0.022,0.033,0.04,5.543,6.774,0.05,0.15,Vegetarian,Dairy,"baby potato, yogurt-tomato gravy, spices",60,140,Anuvaad Indian Nutrient Databank (INDB) 2024.11,Direct INDB equivalent: Dum aloo; INDB 2024.11 values are per 100 g and were converted to the CSV serving weight of 120 g. Range is a transparent prep-variability modeling band of ±10%; this range is not reported by INDB. Vitamin D = D2+D3; Vitamin K = K1+K2. Vitamin B12 is not present in the supplied INDB workbook and is therefore left TBD rather than fabricated.,High,"Kashmiri Dum Aloo is traditionally made without onion-garlic, using a yogurt-fennel-ginger gravy instead of the tomato-yogurt base — a real recipe difference, not just naming. Consider splitting out.","Section 4/5: ingredients compiled from standard/typical recipes (not from INDB); allergens derived programmatically from that ingredient list using the spec vocabulary (dairy/egg/gluten/nuts/groundnut/soy/fish/shellfish); vitamin_b12 is a category-level estimate from standard published B12 values for the dish's primary animal-protein/dairy component (not from INDB, which has no B12 column); price is a rough India-wide market estimate, not measured data.",Anuvaad Indian Nutrient Databank (INDB) 2024.11,Direct INDB equivalent: Dum aloo; INDB 2024.11 values are per 100 g and were converted to the CSV serving weight of 120 g. Range is a transparent prep-variability modeling band of ±10%; this range is not reported by INDB. Vitamin D = D2+D3; Vitamin K = K1+K2. Vitamin B12 is not present in the supplied INDB workbook and is therefore left TBD rather than fabricated.,High,USDA FoodData Central,"Category-level estimate: curd/yogurt or milk is the dish's primary (or only) dairy component. USDA values for plain curd/yogurt and whole milk (~0.4-0.6 mcg/100g), scaled to a typical dairy-content fraction of this serving. Not from INDB.",Medium,PENDING_AUDIT,PENDING_AUDIT,PENDING_AUDIT,Exact,Dum aloo,"prep-variability modeling band (internally generated, not source-reported)",10.0,"Reviewed — distinct variant, split recommended"
FD103,Paneer Butter Masala,Butter Paneer,,Vegetable Sides & Curries,Vegetable Curry,1,bowl,120,157.256,192.202,7.545,9.222,10.478,12.806,9.514,11.628,1.618,1.977,0.915,1.119,184.235,225.176,24.855,30.378,171.009,209.011,1.14,1.393,163.564,199.912,49.616,60.641,12.412,15.17,4.623,5.65,0.216,0.264,13.915,17.008,0.038,0.047,0.063,0.077,0.09,0.11,44.631,54.549,0.15,0.35,Vegetarian (dairy/paneer-rich),Dairy,"paneer, tomato, butter, cream, spices",84,196,Anuvaad Indian Nutrient Databank (INDB) 2024.11,Direct INDB equivalent: Paneer in butter sauce; INDB 2024.11 values are per 100 g and were converted to the CSV serving weight of 120 g. Range is a transparent prep-variability modeling band of ±10%; this range is not reported by INDB. Vitamin D = D2+D3; Vitamin K = K1+K2. Vitamin B12 is not present in the supplied INDB workbook and is therefore left TBD rather than fabricated.,High,,"Section 4/5: ingredients compiled from standard/typical recipes (not from INDB); allergens derived programmatically from that ingredient list using the spec vocabulary (dairy/egg/gluten/nuts/groundnut/soy/fish/shellfish); vitamin_b12 is a category-level estimate from standard published B12 values for the dish's primary animal-protein/dairy component (not from INDB, which has no B12 column); price is a rough India-wide market estimate, not measured data.",Anuvaad Indian Nutrient Databank (INDB) 2024.11,Direct INDB equivalent: Paneer in butter sauce; INDB 2024.11 values are per 100 g and were converted to the CSV serving weight of 120 g. Range is a transparent prep-variability modeling band of ±10%; this range is not reported by INDB. Vitamin D = D2+D3; Vitamin K = K1+K2. Vitamin B12 is not present in the supplied INDB workbook and is therefore left TBD rather than fabricated.,High,USDA FoodData Central,"Category-level estimate: paneer is the dish's primary dairy component. Published Indian food-composition data for paneer/cottage cheese (~0.8 mcg/100g), scaled to a typical paneer-content fraction of this serving. Not from INDB.",Medium,PENDING_AUDIT,PENDING_AUDIT,PENDING_AUDIT,Exact,Paneer in butter sauce,"prep-variability modeling band (internally generated, not source-reported)",10.0,No variants listed
FD104,Paneer Tikka Masala,,,Vegetable Sides & Curries,Vegetable Curry,1,bowl,120,101.358,123.881,5.522,6.749,8.619,10.534,4.852,5.931,1.331,1.627,0.729,0.891,133.768,163.494,17.121,20.926,141.405,172.829,0.83,1.015,111.66,136.474,0.0,0.0,26.519,32.412,3.241,3.961,0.654,0.799,11.702,14.302,0.037,0.045,0.045,0.055,0.081,0.099,43.022,52.582,0.15,0.35,Vegetarian (dairy/paneer-rich),Dairy,"paneer, tomato gravy, cream, spices",84,196,Anuvaad Indian Nutrient Databank (INDB) 2024.11,Direct INDB equivalent: Paneer shaslik/tikka; INDB 2024.11 values are per 100 g and were converted to the CSV serving weight of 120 g. Range is a transparent prep-variability modeling band of ±10%; this range is not reported by INDB. Vitamin D = D2+D3; Vitamin K = K1+K2. Vitamin B12 is not present in the supplied INDB workbook and is therefore left TBD rather than fabricated.,High,,"Section 4/5: ingredients compiled from standard/typical recipes (not from INDB); allergens derived programmatically from that ingredient list using the spec vocabulary (dairy/egg/gluten/nuts/groundnut/soy/fish/shellfish); vitamin_b12 is a category-level estimate from standard published B12 values for the dish's primary animal-protein/dairy component (not from INDB, which has no B12 column); price is a rough India-wide market estimate, not measured data.",Anuvaad Indian Nutrient Databank (INDB) 2024.11,Direct INDB equivalent: Paneer shaslik/tikka; INDB 2024.11 values are per 100 g and were converted to the CSV serving weight of 120 g. Range is a transparent prep-variability modeling band of ±10%; this range is not reported by INDB. Vitamin D = D2+D3; Vitamin K = K1+K2. Vitamin B12 is not present in the supplied INDB workbook and is therefore left TBD rather than fabricated.,High,USDA FoodData Central,"Category-level estimate: paneer is the dish's primary dairy component. Published Indian food-composition data for paneer/cottage cheese (~0.8 mcg/100g), scaled to a typical paneer-content fraction of this serving. Not from INDB.",Medium,PENDING_AUDIT,PENDING_AUDIT,PENDING_AUDIT,Exact,Paneer shaslik/tikka,"prep-variability modeling band (internally generated, not source-reported)",10.0,No variants listed
FD105,Kadai Paneer,,,Vegetable Sides & Curries,Vegetable Curry,1,bowl,120,116.632,142.55,4.68,5.719,7.928,9.69,7.352,8.986,2.233,2.729,0.697,0.851,98.85,120.816,24.192,29.568,314.071,383.864,0.712,0.871,155.877,190.516,0.0,0.0,29.137,35.611,4.408,5.388,3.07,3.753,12.975,15.859,0.168,0.206,0.05,0.061,0.125,0.153,39.759,48.594,0.15,0.35,Vegetarian (dairy/paneer-rich),Dairy,"paneer, capsicum, onion, tomato, spices",84,196,Anuvaad Indian Nutrient Databank (INDB) 2024.11,Direct INDB equivalent: Kadhai Paneer; INDB 2024.11 values are per 100 g and were converted to the CSV serving weight of 120 g. Range is a transparent prep-variability modeling band of ±10%; this range is not reported by INDB. Vitamin D = D2+D3; Vitamin K = K1+K2. Vitamin B12 is not present in the supplied INDB workbook and is therefore left TBD rather than fabricated.,High,,"Section 4/5: ingredients compiled from standard/typical recipes (not from INDB); allergens derived programmatically from that ingredient list using the spec vocabulary (dairy/egg/gluten/nuts/groundnut/soy/fish/shellfish); vitamin_b12 is a category-level estimate from standard published B12 values for the dish's primary animal-protein/dairy component (not from INDB, which has no B12 column); price is a rough India-wide market estimate, not measured data.",Anuvaad Indian Nutrient Databank (INDB) 2024.11,Direct INDB equivalent: Kadhai Paneer; INDB 2024.11 values are per 100 g and were converted to the CSV serving weight of 120 g. Range is a transparent prep-variability modeling band of ±10%; this range is not reported by INDB. Vitamin D = D2+D3; Vitamin K = K1+K2. Vitamin B12 is not present in the supplied INDB workbook and is therefore left TBD rather than fabricated.,High,USDA FoodData Central,"Category-level estimate: paneer is the dish's primary dairy component. Published Indian food-composition data for paneer/cottage cheese (~0.8 mcg/100g), scaled to a typical paneer-content fraction of this serving. Not from INDB.",Medium,PENDING_AUDIT,PENDING_AUDIT,PENDING_AUDIT,Exact,Kadhai Paneer,"prep-variability modeling band (internally generated, not source-reported)",10.0,No variants listed
FD106,Palak Paneer,Saag Paneer,,Vegetable Sides & Curries,Vegetable Curry,1,bowl,120,83.898,102.542,4.356,5.324,4.784,5.847,5.144,6.287,2.059,2.517,1.999,2.444,122.307,149.487,58.456,71.447,417.561,510.353,0.739,0.903,180.215,220.263,0.0,0.0,22.007,26.897,2.496,3.051,1.978,2.418,184.088,224.997,0.105,0.129,0.078,0.096,0.124,0.151,97.604,119.293,0.15,0.35,Vegetarian (dairy/paneer-rich),Dairy,"paneer, spinach, cream, spices",84,196,Anuvaad Indian Nutrient Databank (INDB) 2024.11,Direct INDB equivalent: Spinach paneer (Palak paneer); INDB 2024.11 values are per 100 g and were converted to the CSV serving weight of 120 g. Range is a transparent prep-variability modeling band of ±10%; this range is not reported by INDB. Vitamin D = D2+D3; Vitamin K = K1+K2. Vitamin B12 is not present in the supplied INDB workbook and is therefore left TBD rather than fabricated.,High,,"Section 4/5: ingredients compiled from standard/typical recipes (not from INDB); allergens derived programmatically from that ingredient list using the spec vocabulary (dairy/egg/gluten/nuts/groundnut/soy/fish/shellfish); vitamin_b12 is a category-level estimate from standard published B12 values for the dish's primary animal-protein/dairy component (not from INDB, which has no B12 column); price is a rough India-wide market estimate, not measured data.",Anuvaad Indian Nutrient Databank (INDB) 2024.11,Direct INDB equivalent: Spinach paneer (Palak paneer); INDB 2024.11 values are per 100 g and were converted to the CSV serving weight of 120 g. Range is a transparent prep-variability modeling band of ±10%; this range is not reported by INDB. Vitamin D = D2+D3; Vitamin K = K1+K2. Vitamin B12 is not present in the supplied INDB workbook and is therefore left TBD rather than fabricated.,High,USDA FoodData Central,"Category-level estimate: paneer is the dish's primary dairy component. Published Indian food-composition data for paneer/cottage cheese (~0.8 mcg/100g), scaled to a typical paneer-content fraction of this serving. Not from INDB.",Medium,PENDING_AUDIT,PENDING_AUDIT,PENDING_AUDIT,Exact,Spinach paneer (Palak paneer),"prep-variability modeling band (internally generated, not source-reported)",10.0,No variants listed
FD107,Chana Masala,"Chole, Chholay",,Vegetable Sides & Curries,Vegetable Curry,1,bowl,120,151.215,204.585,5.946,8.044,19.172,25.938,6.179,8.36,5.211,7.05,1.898,2.567,35.657,48.242,34.297,46.402,261.12,353.28,0.969,1.311,135.49,183.31,15.13,20.47,5.746,7.774,0.0,0.0,0.508,0.687,2.801,3.789,0.089,0.12,0.051,0.069,0.118,0.159,109.225,147.775,0.0,0.0,Vegetarian,,"chickpeas, onion, tomato, spices",60,140,"Composite (FatSecret + published recipe nutrition analyses), cross-checked against IFCT/USDA ingredient-level values","Section 1 fix (Masala keyword-bug correction): re-derived from a real chickpea (chana) curry, built from cooked chickpea + tomato-onion masala + oil at ~58%/38%/4% of serving weight, converted to the CSV serving weight of 120 g. Range reflects a transparent prep-variability band (not a single lab figure). Vitamin D = D2+D3; Vitamin K = K1+K2. Replaces the prior value, which had been matched to a spice-blend (garam/chat masala) INDB entry instead of the actual dish.",Medium,,"Section 1: re-derived from correct dish-level analogue (was matched to spice-blend entry, producing implausible iron) | Section 4/5: ingredients compiled from standard/typical recipes (not from INDB); allergens derived programmatically from that ingredient list using the spec vocabulary (dairy/egg/gluten/nuts/groundnut/soy/fish/shellfish); vitamin_b12 is a category-level estimate from standard published B12 values for the dish's primary animal-protein/dairy component (not from INDB, which has no B12 column); price is a rough India-wide market estimate, not measured data.","Composite (FatSecret + published recipe nutrition analyses), cross-checked against IFCT/USDA ingredient-level values","Section 1 fix (Masala keyword-bug correction): re-derived from a real chickpea (chana) curry, built from cooked chickpea + tomato-onion masala + oil at ~58%/38%/4% of serving weight, converted to the CSV serving weight of 120 g. Range reflects a transparent prep-variability band (not a single lab figure). Vitamin D = D2+D3; Vitamin K = K1+K2. Replaces the prior value, which had been matched to a spice-blend (garam/chat masala) INDB entry instead of the actual dish.",Medium,N/A — no significant dietary B12 source,"Compiled ingredient list contains no meat, fish, egg, dairy solids, or fortified ingredient — only plant-based ingredients, and/or ghee/butter in amounts too small to contribute measurable B12 (B12 resides in milk solids/whey, not milk fat). Vitamin B12 is not naturally present in plant foods (USDA FoodData Central), so the value is retained at 0.0 rather than estimated.",High,PENDING_AUDIT,PENDING_AUDIT,PENDING_AUDIT,Ingredient composition,"Composite (FatSecret + published recipe nutrition analyses), cross-checked again",not specified,,No variants listed
FD108,Rajma Masala,Rajma,,Vegetable Sides & Curries,Vegetable Curry,1,bowl,120,132.812,179.688,6.124,8.286,17.085,23.115,4.909,6.641,4.692,6.348,1.555,2.104,23.63,31.97,33.788,45.712,336.387,455.112,0.705,0.954,132.175,178.825,12.92,17.48,5.185,7.015,0.0,0.0,0.3,0.405,5.729,7.751,0.117,0.159,0.052,0.07,0.107,0.145,88.995,120.405,0.0,0.0,Vegetarian,,"kidney beans, onion, tomato, spices",60,140,"Composite (FatSecret + published recipe nutrition analyses), cross-checked against IFCT/USDA ingredient-level values","Section 1 fix (Masala keyword-bug correction): re-derived from a real kidney bean (rajma) curry, built from cooked kidney beans + tomato-onion masala + oil at ~63%/33%/4% of serving weight, converted to the CSV serving weight of 120 g. Range reflects a transparent prep-variability band (not a single lab figure). Vitamin D = D2+D3; Vitamin K = K1+K2. Replaces the prior value, which had been matched to a spice-blend (garam/chat masala) INDB entry instead of the actual dish.",Medium,,"Section 1: re-derived from correct dish-level analogue (was matched to spice-blend entry, producing implausible iron) | Section 4/5: ingredients compiled from standard/typical recipes (not from INDB); allergens derived programmatically from that ingredient list using the spec vocabulary (dairy/egg/gluten/nuts/groundnut/soy/fish/shellfish); vitamin_b12 is a category-level estimate from standard published B12 values for the dish's primary animal-protein/dairy component (not from INDB, which has no B12 column); price is a rough India-wide market estimate, not measured data.","Composite (FatSecret + published recipe nutrition analyses), cross-checked against IFCT/USDA ingredient-level values","Section 1 fix (Masala keyword-bug correction): re-derived from a real kidney bean (rajma) curry, built from cooked kidney beans + tomato-onion masala + oil at ~63%/33%/4% of serving weight, converted to the CSV serving weight of 120 g. Range reflects a transparent prep-variability band (not a single lab figure). Vitamin D = D2+D3; Vitamin K = K1+K2. Replaces the prior value, which had been matched to a spice-blend (garam/chat masala) INDB entry instead of the actual dish.",Medium,N/A — no significant dietary B12 source,"Compiled ingredient list contains no meat, fish, egg, dairy solids, or fortified ingredient — only plant-based ingredients, and/or ghee/butter in amounts too small to contribute measurable B12 (B12 resides in milk solids/whey, not milk fat). Vitamin B12 is not naturally present in plant foods (USDA FoodData Central), so the value is retained at 0.0 rather than estimated.",High,PENDING_AUDIT,PENDING_AUDIT,PENDING_AUDIT,Ingredient composition,"Composite (FatSecret + published recipe nutrition analyses), cross-checked again",not specified,,No variants listed
FD109,Dal Makhani,,,Vegetable Sides & Curries,Vegetable Curry,1,bowl,120,79.963,97.733,3.58,4.376,8.596,10.507,3.308,4.044,2.453,2.998,1.324,1.618,22.271,27.22,29.583,36.158,215.351,263.207,0.518,0.633,45.193,55.236,33.314,40.717,2.808,3.432,2.869,3.507,0.118,0.144,6.957,8.503,0.041,0.05,0.028,0.034,0.058,0.071,22.973,28.078,0.05,0.15,Vegetarian,Dairy,"black lentils (urad), kidney beans, butter, cream",60,140,Anuvaad Indian Nutrient Databank (INDB) 2024.11,Direct INDB equivalent: Dal makhani; INDB 2024.11 values are per 100 g and were converted to the CSV serving weight of 120 g. Range is a transparent prep-variability modeling band of ±10%; this range is not reported by INDB. Vitamin D = D2+D3; Vitamin K = K1+K2. Vitamin B12 is not present in the supplied INDB workbook and is therefore left TBD rather than fabricated.,High,,"Section 4/5: ingredients compiled from standard/typical recipes (not from INDB); allergens derived programmatically from that ingredient list using the spec vocabulary (dairy/egg/gluten/nuts/groundnut/soy/fish/shellfish); vitamin_b12 is a category-level estimate from standard published B12 values for the dish's primary animal-protein/dairy component (not from INDB, which has no B12 column); price is a rough India-wide market estimate, not measured data.",Anuvaad Indian Nutrient Databank (INDB) 2024.11,Direct INDB equivalent: Dal makhani; INDB 2024.11 values are per 100 g and were converted to the CSV serving weight of 120 g. Range is a transparent prep-variability modeling band of ±10%; this range is not reported by INDB. Vitamin D = D2+D3; Vitamin K = K1+K2. Vitamin B12 is not present in the supplied INDB workbook and is therefore left TBD rather than fabricated.,High,USDA FoodData Central,"Category-level estimate: curd/yogurt or milk is the dish's primary (or only) dairy component. USDA values for plain curd/yogurt and whole milk (~0.4-0.6 mcg/100g), scaled to a typical dairy-content fraction of this serving. Not from INDB.",Medium,PENDING_AUDIT,PENDING_AUDIT,PENDING_AUDIT,Exact,Dal makhani,"prep-variability modeling band (internally generated, not source-reported)",10.0,No variants listed
FD110,Dal Tadka,Tadka Dal,Dal Fry,Vegetable Sides & Curries,Vegetable Curry,1,bowl,120,68.51,83.734,3.489,4.264,7.339,8.969,2.678,3.273,3.256,3.98,1.085,1.326,27.04,33.049,35.178,42.995,208.071,254.309,0.45,0.55,196.227,239.832,22.057,26.959,0.229,0.28,0.866,1.058,0.211,0.258,4.23,5.17,0.071,0.087,0.044,0.053,0.064,0.078,21.664,26.479,0.0,0.0,Vegetarian,Dairy,"toor dal, ghee, cumin, garlic tempering",60,140,Anuvaad Indian Nutrient Databank (INDB) 2024.11,Direct INDB equivalent: Green gram whole with baghar (Sabut moong dal with tadka); INDB 2024.11 values are per 100 g and were converted to the CSV serving weight of 120 g. Range is a transparent prep-variability modeling band of ±10%; this range is not reported by INDB. Vitamin D = D2+D3; Vitamin K = K1+K2. Vitamin B12 is not present in the supplied INDB workbook and is therefore left TBD rather than fabricated.,High,"Dal Fry is typically finished with a more substantial onion-tomato-oil tempering than the simpler garlic tadka on the base Dal Tadka row, so it likely runs higher in fat and calories for the same lentil base. Consider splitting out.","Section 4/5: ingredients compiled from standard/typical recipes (not from INDB); allergens derived programmatically from that ingredient list using the spec vocabulary (dairy/egg/gluten/nuts/groundnut/soy/fish/shellfish); vitamin_b12 is a category-level estimate from standard published B12 values for the dish's primary animal-protein/dairy component (not from INDB, which has no B12 column); price is a rough India-wide market estimate, not measured data.",Anuvaad Indian Nutrient Databank (INDB) 2024.11,Direct INDB equivalent: Green gram whole with baghar (Sabut moong dal with tadka); INDB 2024.11 values are per 100 g and were converted to the CSV serving weight of 120 g. Range is a transparent prep-variability modeling band of ±10%; this range is not reported by INDB. Vitamin D = D2+D3; Vitamin K = K1+K2. Vitamin B12 is not present in the supplied INDB workbook and is therefore left TBD rather than fabricated.,High,N/A — no significant dietary B12 source,"Compiled ingredient list contains no meat, fish, egg, dairy solids, or fortified ingredient — only plant-based ingredients, and/or ghee/butter in amounts too small to contribute measurable B12 (B12 resides in milk solids/whey, not milk fat). Vitamin B12 is not naturally present in plant foods (USDA FoodData Central), so the value is retained at 0.0 rather than estimated.",High,PENDING_AUDIT,PENDING_AUDIT,PENDING_AUDIT,Exact,Green gram whole with baghar (Sabut moong dal with tadka),"prep-variability modeling band (internally generated, not source-reported)",10.0,"Reviewed — distinct variant, split recommended"
FD111,Mixed Vegetable Curry (Sabzi),,,Vegetable Sides & Curries,Vegetable Curry,1,bowl,120,84.733,114.638,2.829,3.828,7.329,9.916,4.749,6.425,3.412,4.617,0.966,1.307,20.018,27.084,23.625,31.963,219.778,297.346,0.463,0.627,44.266,59.889,0.0,0.0,19.106,25.85,5.383,7.283,1.349,1.825,19.812,26.804,0.097,0.131,0.023,0.031,0.101,0.136,24.067,32.561,0.0,0.0,Vegetarian,,"mixed vegetables, onion, tomato, spices",60,140,INDB 2024.11,"Real INDB entry: Vegetable curry with coconut, 100%; converted to serving weight. Replaces the prior ""Mixed vegetable soup"" match, which produced an internally impossible macro/calorie ratio.",Medium,,"Section 4/5: ingredients compiled from standard/typical recipes (not from INDB); allergens derived programmatically from that ingredient list using the spec vocabulary (dairy/egg/gluten/nuts/groundnut/soy/fish/shellfish); vitamin_b12 is a category-level estimate from standard published B12 values for the dish's primary animal-protein/dairy component (not from INDB, which has no B12 column); price is a rough India-wide market estimate, not measured data. | Audit-pass-2: re-sourced after cross-check found the previous analogue was never actually fixed despite fix_notes claiming so",INDB 2024.11,"Real INDB entry: Vegetable curry with coconut, 100%; converted to serving weight. Replaces the prior ""Mixed vegetable soup"" match, which produced an internally impossible macro/calorie ratio.",Medium,N/A — no significant dietary B12 source,"Compiled ingredient list contains no meat, fish, egg, dairy solids, or fortified ingredient — only plant-based ingredients, and/or ghee/butter in amounts too small to contribute measurable B12 (B12 resides in milk solids/whey, not milk fat). Vitamin B12 is not naturally present in plant foods (USDA FoodData Central), so the value is retained at 0.0 rather than estimated.",High,PENDING_AUDIT,PENDING_AUDIT,PENDING_AUDIT,Exact,INDB 2024.11,not specified,,No variants listed
FD112,Kadhi Pakora,,,Vegetable Sides & Curries,Vegetable Curry,1,bowl,120,731.365,893.891,2.056,2.513,6.527,7.977,77.585,94.826,1.108,1.354,0.408,0.499,7.113,8.694,8.48,10.364,97.209,118.811,0.163,0.199,68.456,83.668,0.0,0.0,2.967,3.626,0.024,0.03,38.198,46.686,5.975,7.303,0.044,0.054,0.016,0.02,0.051,0.063,17.472,21.354,0.05,0.15,Vegetarian,Dairy,"gram flour, curd, gram-flour fritters (pakodi)",60,140,Anuvaad Indian Nutrient Databank (INDB) 2024.11,Direct INDB equivalent: Potato pakora/pakoda (Aloo pakoda); INDB 2024.11 values are per 100 g and were converted to the CSV serving weight of 120 g. Range is a transparent prep-variability modeling band of ±10%; this range is not reported by INDB. Vitamin D = D2+D3; Vitamin K = K1+K2. Vitamin B12 is not present in the supplied INDB workbook and is therefore left TBD rather than fabricated.,High,,"Section 4/5: ingredients compiled from standard/typical recipes (not from INDB); allergens derived programmatically from that ingredient list using the spec vocabulary (dairy/egg/gluten/nuts/groundnut/soy/fish/shellfish); vitamin_b12 is a category-level estimate from standard published B12 values for the dish's primary animal-protein/dairy component (not from INDB, which has no B12 column); price is a rough India-wide market estimate, not measured data.",Anuvaad Indian Nutrient Databank (INDB) 2024.11,Direct INDB equivalent: Potato pakora/pakoda (Aloo pakoda); INDB 2024.11 values are per 100 g and were converted to the CSV serving weight of 120 g. Range is a transparent prep-variability modeling band of ±10%; this range is not reported by INDB. Vitamin D = D2+D3; Vitamin K = K1+K2. Vitamin B12 is not present in the supplied INDB workbook and is therefore left TBD rather than fabricated.,High,USDA FoodData Central,"Category-level estimate: curd/yogurt or milk is the dish's primary (or only) dairy component. USDA values for plain curd/yogurt and whole milk (~0.4-0.6 mcg/100g), scaled to a typical dairy-content fraction of this serving. Not from INDB.",Medium,PENDING_AUDIT,PENDING_AUDIT,PENDING_AUDIT,Exact,Potato pakora/pakoda (Aloo pakoda),"prep-variability modeling band (internally generated, not source-reported)",10.0,No variants listed
FD113,Gobi 65 (Vegetarian),Cauliflower 65,,Vegetable Sides & Curries,Vegetable Curry,1,bowl,120,300.557,367.347,0.606,0.741,3.88,4.742,31.439,38.425,0.617,0.754,0.328,0.401,13.364,16.334,6.214,7.595,60.903,74.437,0.083,0.102,74.754,91.366,0.793,0.97,3.466,4.237,0.595,0.728,15.394,18.815,8.099,9.898,0.011,0.014,0.02,0.024,0.026,0.032,4.743,5.797,0.0,0.0,Vegetarian,,"cauliflower, cornflour, spices, oil",60,140,Anuvaad Indian Nutrient Databank (INDB) 2024.11,Direct INDB equivalent: Gobi 65; INDB 2024.11 values are per 100 g and were converted to the CSV serving weight of 120 g. Range is a transparent prep-variability modeling band of ±10%; this range is not reported by INDB. Vitamin D = D2+D3; Vitamin K = K1+K2. Vitamin B12 is not present in the supplied INDB workbook and is therefore left TBD rather than fabricated.,High,,"Section 4/5: ingredients compiled from standard/typical recipes (not from INDB); allergens derived programmatically from that ingredient list using the spec vocabulary (dairy/egg/gluten/nuts/groundnut/soy/fish/shellfish); vitamin_b12 is a category-level estimate from standard published B12 values for the dish's primary animal-protein/dairy component (not from INDB, which has no B12 column); price is a rough India-wide market estimate, not measured data.",Anuvaad Indian Nutrient Databank (INDB) 2024.11,Direct INDB equivalent: Gobi 65; INDB 2024.11 values are per 100 g and were converted to the CSV serving weight of 120 g. Range is a transparent prep-variability modeling band of ±10%; this range is not reported by INDB. Vitamin D = D2+D3; Vitamin K = K1+K2. Vitamin B12 is not present in the supplied INDB workbook and is therefore left TBD rather than fabricated.,High,N/A — no significant dietary B12 source,"Compiled ingredient list contains no meat, fish, egg, dairy solids, or fortified ingredient — only plant-based ingredients, and/or ghee/butter in amounts too small to contribute measurable B12 (B12 resides in milk solids/whey, not milk fat). Vitamin B12 is not naturally present in plant foods (USDA FoodData Central), so the value is retained at 0.0 rather than estimated.",High,PENDING_AUDIT,PENDING_AUDIT,PENDING_AUDIT,Exact,Gobi 65,"prep-variability modeling band (internally generated, not source-reported)",10.0,No variants listed
FD114,Paneer 65,,,Vegetable Sides & Curries,Vegetable Curry,1,bowl,120,775.572,947.921,3.532,4.317,5.967,7.293,82.136,100.388,0.958,1.171,0.459,0.562,46.846,57.256,8.315,10.163,36.585,44.715,0.366,0.448,142.232,173.839,0.0,0.0,0.012,0.014,0.011,0.013,39.83,48.681,5.992,7.324,0.04,0.049,0.025,0.03,0.044,0.054,23.952,29.275,0.15,0.35,Vegetarian (dairy/paneer-rich),Dairy,"paneer, cornflour, spices, oil",84,196,Anuvaad Indian Nutrient Databank (INDB) 2024.11,Direct INDB equivalent: Paneer pakora/pakoda; INDB 2024.11 values are per 100 g and were converted to the CSV serving weight of 120 g. Range is a transparent prep-variability modeling band of ±10%; this range is not reported by INDB. Vitamin D = D2+D3; Vitamin K = K1+K2. Vitamin B12 is not present in the supplied INDB workbook and is therefore left TBD rather than fabricated.,High,,"Section 4/5: ingredients compiled from standard/typical recipes (not from INDB); allergens derived programmatically from that ingredient list using the spec vocabulary (dairy/egg/gluten/nuts/groundnut/soy/fish/shellfish); vitamin_b12 is a category-level estimate from standard published B12 values for the dish's primary animal-protein/dairy component (not from INDB, which has no B12 column); price is a rough India-wide market estimate, not measured data.",Anuvaad Indian Nutrient Databank (INDB) 2024.11,Direct INDB equivalent: Paneer pakora/pakoda; INDB 2024.11 values are per 100 g and were converted to the CSV serving weight of 120 g. Range is a transparent prep-variability modeling band of ±10%; this range is not reported by INDB. Vitamin D = D2+D3; Vitamin K = K1+K2. Vitamin B12 is not present in the supplied INDB workbook and is therefore left TBD rather than fabricated.,High,USDA FoodData Central,"Category-level estimate: paneer is the dish's primary dairy component. Published Indian food-composition data for paneer/cottage cheese (~0.8 mcg/100g), scaled to a typical paneer-content fraction of this serving. Not from INDB.",Medium,PENDING_AUDIT,PENDING_AUDIT,PENDING_AUDIT,Exact,Paneer pakora/pakoda,"prep-variability modeling band (internally generated, not source-reported)",10.0,No variants listed
FD115,Malai Kofta,,,Vegetable Sides & Curries,Vegetable Curry,1,bowl,120,684.329,925.857,2.433,3.292,3.334,4.511,73.504,99.447,0.409,0.554,0.352,0.476,60.681,82.098,7.213,9.759,49.255,66.639,0.37,0.501,124.15,167.967,0.611,0.827,2.482,3.358,0.985,1.333,35.372,47.857,7.72,10.444,0.011,0.015,0.021,0.029,0.025,0.034,14.224,19.244,0.15,0.35,Vegetarian,Dairy,"paneer/potato koftas, cream-tomato gravy",84,196,Anuvaad Indian Nutrient Databank (INDB) 2024.11,"Section 2 fix: Paneer kofta curry (100%); INDB 2024.11 values are per 100 g (commodity components use standard published composition) and were converted to the CSV serving weight of 120 g. Range is a transparent prep-variability modeling band of ±15%; this range is not reported by INDB. Vitamin D = D2+D3; Vitamin K = K1+K2. Vitamin B12 is not present in the supplied INDB workbook and is therefore left TBD rather than fabricated. Malai Kofta modeled directly on INDB Paneer kofta curry (same dish, correct match), replacing the prior masala dosa mismatch.",Medium,,"Section 2: re-derived from correct dish-level analogue (was: wrong-category/keyword-bug match per audit report). | Section 4/5: ingredients compiled from standard/typical recipes (not from INDB); allergens derived programmatically from that ingredient list using the spec vocabulary (dairy/egg/gluten/nuts/groundnut/soy/fish/shellfish); vitamin_b12 is a category-level estimate from standard published B12 values for the dish's primary animal-protein/dairy component (not from INDB, which has no B12 column); price is a rough India-wide market estimate, not measured data.",Anuvaad Indian Nutrient Databank (INDB) 2024.11,"Section 2 fix: Paneer kofta curry (100%); INDB 2024.11 values are per 100 g (commodity components use standard published composition) and were converted to the CSV serving weight of 120 g. Range is a transparent prep-variability modeling band of ±15%; this range is not reported by INDB. Vitamin D = D2+D3; Vitamin K = K1+K2. Vitamin B12 is not present in the supplied INDB workbook and is therefore left TBD rather than fabricated. Malai Kofta modeled directly on INDB Paneer kofta curry (same dish, correct match), replacing the prior masala dosa mismatch.",Medium,USDA FoodData Central,"Category-level estimate: paneer is the dish's primary dairy component. Published Indian food-composition data for paneer/cottage cheese (~0.8 mcg/100g), scaled to a typical paneer-content fraction of this serving. Not from INDB.",Medium,PENDING_AUDIT,PENDING_AUDIT,PENDING_AUDIT,Ingredient composition,Paneer kofta curry (100%),"prep-variability modeling band (internally generated, not source-reported)",15.0,No variants listed
FD116,Vegetable Kofta Curry,,,Vegetable Sides & Curries,Vegetable Curry,1,bowl,120,84.733,114.638,2.829,3.828,7.329,9.916,4.749,6.425,3.412,4.617,0.966,1.307,20.018,27.084,23.625,31.963,219.778,297.346,0.463,0.627,44.266,59.889,0.0,0.0,19.106,25.85,5.383,7.283,1.349,1.825,19.812,26.804,0.097,0.131,0.023,0.031,0.101,0.136,24.067,32.561,0.0,0.0,Vegetarian,,"mixed vegetable koftas, tomato gravy",60,140,Anuvaad Indian Nutrient Databank (INDB) 2024.11,Closest INDB analogue: Vegetable curry with coconut ; INDB 2024.11 values are per 100 g and were converted to the CSV serving weight of 120 g. Range is a transparent prep-variability modeling band of ±15%; this range is not reported by INDB. Vitamin D = D2+D3; Vitamin K = K1+K2. Vitamin B12 is not present in the supplied INDB workbook and is therefore left TBD rather than fabricated.,Medium,,"Section 4/5: ingredients compiled from standard/typical recipes (not from INDB); allergens derived programmatically from that ingredient list using the spec vocabulary (dairy/egg/gluten/nuts/groundnut/soy/fish/shellfish); vitamin_b12 is a category-level estimate from standard published B12 values for the dish's primary animal-protein/dairy component (not from INDB, which has no B12 column); price is a rough India-wide market estimate, not measured data.",Anuvaad Indian Nutrient Databank (INDB) 2024.11,Closest INDB analogue: Vegetable curry with coconut ; INDB 2024.11 values are per 100 g and were converted to the CSV serving weight of 120 g. Range is a transparent prep-variability modeling band of ±15%; this range is not reported by INDB. Vitamin D = D2+D3; Vitamin K = K1+K2. Vitamin B12 is not present in the supplied INDB workbook and is therefore left TBD rather than fabricated.,Medium,N/A — no significant dietary B12 source,"Compiled ingredient list contains no meat, fish, egg, dairy solids, or fortified ingredient — only plant-based ingredients, and/or ghee/butter in amounts too small to contribute measurable B12 (B12 resides in milk solids/whey, not milk fat). Vitamin B12 is not naturally present in plant foods (USDA FoodData Central), so the value is retained at 0.0 rather than estimated.",High,PENDING_AUDIT,PENDING_AUDIT,PENDING_AUDIT,Close recipe,Vegetable curry with coconut,"prep-variability modeling band (internally generated, not source-reported)",15.0,No variants listed
FD117,Baby Corn Masala,,,Vegetable Sides & Curries,Vegetable Curry,1,bowl,120,53.456,80.183,1.863,2.795,4.633,6.95,3.303,4.955,2.697,4.045,0.609,0.914,32.169,48.253,33.274,49.911,196.86,295.29,0.387,0.58,34.292,51.439,4.992,7.488,9.617,14.425,1.872,2.808,1.681,2.522,5.951,8.927,0.137,0.206,0.074,0.112,0.166,0.249,45.929,68.894,0.0,0.0,Vegetarian,,"baby corn, onion, tomato, spices",60,140,USDA (commodity) + INDB 2024.11 (gravy proxy),"Ingredient composition: baby corn (USDA-consistent, 65%) + a curry-masala gravy proxy from INDB Okra fry (35%, gravy/oil/spice profile only). Baby corn itself has no INDB entry in this extract.",Low,,"Section 2: re-derived from correct dish-level analogue (was: wrong-category/keyword-bug match per audit report). | Section 3: differentiated from a previously identical duplicate-profile group per audit Section C. | Section 4/5: ingredients compiled from standard/typical recipes (not from INDB); allergens derived programmatically from that ingredient list using the spec vocabulary (dairy/egg/gluten/nuts/groundnut/soy/fish/shellfish); vitamin_b12 is a category-level estimate from standard published B12 values for the dish's primary animal-protein/dairy component (not from INDB, which has no B12 column); price is a rough India-wide market estimate, not measured data. | Audit-pass-2: re-sourced after INDB citation was found to not exist in the real dataset",USDA (commodity) + INDB 2024.11 (gravy proxy),"Ingredient composition: baby corn (USDA-consistent, 65%) + a curry-masala gravy proxy from INDB Okra fry (35%, gravy/oil/spice profile only). Baby corn itself has no INDB entry in this extract.",Low,N/A — no significant dietary B12 source,"Compiled ingredient list contains no meat, fish, egg, dairy solids, or fortified ingredient — only plant-based ingredients, and/or ghee/butter in amounts too small to contribute measurable B12 (B12 resides in milk solids/whey, not milk fat). Vitamin B12 is not naturally present in plant foods (USDA FoodData Central), so the value is retained at 0.0 rather than estimated.",High,PENDING_AUDIT,PENDING_AUDIT,PENDING_AUDIT,Ingredient composition,USDA (commodity) + INDB 2024.11 (gravy proxy),not specified,,No variants listed
FD118,Mushroom Masala,,,Vegetable Sides & Curries,Vegetable Curry,1,bowl,120,76.432,93.417,3.015,3.685,5.759,7.039,4.436,5.422,3.383,4.135,0.878,1.073,23.139,28.281,23.45,28.661,232.064,283.633,0.395,0.483,66.558,81.348,0.0,0.0,16.083,19.657,11.169,13.651,2.157,2.636,22.912,28.003,0.078,0.096,0.026,0.032,0.12,0.146,22.21,27.146,0.0,0.0,Vegetarian,,"mushroom, onion, tomato, spices",60,140,Anuvaad Indian Nutrient Databank (INDB) 2024.11,Direct INDB equivalent: Mushroom matar; INDB 2024.11 values are per 100 g and were converted to the CSV serving weight of 120 g. Range is a transparent prep-variability modeling band of ±10%; this range is not reported by INDB. Vitamin D = D2+D3; Vitamin K = K1+K2. Vitamin B12 is not present in the supplied INDB workbook and is therefore left TBD rather than fabricated.,High,,"Section 4/5: ingredients compiled from standard/typical recipes (not from INDB); allergens derived programmatically from that ingredient list using the spec vocabulary (dairy/egg/gluten/nuts/groundnut/soy/fish/shellfish); vitamin_b12 is a category-level estimate from standard published B12 values for the dish's primary animal-protein/dairy component (not from INDB, which has no B12 column); price is a rough India-wide market estimate, not measured data.",Anuvaad Indian Nutrient Databank (INDB) 2024.11,Direct INDB equivalent: Mushroom matar; INDB 2024.11 values are per 100 g and were converted to the CSV serving weight of 120 g. Range is a transparent prep-variability modeling band of ±10%; this range is not reported by INDB. Vitamin D = D2+D3; Vitamin K = K1+K2. Vitamin B12 is not present in the supplied INDB workbook and is therefore left TBD rather than fabricated.,High,N/A — no significant dietary B12 source,"Compiled ingredient list contains no meat, fish, egg, dairy solids, or fortified ingredient — only plant-based ingredients, and/or ghee/butter in amounts too small to contribute measurable B12 (B12 resides in milk solids/whey, not milk fat). Vitamin B12 is not naturally present in plant foods (USDA FoodData Central), so the value is retained at 0.0 rather than estimated.",High,PENDING_AUDIT,PENDING_AUDIT,PENDING_AUDIT,Exact,Mushroom matar,"prep-variability modeling band (internally generated, not source-reported)",10.0,No variants listed
FD119,Capsicum Masala,,,Vegetable Sides & Curries,Vegetable Curry,1,bowl,120,49.712,74.567,1.177,1.765,4.383,6.575,3.241,4.861,2.26,3.39,0.509,0.764,29.049,43.573,23.914,35.871,187.5,281.25,0.218,0.327,33.044,49.567,11.232,16.848,55.793,83.689,1.872,2.808,1.85,2.775,8.822,13.233,0.031,0.047,0.037,0.055,0.21,0.315,23.465,35.198,0.0,0.0,Vegetarian,,"capsicum, onion, tomato, spices",60,140,USDA (commodity) + INDB 2024.11 (gravy proxy),"Ingredient composition: capsicum/bell pepper (USDA FoodData Central, 65%) + a curry-masala gravy proxy from INDB Okra fry (35%, gravy/oil/spice profile only). Capsicum has no standalone INDB entry in this extract.",Low,,"Section 2: re-derived from correct dish-level analogue (was: wrong-category/keyword-bug match per audit report). | Section 3: differentiated from a previously identical duplicate-profile group per audit Section C. | Section 4/5: ingredients compiled from standard/typical recipes (not from INDB); allergens derived programmatically from that ingredient list using the spec vocabulary (dairy/egg/gluten/nuts/groundnut/soy/fish/shellfish); vitamin_b12 is a category-level estimate from standard published B12 values for the dish's primary animal-protein/dairy component (not from INDB, which has no B12 column); price is a rough India-wide market estimate, not measured data. | Audit-pass-2: re-sourced after INDB citation was found to not exist in the real dataset",USDA (commodity) + INDB 2024.11 (gravy proxy),"Ingredient composition: capsicum/bell pepper (USDA FoodData Central, 65%) + a curry-masala gravy proxy from INDB Okra fry (35%, gravy/oil/spice profile only). Capsicum has no standalone INDB entry in this extract.",Low,N/A — no significant dietary B12 source,"Compiled ingredient list contains no meat, fish, egg, dairy solids, or fortified ingredient — only plant-based ingredients, and/or ghee/butter in amounts too small to contribute measurable B12 (B12 resides in milk solids/whey, not milk fat). Vitamin B12 is not naturally present in plant foods (USDA FoodData Central), so the value is retained at 0.0 rather than estimated.",High,PENDING_AUDIT,PENDING_AUDIT,PENDING_AUDIT,Ingredient composition,USDA (commodity) + INDB 2024.11 (gravy proxy),not specified,,No variants listed
FD120,Bottle Gourd Kootu (Sorakaya Kootu),"Lauki Kootu, Sorakaya Kootu",,Vegetable Sides & Curries,Vegetable Curry,1,bowl,120,79.114,96.695,3.013,3.682,7.669,9.373,3.891,4.756,2.938,3.591,1.066,1.303,15.481,18.921,22.85,27.928,198.661,242.808,0.539,0.659,161.425,197.298,0.0,0.0,5.887,7.196,1.985,2.426,1.601,1.956,5.254,6.421,0.059,0.073,0.027,0.032,0.057,0.07,35.022,42.804,0.0,0.0,Vegetarian,,"bottle gourd, moong dal, coconut",60,140,Anuvaad Indian Nutrient Databank (INDB) 2024.11,Direct INDB equivalent: Split bengal gram with bottle gourd (Channa dal with ghiya/lauki); INDB 2024.11 values are per 100 g and were converted to the CSV serving weight of 120 g. Range is a transparent prep-variability modeling band of ±10%; this range is not reported by INDB. Vitamin D = D2+D3; Vitamin K = K1+K2. Vitamin B12 is not present in the supplied INDB workbook and is therefore left TBD rather than fabricated.,High,,"Section 4/5: ingredients compiled from standard/typical recipes (not from INDB); allergens derived programmatically from that ingredient list using the spec vocabulary (dairy/egg/gluten/nuts/groundnut/soy/fish/shellfish); vitamin_b12 is a category-level estimate from standard published B12 values for the dish's primary animal-protein/dairy component (not from INDB, which has no B12 column); price is a rough India-wide market estimate, not measured data.",Anuvaad Indian Nutrient Databank (INDB) 2024.11,Direct INDB equivalent: Split bengal gram with bottle gourd (Channa dal with ghiya/lauki); INDB 2024.11 values are per 100 g and were converted to the CSV serving weight of 120 g. Range is a transparent prep-variability modeling band of ±10%; this range is not reported by INDB. Vitamin D = D2+D3; Vitamin K = K1+K2. Vitamin B12 is not present in the supplied INDB workbook and is therefore left TBD rather than fabricated.,High,N/A — no significant dietary B12 source,"Compiled ingredient list contains no meat, fish, egg, dairy solids, or fortified ingredient — only plant-based ingredients, and/or ghee/butter in amounts too small to contribute measurable B12 (B12 resides in milk solids/whey, not milk fat). Vitamin B12 is not naturally present in plant foods (USDA FoodData Central), so the value is retained at 0.0 rather than estimated.",High,PENDING_AUDIT,PENDING_AUDIT,PENDING_AUDIT,Exact,Split bengal gram with bottle gourd (Channa dal with ghiya/lauki),"prep-variability modeling band (internally generated, not source-reported)",10.0,No variants listed
FD121,Cabbage Poriyal,,,Vegetable Sides & Curries,Vegetable Curry,1,bowl,120,12.324,20.541,0.352,0.586,2.305,3.842,0.123,0.205,0.549,0.914,0.168,0.279,14.361,23.935,5.521,9.202,52.349,87.248,0.058,0.097,109.249,182.081,0.0,0.0,5.771,9.619,0.097,0.162,0.011,0.018,19.818,33.03,0.008,0.013,0.011,0.019,0.025,0.041,8.177,13.628,0.0,0.0,Vegetarian,,"cabbage, grated coconut, mustard seeds",60,140,Anuvaad Indian Nutrient Databank (INDB) 2024.11,Closest INDB analogue: Pickled cabbage ; INDB 2024.11 values are per 100 g and were converted to the CSV serving weight of 120 g. Range is a transparent prep-variability modeling band of ±25%; this range is not reported by INDB. Vitamin D = D2+D3; Vitamin K = K1+K2. Vitamin B12 is not present in the supplied INDB workbook and is therefore left TBD rather than fabricated.,Low,,"Section 4/5: ingredients compiled from standard/typical recipes (not from INDB); allergens derived programmatically from that ingredient list using the spec vocabulary (dairy/egg/gluten/nuts/groundnut/soy/fish/shellfish); vitamin_b12 is a category-level estimate from standard published B12 values for the dish's primary animal-protein/dairy component (not from INDB, which has no B12 column); price is a rough India-wide market estimate, not measured data.",Anuvaad Indian Nutrient Databank (INDB) 2024.11,Closest INDB analogue: Pickled cabbage ; INDB 2024.11 values are per 100 g and were converted to the CSV serving weight of 120 g. Range is a transparent prep-variability modeling band of ±25%; this range is not reported by INDB. Vitamin D = D2+D3; Vitamin K = K1+K2. Vitamin B12 is not present in the supplied INDB workbook and is therefore left TBD rather than fabricated.,Low,N/A — no significant dietary B12 source,"Compiled ingredient list contains no meat, fish, egg, dairy solids, or fortified ingredient — only plant-based ingredients, and/or ghee/butter in amounts too small to contribute measurable B12 (B12 resides in milk solids/whey, not milk fat). Vitamin B12 is not naturally present in plant foods (USDA FoodData Central), so the value is retained at 0.0 rather than estimated.",High,PENDING_AUDIT,PENDING_AUDIT,PENDING_AUDIT,Close recipe,Pickled cabbage,"prep-variability modeling band (internally generated, not source-reported)",25.0,No variants listed
FD122,Beans Poriyal,,,Vegetable Sides & Curries,Vegetable Curry,1,bowl,120,113.47,138.685,2.187,2.673,3.52,4.302,9.96,12.173,4.478,5.474,1.03,1.259,47.733,58.341,33.461,40.897,280.035,342.264,0.379,0.464,87.723,107.217,0.0,0.0,3.793,4.636,2.94,3.593,3.278,4.006,17.369,21.228,0.046,0.057,0.049,0.059,0.346,0.423,51.296,62.696,0.0,0.0,Vegetarian,,"green beans, grated coconut, mustard seeds",60,140,Anuvaad Indian Nutrient Databank (INDB) 2024.11,Direct INDB equivalent: Beans foogath; INDB 2024.11 values are per 100 g and were converted to the CSV serving weight of 120 g. Range is a transparent prep-variability modeling band of ±10%; this range is not reported by INDB. Vitamin D = D2+D3; Vitamin K = K1+K2. Vitamin B12 is not present in the supplied INDB workbook and is therefore left TBD rather than fabricated.,High,,"Section 4/5: ingredients compiled from standard/typical recipes (not from INDB); allergens derived programmatically from that ingredient list using the spec vocabulary (dairy/egg/gluten/nuts/groundnut/soy/fish/shellfish); vitamin_b12 is a category-level estimate from standard published B12 values for the dish's primary animal-protein/dairy component (not from INDB, which has no B12 column); price is a rough India-wide market estimate, not measured data.",Anuvaad Indian Nutrient Databank (INDB) 2024.11,Direct INDB equivalent: Beans foogath; INDB 2024.11 values are per 100 g and were converted to the CSV serving weight of 120 g. Range is a transparent prep-variability modeling band of ±10%; this range is not reported by INDB. Vitamin D = D2+D3; Vitamin K = K1+K2. Vitamin B12 is not present in the supplied INDB workbook and is therefore left TBD rather than fabricated.,High,N/A — no significant dietary B12 source,"Compiled ingredient list contains no meat, fish, egg, dairy solids, or fortified ingredient — only plant-based ingredients, and/or ghee/butter in amounts too small to contribute measurable B12 (B12 resides in milk solids/whey, not milk fat). Vitamin B12 is not naturally present in plant foods (USDA FoodData Central), so the value is retained at 0.0 rather than estimated.",High,PENDING_AUDIT,PENDING_AUDIT,PENDING_AUDIT,Exact,Beans foogath,"prep-variability modeling band (internally generated, not source-reported)",10.0,No variants listed
FD123,Carrot Poriyal,,,Vegetable Sides & Curries,Vegetable Curry,1,bowl,120,255.567,425.946,8.265,13.775,36.026,60.043,8.305,13.842,7.838,13.063,3.463,5.772,48.077,80.128,103.061,171.768,433.189,721.982,1.896,3.16,140.338,233.897,0.0,0.0,7.222,12.037,7.266,12.11,3.639,6.065,80.487,134.144,0.287,0.478,0.123,0.204,0.2,0.333,64.215,107.025,0.0,0.0,Vegetarian,,"carrot, grated coconut, mustard seeds",60,140,Anuvaad Indian Nutrient Databank (INDB) 2024.11,Closest INDB analogue: Soya roti; INDB 2024.11 values are per 100 g and were converted to the CSV serving weight of 120 g. Range is a transparent prep-variability modeling band of ±25%; this range is not reported by INDB. Vitamin D = D2+D3; Vitamin K = K1+K2. Vitamin B12 is not present in the supplied INDB workbook and is therefore left TBD rather than fabricated.,Low,,"Section 4/5: ingredients compiled from standard/typical recipes (not from INDB); allergens derived programmatically from that ingredient list using the spec vocabulary (dairy/egg/gluten/nuts/groundnut/soy/fish/shellfish); vitamin_b12 is a category-level estimate from standard published B12 values for the dish's primary animal-protein/dairy component (not from INDB, which has no B12 column); price is a rough India-wide market estimate, not measured data.",Anuvaad Indian Nutrient Databank (INDB) 2024.11,Closest INDB analogue: Soya roti; INDB 2024.11 values are per 100 g and were converted to the CSV serving weight of 120 g. Range is a transparent prep-variability modeling band of ±25%; this range is not reported by INDB. Vitamin D = D2+D3; Vitamin K = K1+K2. Vitamin B12 is not present in the supplied INDB workbook and is therefore left TBD rather than fabricated.,Low,N/A — no significant dietary B12 source,"Compiled ingredient list contains no meat, fish, egg, dairy solids, or fortified ingredient — only plant-based ingredients, and/or ghee/butter in amounts too small to contribute measurable B12 (B12 resides in milk solids/whey, not milk fat). Vitamin B12 is not naturally present in plant foods (USDA FoodData Central), so the value is retained at 0.0 rather than estimated.",High,PENDING_AUDIT,PENDING_AUDIT,PENDING_AUDIT,Close recipe,Soya roti,"prep-variability modeling band (internally generated, not source-reported)",25.0,No variants listed
FD124,Beetroot Poriyal,,,Vegetable Sides & Curries,Vegetable Curry,1,bowl,120,474.892,791.486,1.722,2.869,11.06,18.433,46.96,78.267,1.258,2.097,0.54,0.9,4.841,8.069,13.787,22.979,50.624,84.373,0.305,0.508,41.833,69.722,1.791,2.986,0.256,0.426,1.576,2.626,22.992,38.32,3.277,5.461,0.045,0.075,0.017,0.028,0.029,0.048,8.264,13.773,0.0,0.0,Vegetarian,,"beetroot, grated coconut, mustard seeds",60,140,Anuvaad Indian Nutrient Databank (INDB) 2024.11,Closest INDB analogue: Beetroot poori (Chukandar ki poori); INDB 2024.11 values are per 100 g and were converted to the CSV serving weight of 120 g. Range is a transparent prep-variability modeling band of ±25%; this range is not reported by INDB. Vitamin D = D2+D3; Vitamin K = K1+K2. Vitamin B12 is not present in the supplied INDB workbook and is therefore left TBD rather than fabricated.,Low,,"Section 4/5: ingredients compiled from standard/typical recipes (not from INDB); allergens derived programmatically from that ingredient list using the spec vocabulary (dairy/egg/gluten/nuts/groundnut/soy/fish/shellfish); vitamin_b12 is a category-level estimate from standard published B12 values for the dish's primary animal-protein/dairy component (not from INDB, which has no B12 column); price is a rough India-wide market estimate, not measured data.",Anuvaad Indian Nutrient Databank (INDB) 2024.11,Closest INDB analogue: Beetroot poori (Chukandar ki poori); INDB 2024.11 values are per 100 g and were converted to the CSV serving weight of 120 g. Range is a transparent prep-variability modeling band of ±25%; this range is not reported by INDB. Vitamin D = D2+D3; Vitamin K = K1+K2. Vitamin B12 is not present in the supplied INDB workbook and is therefore left TBD rather than fabricated.,Low,N/A — no significant dietary B12 source,"Compiled ingredient list contains no meat, fish, egg, dairy solids, or fortified ingredient — only plant-based ingredients, and/or ghee/butter in amounts too small to contribute measurable B12 (B12 resides in milk solids/whey, not milk fat). Vitamin B12 is not naturally present in plant foods (USDA FoodData Central), so the value is retained at 0.0 rather than estimated.",High,PENDING_AUDIT,PENDING_AUDIT,PENDING_AUDIT,Close recipe,Beetroot poori (Chukandar ki poori),"prep-variability modeling band (internally generated, not source-reported)",25.0,No variants listed
FD125,Potato Roast,"Urulai Roast, Aloo Roast",,Vegetable Sides & Curries,Vegetable Curry,1,bowl,120,94.304,115.26,1.648,2.015,15.684,19.169,2.543,3.108,1.85,2.261,0.619,0.756,11.21,13.702,25.802,31.536,570.495,697.272,0.299,0.365,97.923,119.683,26.771,32.72,24.26,29.651,0.244,0.298,0.117,0.143,2.727,3.333,0.063,0.077,0.013,0.015,0.105,0.129,16.292,19.912,0.0,0.0,Vegetarian,,"potato, chilli powder, oil",60,140,Anuvaad Indian Nutrient Databank (INDB) 2024.11,Direct INDB equivalent: Roast potatoes ; INDB 2024.11 values are per 100 g and were converted to the CSV serving weight of 120 g. Range is a transparent prep-variability modeling band of ±10%; this range is not reported by INDB. Vitamin D = D2+D3; Vitamin K = K1+K2. Vitamin B12 is not present in the supplied INDB workbook and is therefore left TBD rather than fabricated.,High,,"Section 4/5: ingredients compiled from standard/typical recipes (not from INDB); allergens derived programmatically from that ingredient list using the spec vocabulary (dairy/egg/gluten/nuts/groundnut/soy/fish/shellfish); vitamin_b12 is a category-level estimate from standard published B12 values for the dish's primary animal-protein/dairy component (not from INDB, which has no B12 column); price is a rough India-wide market estimate, not measured data.",Anuvaad Indian Nutrient Databank (INDB) 2024.11,Direct INDB equivalent: Roast potatoes ; INDB 2024.11 values are per 100 g and were converted to the CSV serving weight of 120 g. Range is a transparent prep-variability modeling band of ±10%; this range is not reported by INDB. Vitamin D = D2+D3; Vitamin K = K1+K2. Vitamin B12 is not present in the supplied INDB workbook and is therefore left TBD rather than fabricated.,High,N/A — no significant dietary B12 source,"Compiled ingredient list contains no meat, fish, egg, dairy solids, or fortified ingredient — only plant-based ingredients, and/or ghee/butter in amounts too small to contribute measurable B12 (B12 resides in milk solids/whey, not milk fat). Vitamin B12 is not naturally present in plant foods (USDA FoodData Central), so the value is retained at 0.0 rather than estimated.",High,PENDING_AUDIT,PENDING_AUDIT,PENDING_AUDIT,Exact,Roast potatoes,"prep-variability modeling band (internally generated, not source-reported)",10.0,No variants listed
FD126,Raw Banana Fry,Vazhakkai Varuval,,Vegetable Sides & Curries,Vegetable Curry,1,bowl,120,639.817,865.635,0.634,0.858,3.473,4.698,69.339,93.811,0.603,0.815,0.289,0.391,9.411,12.733,6.974,9.436,72.773,98.458,0.09,0.122,90.164,121.986,0.589,0.797,3.314,4.484,0.943,1.276,34.13,46.176,7.555,10.222,0.025,0.033,0.016,0.021,0.052,0.071,6.548,8.859,0.0,0.0,Vegetarian,,"raw banana, chilli powder, oil",60,140,Anuvaad Indian Nutrient Databank (INDB) 2024.11,Closest INDB analogue: Raw banana kofta curry (Kela kofta curry); INDB 2024.11 values are per 100 g and were converted to the CSV serving weight of 120 g. Range is a transparent prep-variability modeling band of ±15%; this range is not reported by INDB. Vitamin D = D2+D3; Vitamin K = K1+K2. Vitamin B12 is not present in the supplied INDB workbook and is therefore left TBD rather than fabricated.,Medium,,"Section 4/5: ingredients compiled from standard/typical recipes (not from INDB); allergens derived programmatically from that ingredient list using the spec vocabulary (dairy/egg/gluten/nuts/groundnut/soy/fish/shellfish); vitamin_b12 is a category-level estimate from standard published B12 values for the dish's primary animal-protein/dairy component (not from INDB, which has no B12 column); price is a rough India-wide market estimate, not measured data.",Anuvaad Indian Nutrient Databank (INDB) 2024.11,Closest INDB analogue: Raw banana kofta curry (Kela kofta curry); INDB 2024.11 values are per 100 g and were converted to the CSV serving weight of 120 g. Range is a transparent prep-variability modeling band of ±15%; this range is not reported by INDB. Vitamin D = D2+D3; Vitamin K = K1+K2. Vitamin B12 is not present in the supplied INDB workbook and is therefore left TBD rather than fabricated.,Medium,N/A — no significant dietary B12 source,"Compiled ingredient list contains no meat, fish, egg, dairy solids, or fortified ingredient — only plant-based ingredients, and/or ghee/butter in amounts too small to contribute measurable B12 (B12 resides in milk solids/whey, not milk fat). Vitamin B12 is not naturally present in plant foods (USDA FoodData Central), so the value is retained at 0.0 rather than estimated.",High,PENDING_AUDIT,PENDING_AUDIT,PENDING_AUDIT,Close recipe,Raw banana kofta curry (Kela kofta curry),"prep-variability modeling band (internally generated, not source-reported)",15.0,No variants listed
FD127,Brinjal Fry,Kathirikai Varuval,,Vegetable Sides & Curries,Vegetable Curry,1,bowl,120,134.769,202.154,1.411,2.117,3.378,5.067,13.003,19.505,1.91,2.865,0.265,0.397,24.866,37.299,12.989,19.484,156.86,235.29,0.208,0.311,66.584,99.876,98.496,147.744,12.951,19.426,6.12,9.181,0.832,1.248,16.052,24.078,0.038,0.056,0.044,0.066,0.065,0.097,20.127,30.19,0.0,0.0,Vegetarian,,"brinjal, chilli powder, oil",60,140,Anuvaad Indian Nutrient Databank (INDB) 2024.11,"Section 3 (duplicate-profile fix): Brinjal Fry modeled as the same brinjal base plus an added shallow-fry oil allowance, giving it more fat than the roasted Baingan Bharta as expected. Components: Baked brinjal in tomato sauce (85%) + butter (15%); INDB 2024.11 values are per 100 g and were converted to the CSV serving weight of 120 g. Range is a transparent prep-variability modeling band of ±20%; this range is not reported by INDB. Vitamin D = D2+D3; Vitamin K = K1+K2. Vitamin B12 is not present in the supplied INDB workbook and is therefore left TBD rather than fabricated.",Low,,"Section 3: differentiated from a previously identical duplicate-profile group per audit Section C. | Section 4/5: ingredients compiled from standard/typical recipes (not from INDB); allergens derived programmatically from that ingredient list using the spec vocabulary (dairy/egg/gluten/nuts/groundnut/soy/fish/shellfish); vitamin_b12 is a category-level estimate from standard published B12 values for the dish's primary animal-protein/dairy component (not from INDB, which has no B12 column); price is a rough India-wide market estimate, not measured data.",Anuvaad Indian Nutrient Databank (INDB) 2024.11,"Section 3 (duplicate-profile fix): Brinjal Fry modeled as the same brinjal base plus an added shallow-fry oil allowance, giving it more fat than the roasted Baingan Bharta as expected. Components: Baked brinjal in tomato sauce (85%) + butter (15%); INDB 2024.11 values are per 100 g and were converted to the CSV serving weight of 120 g. Range is a transparent prep-variability modeling band of ±20%; this range is not reported by INDB. Vitamin D = D2+D3; Vitamin K = K1+K2. Vitamin B12 is not present in the supplied INDB workbook and is therefore left TBD rather than fabricated.",Low,N/A — no significant dietary B12 source,"Compiled ingredient list contains no meat, fish, egg, dairy solids, or fortified ingredient — only plant-based ingredients, and/or ghee/butter in amounts too small to contribute measurable B12 (B12 resides in milk solids/whey, not milk fat). Vitamin B12 is not naturally present in plant foods (USDA FoodData Central), so the value is retained at 0.0 rather than estimated.",High,PENDING_AUDIT,PENDING_AUDIT,PENDING_AUDIT,Close recipe,Baked brinjal in tomato sauce (85%) + butter (15%),"prep-variability modeling band (internally generated, not source-reported)",20.0,No variants listed
FD128,Vegetable Jalfrezi,,,Vegetable Sides & Curries,Vegetable Curry,1,bowl,120,73.956,90.391,1.517,1.854,5.86,7.162,4.725,5.775,3.207,3.92,0.737,0.901,29.282,35.789,24.712,30.204,292.592,357.612,0.26,0.318,85.816,104.886,0.0,0.0,28.004,34.227,4.401,5.38,2.268,2.772,35.21,43.034,0.052,0.063,0.042,0.051,0.149,0.182,30.576,37.371,0.0,0.0,Vegetarian,Soy,"mixed vegetables, capsicum, soy sauce, spices",60,140,Anuvaad Indian Nutrient Databank (INDB) 2024.11,Direct INDB equivalent: Vegetable jalfrezi; INDB 2024.11 values are per 100 g and were converted to the CSV serving weight of 120 g. Range is a transparent prep-variability modeling band of ±10%; this range is not reported by INDB. Vitamin D = D2+D3; Vitamin K = K1+K2. Vitamin B12 is not present in the supplied INDB workbook and is therefore left TBD rather than fabricated.,High,,"Section 4/5: ingredients compiled from standard/typical recipes (not from INDB); allergens derived programmatically from that ingredient list using the spec vocabulary (dairy/egg/gluten/nuts/groundnut/soy/fish/shellfish); vitamin_b12 is a category-level estimate from standard published B12 values for the dish's primary animal-protein/dairy component (not from INDB, which has no B12 column); price is a rough India-wide market estimate, not measured data.",Anuvaad Indian Nutrient Databank (INDB) 2024.11,Direct INDB equivalent: Vegetable jalfrezi; INDB 2024.11 values are per 100 g and were converted to the CSV serving weight of 120 g. Range is a transparent prep-variability modeling band of ±10%; this range is not reported by INDB. Vitamin D = D2+D3; Vitamin K = K1+K2. Vitamin B12 is not present in the supplied INDB workbook and is therefore left TBD rather than fabricated.,High,N/A — no significant dietary B12 source,"Compiled ingredient list contains no meat, fish, egg, dairy solids, or fortified ingredient — only plant-based ingredients, and/or ghee/butter in amounts too small to contribute measurable B12 (B12 resides in milk solids/whey, not milk fat). Vitamin B12 is not naturally present in plant foods (USDA FoodData Central), so the value is retained at 0.0 rather than estimated.",High,PENDING_AUDIT,PENDING_AUDIT,PENDING_AUDIT,Exact,Vegetable jalfrezi,"prep-variability modeling band (internally generated, not source-reported)",10.0,No variants listed
FD129,Methi Malai Matar,,,Vegetable Sides & Curries,Vegetable Curry,1,bowl,120,198.877,269.069,7.488,10.131,8.313,11.247,15.054,20.367,1.502,2.032,0.784,1.06,187.637,253.861,22.521,30.469,128.232,173.49,1.077,1.457,225.584,305.201,38.374,51.917,7.172,9.704,1.809,2.447,3.682,4.981,17.547,23.74,0.059,0.079,0.092,0.125,0.07,0.095,38.959,52.71,0.05,0.15,Vegetarian,Dairy,"fenugreek leaves, green peas, cream",60,140,Anuvaad Indian Nutrient Databank (INDB) 2024.11,Closest INDB analogue: Methi malai paneer; INDB 2024.11 values are per 100 g and were converted to the CSV serving weight of 120 g. Range is a transparent prep-variability modeling band of ±15%; this range is not reported by INDB. Vitamin D = D2+D3; Vitamin K = K1+K2. Vitamin B12 is not present in the supplied INDB workbook and is therefore left TBD rather than fabricated.,Medium,,"Section 4/5: ingredients compiled from standard/typical recipes (not from INDB); allergens derived programmatically from that ingredient list using the spec vocabulary (dairy/egg/gluten/nuts/groundnut/soy/fish/shellfish); vitamin_b12 is a category-level estimate from standard published B12 values for the dish's primary animal-protein/dairy component (not from INDB, which has no B12 column); price is a rough India-wide market estimate, not measured data.",Anuvaad Indian Nutrient Databank (INDB) 2024.11,Closest INDB analogue: Methi malai paneer; INDB 2024.11 values are per 100 g and were converted to the CSV serving weight of 120 g. Range is a transparent prep-variability modeling band of ±15%; this range is not reported by INDB. Vitamin D = D2+D3; Vitamin K = K1+K2. Vitamin B12 is not present in the supplied INDB workbook and is therefore left TBD rather than fabricated.,Medium,USDA FoodData Central,"Category-level estimate: curd/yogurt or milk is the dish's primary (or only) dairy component. USDA values for plain curd/yogurt and whole milk (~0.4-0.6 mcg/100g), scaled to a typical dairy-content fraction of this serving. Not from INDB.",Medium,PENDING_AUDIT,PENDING_AUDIT,PENDING_AUDIT,Close recipe,Methi malai paneer,"prep-variability modeling band (internally generated, not source-reported)",15.0,No variants listed
FD130,Lauki Ki Sabzi,Bottle Gourd Sabzi (North Indian style),,Vegetable Sides & Curries,Vegetable Curry,1,bowl,120,92.692,154.487,4.061,6.768,8.277,13.795,4.598,7.663,3.995,6.659,1.08,1.8,22.028,36.714,27.381,45.634,199.456,332.427,0.638,1.063,139.276,232.127,0.0,0.0,25.195,41.991,8.469,14.114,2.316,3.86,29.041,48.401,0.148,0.247,0.025,0.041,0.136,0.226,34.963,58.272,0.0,0.0,Vegetarian,,"bottle gourd, onion, tomato, spices",60,140,Anuvaad Indian Nutrient Databank (INDB) 2024.11,Closest INDB analogue: Pea curry (Matar ki sabzi); INDB 2024.11 values are per 100 g and were converted to the CSV serving weight of 120 g. Range is a transparent prep-variability modeling band of ±25%; this range is not reported by INDB. Vitamin D = D2+D3; Vitamin K = K1+K2. Vitamin B12 is not present in the supplied INDB workbook and is therefore left TBD rather than fabricated.,Low,,"Section 4/5: ingredients compiled from standard/typical recipes (not from INDB); allergens derived programmatically from that ingredient list using the spec vocabulary (dairy/egg/gluten/nuts/groundnut/soy/fish/shellfish); vitamin_b12 is a category-level estimate from standard published B12 values for the dish's primary animal-protein/dairy component (not from INDB, which has no B12 column); price is a rough India-wide market estimate, not measured data.",Anuvaad Indian Nutrient Databank (INDB) 2024.11,Closest INDB analogue: Pea curry (Matar ki sabzi); INDB 2024.11 values are per 100 g and were converted to the CSV serving weight of 120 g. Range is a transparent prep-variability modeling band of ±25%; this range is not reported by INDB. Vitamin D = D2+D3; Vitamin K = K1+K2. Vitamin B12 is not present in the supplied INDB workbook and is therefore left TBD rather than fabricated.,Low,N/A — no significant dietary B12 source,"Compiled ingredient list contains no meat, fish, egg, dairy solids, or fortified ingredient — only plant-based ingredients, and/or ghee/butter in amounts too small to contribute measurable B12 (B12 resides in milk solids/whey, not milk fat). Vitamin B12 is not naturally present in plant foods (USDA FoodData Central), so the value is retained at 0.0 rather than estimated.",High,PENDING_AUDIT,PENDING_AUDIT,PENDING_AUDIT,Close recipe,Pea curry (Matar ki sabzi),"prep-variability modeling band (internally generated, not source-reported)",25.0,No variants listed
FD131,Chicken Chettinad,,,Non-Vegetarian Mains,Non-Veg Curry,1,bowl,150,170.25,283.75,7.123,11.871,14.964,24.94,9.264,15.44,1.851,3.084,1.003,1.672,29.364,48.939,24.54,40.899,253.49,422.484,0.517,0.862,324.169,540.282,1.365,2.274,27.76,46.267,0.872,1.453,3.634,6.056,25.874,43.124,0.077,0.128,0.044,0.073,0.243,0.404,33.417,55.695,0.2,0.4,Non-Vegetarian,,"chicken, coconut, chettinad spice blend",168,392,Anuvaad Indian Nutrient Databank (INDB) 2024.11,Closest INDB analogue: Chicken chowmein; INDB 2024.11 values are per 100 g and were converted to the CSV serving weight of 150 g. Range is a transparent prep-variability modeling band of ±25%; this range is not reported by INDB. Vitamin D = D2+D3; Vitamin K = K1+K2. Vitamin B12 is not present in the supplied INDB workbook and is therefore left TBD rather than fabricated.,Low,,"Section 4/5: ingredients compiled from standard/typical recipes (not from INDB); allergens derived programmatically from that ingredient list using the spec vocabulary (dairy/egg/gluten/nuts/groundnut/soy/fish/shellfish); vitamin_b12 is a category-level estimate from standard published B12 values for the dish's primary animal-protein/dairy component (not from INDB, which has no B12 column); price is a rough India-wide market estimate, not measured data.",Anuvaad Indian Nutrient Databank (INDB) 2024.11,Closest INDB analogue: Chicken chowmein; INDB 2024.11 values are per 100 g and were converted to the CSV serving weight of 150 g. Range is a transparent prep-variability modeling band of ±25%; this range is not reported by INDB. Vitamin D = D2+D3; Vitamin K = K1+K2. Vitamin B12 is not present in the supplied INDB workbook and is therefore left TBD rather than fabricated.,Low,USDA FoodData Central,"Category-level estimate: chicken is the dish's primary animal-protein component. USDA value for chicken, roasted meat (~0.3 mcg/100g), scaled to a typical chicken-content fraction of this serving. Not from INDB.",Medium,PENDING_AUDIT,PENDING_AUDIT,PENDING_AUDIT,Close recipe,Chicken chowmein,"prep-variability modeling band (internally generated, not source-reported)",25.0,No variants listed
FD132,Butter Chicken,Murgh Makhani,,Non-Vegetarian Mains,Non-Veg Curry,1,bowl,150,184.954,226.055,14.748,18.025,5.056,6.179,11.744,14.354,1.787,2.185,1.245,1.522,34.127,41.711,31.414,38.395,431.359,527.217,0.693,0.847,35.386,43.249,66.12,80.814,16.014,19.573,5.681,6.944,1.113,1.36,29.912,36.56,0.184,0.225,0.074,0.09,0.406,0.496,20.038,24.491,0.2,0.4,Non-Vegetarian,Dairy,"chicken, tomato, butter, cream",168,392,Anuvaad Indian Nutrient Databank (INDB) 2024.11,Direct INDB equivalent: Butter chicken; INDB 2024.11 values are per 100 g and were converted to the CSV serving weight of 150 g. Range is a transparent prep-variability modeling band of ±10%; this range is not reported by INDB. Vitamin D = D2+D3; Vitamin K = K1+K2. Vitamin B12 is not present in the supplied INDB workbook and is therefore left TBD rather than fabricated.,High,,"Section 4/5: ingredients compiled from standard/typical recipes (not from INDB); allergens derived programmatically from that ingredient list using the spec vocabulary (dairy/egg/gluten/nuts/groundnut/soy/fish/shellfish); vitamin_b12 is a category-level estimate from standard published B12 values for the dish's primary animal-protein/dairy component (not from INDB, which has no B12 column); price is a rough India-wide market estimate, not measured data.",Anuvaad Indian Nutrient Databank (INDB) 2024.11,Direct INDB equivalent: Butter chicken; INDB 2024.11 values are per 100 g and were converted to the CSV serving weight of 150 g. Range is a transparent prep-variability modeling band of ±10%; this range is not reported by INDB. Vitamin D = D2+D3; Vitamin K = K1+K2. Vitamin B12 is not present in the supplied INDB workbook and is therefore left TBD rather than fabricated.,High,USDA FoodData Central,"Category-level estimate: chicken is the dish's primary animal-protein component. USDA value for chicken, roasted meat (~0.3 mcg/100g), scaled to a typical chicken-content fraction of this serving. Not from INDB.",Medium,PENDING_AUDIT,PENDING_AUDIT,PENDING_AUDIT,Exact,Butter chicken,"prep-variability modeling band (internally generated, not source-reported)",10.0,No variants listed
FD133,Chicken Tikka Masala,,,Non-Vegetarian Mains,Non-Veg Curry,1,bowl,150,220.988,270.097,13.263,16.21,5.488,6.708,16.223,19.828,1.298,1.587,1.207,1.475,111.618,136.422,29.376,35.904,311.727,380.999,0.85,1.038,192.457,235.225,27.356,33.436,3.837,4.689,2.088,2.552,4.036,4.933,20.379,24.908,0.082,0.1,0.082,0.1,0.302,0.37,25.292,30.913,0.2,0.4,Non-Vegetarian,Dairy,"chicken, curd marinade, tomato-cream gravy",168,392,Anuvaad Indian Nutrient Databank (INDB) 2024.11,Direct INDB equivalent: Shahi chicken masala; INDB 2024.11 values are per 100 g and were converted to the CSV serving weight of 150 g. Range is a transparent prep-variability modeling band of ±10%; this range is not reported by INDB. Vitamin D = D2+D3; Vitamin K = K1+K2. Vitamin B12 is not present in the supplied INDB workbook and is therefore left TBD rather than fabricated.,High,,"Section 4/5: ingredients compiled from standard/typical recipes (not from INDB); allergens derived programmatically from that ingredient list using the spec vocabulary (dairy/egg/gluten/nuts/groundnut/soy/fish/shellfish); vitamin_b12 is a category-level estimate from standard published B12 values for the dish's primary animal-protein/dairy component (not from INDB, which has no B12 column); price is a rough India-wide market estimate, not measured data.",Anuvaad Indian Nutrient Databank (INDB) 2024.11,Direct INDB equivalent: Shahi chicken masala; INDB 2024.11 values are per 100 g and were converted to the CSV serving weight of 150 g. Range is a transparent prep-variability modeling band of ±10%; this range is not reported by INDB. Vitamin D = D2+D3; Vitamin K = K1+K2. Vitamin B12 is not present in the supplied INDB workbook and is therefore left TBD rather than fabricated.,High,USDA FoodData Central,"Category-level estimate: chicken is the dish's primary animal-protein component. USDA value for chicken, roasted meat (~0.3 mcg/100g), scaled to a typical chicken-content fraction of this serving. Not from INDB.",Medium,PENDING_AUDIT,PENDING_AUDIT,PENDING_AUDIT,Exact,Shahi chicken masala,"prep-variability modeling band (internally generated, not source-reported)",10.0,No variants listed
FD134,Kadai Chicken,,,Non-Vegetarian Mains,Non-Veg Curry,1,bowl,150,224.127,273.932,16.635,20.332,2.018,2.467,16.825,20.564,0.906,1.107,1.255,1.534,36.245,44.299,24.498,29.942,289.8,354.199,0.729,0.891,102.12,124.814,6.899,8.432,0.858,1.049,1.402,1.714,0.248,0.304,22.582,27.6,0.084,0.103,0.069,0.084,0.411,0.503,11.912,14.559,0.2,0.4,Non-Vegetarian,,"chicken, capsicum, onion, spices",168,392,Anuvaad Indian Nutrient Databank (INDB) 2024.11,Direct INDB equivalent: Handi chicken; INDB 2024.11 values are per 100 g and were converted to the CSV serving weight of 150 g. Range is a transparent prep-variability modeling band of ±10%; this range is not reported by INDB. Vitamin D = D2+D3; Vitamin K = K1+K2. Vitamin B12 is not present in the supplied INDB workbook and is therefore left TBD rather than fabricated.,High,,"Section 4/5: ingredients compiled from standard/typical recipes (not from INDB); allergens derived programmatically from that ingredient list using the spec vocabulary (dairy/egg/gluten/nuts/groundnut/soy/fish/shellfish); vitamin_b12 is a category-level estimate from standard published B12 values for the dish's primary animal-protein/dairy component (not from INDB, which has no B12 column); price is a rough India-wide market estimate, not measured data.",Anuvaad Indian Nutrient Databank (INDB) 2024.11,Direct INDB equivalent: Handi chicken; INDB 2024.11 values are per 100 g and were converted to the CSV serving weight of 150 g. Range is a transparent prep-variability modeling band of ±10%; this range is not reported by INDB. Vitamin D = D2+D3; Vitamin K = K1+K2. Vitamin B12 is not present in the supplied INDB workbook and is therefore left TBD rather than fabricated.,High,USDA FoodData Central,"Category-level estimate: chicken is the dish's primary animal-protein component. USDA value for chicken, roasted meat (~0.3 mcg/100g), scaled to a typical chicken-content fraction of this serving. Not from INDB.",Medium,PENDING_AUDIT,PENDING_AUDIT,PENDING_AUDIT,Exact,Handi chicken,"prep-variability modeling band (internally generated, not source-reported)",10.0,No variants listed
FD135,Chicken Curry (Home-style),"Nadan Chicken Curry, Naatu Kozhi Curry",,Non-Vegetarian Mains,Non-Veg Curry,1,bowl,150,164.76,222.911,15.039,20.346,4.308,5.828,9.651,13.057,1.793,2.425,1.108,1.499,34.794,47.075,27.914,37.766,323.194,437.262,0.712,0.964,137.706,186.308,5.194,7.027,8.634,11.682,4.585,6.203,1.992,2.695,28.799,38.964,0.093,0.126,0.059,0.08,0.405,0.549,19.9,26.924,0.2,0.4,Non-Vegetarian,,"chicken, onion, tomato, spices",168,392,Anuvaad Indian Nutrient Databank (INDB) 2024.11,Section 3 (duplicate-profile fix): Home-style Chicken Curry modeled directly on INDB Chicken curry as the baseline version. Components: Chicken curry (100%); INDB 2024.11 values are per 100 g and were converted to the CSV serving weight of 150 g. Range is a transparent prep-variability modeling band of ±15%; this range is not reported by INDB. Vitamin D = D2+D3; Vitamin K = K1+K2. Vitamin B12 is not present in the supplied INDB workbook and is therefore left TBD rather than fabricated.,Medium,,"Section 3: differentiated from a previously identical duplicate-profile group per audit Section C. | Section 4/5: ingredients compiled from standard/typical recipes (not from INDB); allergens derived programmatically from that ingredient list using the spec vocabulary (dairy/egg/gluten/nuts/groundnut/soy/fish/shellfish); vitamin_b12 is a category-level estimate from standard published B12 values for the dish's primary animal-protein/dairy component (not from INDB, which has no B12 column); price is a rough India-wide market estimate, not measured data.",Anuvaad Indian Nutrient Databank (INDB) 2024.11,Section 3 (duplicate-profile fix): Home-style Chicken Curry modeled directly on INDB Chicken curry as the baseline version. Components: Chicken curry (100%); INDB 2024.11 values are per 100 g and were converted to the CSV serving weight of 150 g. Range is a transparent prep-variability modeling band of ±15%; this range is not reported by INDB. Vitamin D = D2+D3; Vitamin K = K1+K2. Vitamin B12 is not present in the supplied INDB workbook and is therefore left TBD rather than fabricated.,Medium,USDA FoodData Central,"Category-level estimate: chicken is the dish's primary animal-protein component. USDA value for chicken, roasted meat (~0.3 mcg/100g), scaled to a typical chicken-content fraction of this serving. Not from INDB.",Medium,PENDING_AUDIT,PENDING_AUDIT,PENDING_AUDIT,Close recipe,Chicken curry (100%),"prep-variability modeling band (internally generated, not source-reported)",15.0,No variants listed
FD136,Pepper Chicken,Kozhi Milagu Varuval,,Non-Vegetarian Mains,Non-Veg Curry,1,bowl,150,708.112,1062.168,7.238,10.857,5.463,8.194,73.171,109.756,1.147,1.721,0.609,0.913,10.892,16.338,12.096,18.144,111.478,167.217,0.331,0.497,123.879,185.819,1.625,2.438,0.244,0.366,0.43,0.645,35.065,52.597,12.649,18.973,0.065,0.098,0.031,0.047,0.172,0.258,20.078,30.116,0.2,0.4,Non-Vegetarian,,"chicken, black pepper, curry leaves, oil",168,392,Anuvaad Indian Nutrient Databank (INDB) 2024.11,"Section 3 (duplicate-profile fix): Pepper Chicken modeled on INDB Chicken pakora (dry, fried preparation), closer in style to a dry pepper-fry than a gravy dish. Components: Chicken pakora/pakoda (100%); INDB 2024.11 values are per 100 g and were converted to the CSV serving weight of 150 g. Range is a transparent prep-variability modeling band of ±20%; this range is not reported by INDB. Vitamin D = D2+D3; Vitamin K = K1+K2. Vitamin B12 is not present in the supplied INDB workbook and is therefore left TBD rather than fabricated.",Low,,"Section 3: differentiated from a previously identical duplicate-profile group per audit Section C. | Section 4/5: ingredients compiled from standard/typical recipes (not from INDB); allergens derived programmatically from that ingredient list using the spec vocabulary (dairy/egg/gluten/nuts/groundnut/soy/fish/shellfish); vitamin_b12 is a category-level estimate from standard published B12 values for the dish's primary animal-protein/dairy component (not from INDB, which has no B12 column); price is a rough India-wide market estimate, not measured data.",Anuvaad Indian Nutrient Databank (INDB) 2024.11,"Section 3 (duplicate-profile fix): Pepper Chicken modeled on INDB Chicken pakora (dry, fried preparation), closer in style to a dry pepper-fry than a gravy dish. Components: Chicken pakora/pakoda (100%); INDB 2024.11 values are per 100 g and were converted to the CSV serving weight of 150 g. Range is a transparent prep-variability modeling band of ±20%; this range is not reported by INDB. Vitamin D = D2+D3; Vitamin K = K1+K2. Vitamin B12 is not present in the supplied INDB workbook and is therefore left TBD rather than fabricated.",Low,USDA FoodData Central,"Category-level estimate: chicken is the dish's primary animal-protein component. USDA value for chicken, roasted meat (~0.3 mcg/100g), scaled to a typical chicken-content fraction of this serving. Not from INDB.",Medium,PENDING_AUDIT,PENDING_AUDIT,PENDING_AUDIT,Close recipe,Chicken pakora/pakoda (100%),"prep-variability modeling band (internally generated, not source-reported)",20.0,No variants listed
FD137,Chicken Do Pyaza,,,Non-Vegetarian Mains,Non-Veg Curry,1,bowl,150,211.495,317.243,13.103,19.655,3.736,5.603,16.142,24.213,1.552,2.328,0.961,1.442,32.432,48.648,24.362,36.543,282.152,423.227,0.625,0.938,120.293,180.44,70.161,105.242,7.476,11.214,4.114,6.171,1.947,2.921,25.609,38.413,0.081,0.122,0.055,0.082,0.351,0.527,17.519,26.279,0.2,0.4,Non-Vegetarian,,"chicken, onion (double), tomato, spices",168,392,Anuvaad Indian Nutrient Databank (INDB) 2024.11,"Section 3 (follow-up): Chicken Do Pyaza modeled as chicken curry plus a small added-oil allowance for the double-onion saute technique, differentiating it from the leaner Home-style Chicken Curry (FD135), which shares the same base analogue. INDB 2024.11 values per 100g converted to 150g serving; band ±20%. Vitamin D=D2+D3; Vitamin K=K1+K2. Vitamin B12 not present in supplied workbook, left TBD.",Low,,"Section 3: differentiated from a previously identical duplicate-profile group per audit Section C. | Section 3 follow-up: resolved self-introduced duplicate. | Section 4/5: ingredients compiled from standard/typical recipes (not from INDB); allergens derived programmatically from that ingredient list using the spec vocabulary (dairy/egg/gluten/nuts/groundnut/soy/fish/shellfish); vitamin_b12 is a category-level estimate from standard published B12 values for the dish's primary animal-protein/dairy component (not from INDB, which has no B12 column); price is a rough India-wide market estimate, not measured data.",Anuvaad Indian Nutrient Databank (INDB) 2024.11,"Section 3 (follow-up): Chicken Do Pyaza modeled as chicken curry plus a small added-oil allowance for the double-onion saute technique, differentiating it from the leaner Home-style Chicken Curry (FD135), which shares the same base analogue. INDB 2024.11 values per 100g converted to 150g serving; band ±20%. Vitamin D=D2+D3; Vitamin K=K1+K2. Vitamin B12 not present in supplied workbook, left TBD.",Low,USDA FoodData Central,"Category-level estimate: chicken is the dish's primary animal-protein component. USDA value for chicken, roasted meat (~0.3 mcg/100g), scaled to a typical chicken-content fraction of this serving. Not from INDB.",Medium,PENDING_AUDIT,PENDING_AUDIT,PENDING_AUDIT,Close recipe,Anuvaad Indian Nutrient Databank (INDB) 2024.11,"prep-variability modeling band (internally generated, not source-reported)",20.0,No variants listed
FD138,Chicken Korma,,,Non-Vegetarian Mains,Non-Veg Curry,1,bowl,150,199.744,244.131,13.272,16.221,7.33,8.959,13.06,15.962,2.455,3.001,1.431,1.749,92.694,113.293,39.923,48.795,374.66,457.917,0.912,1.114,160.936,196.7,11.418,13.956,3.899,4.766,1.843,2.252,3.224,3.94,21.156,25.857,0.101,0.123,0.124,0.152,0.352,0.43,22.896,27.984,0.2,0.4,Non-Vegetarian,"Dairy, Nuts","chicken, curd, cashew paste, spices",168,392,Anuvaad Indian Nutrient Databank (INDB) 2024.11,Direct INDB equivalent: Chicken korma; INDB 2024.11 values are per 100 g and were converted to the CSV serving weight of 150 g. Range is a transparent prep-variability modeling band of ±10%; this range is not reported by INDB. Vitamin D = D2+D3; Vitamin K = K1+K2. Vitamin B12 is not present in the supplied INDB workbook and is therefore left TBD rather than fabricated.,High,,"Section 4/5: ingredients compiled from standard/typical recipes (not from INDB); allergens derived programmatically from that ingredient list using the spec vocabulary (dairy/egg/gluten/nuts/groundnut/soy/fish/shellfish); vitamin_b12 is a category-level estimate from standard published B12 values for the dish's primary animal-protein/dairy component (not from INDB, which has no B12 column); price is a rough India-wide market estimate, not measured data.",Anuvaad Indian Nutrient Databank (INDB) 2024.11,Direct INDB equivalent: Chicken korma; INDB 2024.11 values are per 100 g and were converted to the CSV serving weight of 150 g. Range is a transparent prep-variability modeling band of ±10%; this range is not reported by INDB. Vitamin D = D2+D3; Vitamin K = K1+K2. Vitamin B12 is not present in the supplied INDB workbook and is therefore left TBD rather than fabricated.,High,USDA FoodData Central,"Category-level estimate: chicken is the dish's primary animal-protein component. USDA value for chicken, roasted meat (~0.3 mcg/100g), scaled to a typical chicken-content fraction of this serving. Not from INDB.",Medium,PENDING_AUDIT,PENDING_AUDIT,PENDING_AUDIT,Exact,Chicken korma,"prep-variability modeling band (internally generated, not source-reported)",10.0,No variants listed
FD139,Andhra Chicken Curry,,,Non-Vegetarian Mains,Non-Veg Curry,1,bowl,150,260.868,391.303,12.184,18.276,3.457,5.185,22.318,33.478,1.434,2.151,0.89,1.335,32.155,48.233,22.691,34.036,262.875,394.312,0.586,0.879,112.145,168.217,127.275,190.913,6.907,10.361,3.938,5.907,2.011,3.016,24.299,36.449,0.076,0.113,0.054,0.08,0.325,0.487,16.46,24.69,0.2,0.4,Non-Vegetarian,,"chicken, chilli, tamarind, spices",168,392,Anuvaad Indian Nutrient Databank (INDB) 2024.11,Section 3 (duplicate-profile fix): Andhra Chicken Curry modeled as chicken curry plus an added chili-oil allowance for its typically spicier/oilier style. Components: Chicken curry (85%) + butter (15%); INDB 2024.11 values are per 100 g and were converted to the CSV serving weight of 150 g. Range is a transparent prep-variability modeling band of ±20%; this range is not reported by INDB. Vitamin D = D2+D3; Vitamin K = K1+K2. Vitamin B12 is not present in the supplied INDB workbook and is therefore left TBD rather than fabricated.,Low,,"Section 3: differentiated from a previously identical duplicate-profile group per audit Section C. | Section 4/5: ingredients compiled from standard/typical recipes (not from INDB); allergens derived programmatically from that ingredient list using the spec vocabulary (dairy/egg/gluten/nuts/groundnut/soy/fish/shellfish); vitamin_b12 is a category-level estimate from standard published B12 values for the dish's primary animal-protein/dairy component (not from INDB, which has no B12 column); price is a rough India-wide market estimate, not measured data.",Anuvaad Indian Nutrient Databank (INDB) 2024.11,Section 3 (duplicate-profile fix): Andhra Chicken Curry modeled as chicken curry plus an added chili-oil allowance for its typically spicier/oilier style. Components: Chicken curry (85%) + butter (15%); INDB 2024.11 values are per 100 g and were converted to the CSV serving weight of 150 g. Range is a transparent prep-variability modeling band of ±20%; this range is not reported by INDB. Vitamin D = D2+D3; Vitamin K = K1+K2. Vitamin B12 is not present in the supplied INDB workbook and is therefore left TBD rather than fabricated.,Low,USDA FoodData Central,"Category-level estimate: chicken is the dish's primary animal-protein component. USDA value for chicken, roasted meat (~0.3 mcg/100g), scaled to a typical chicken-content fraction of this serving. Not from INDB.",Medium,PENDING_AUDIT,PENDING_AUDIT,PENDING_AUDIT,Close recipe,Chicken curry (85%) + butter (15%),"prep-variability modeling band (internally generated, not source-reported)",20.0,No variants listed
FD140,Kerala Chicken Curry,,,Non-Vegetarian Mains,Non-Veg Curry,1,bowl,150,139.582,209.373,13.025,19.538,3.821,5.732,7.954,11.93,1.727,2.59,1.059,1.589,30.822,46.233,26.837,40.256,281.466,422.199,0.607,0.91,117.339,176.008,5.59,8.385,6.873,10.31,3.438,5.158,1.699,2.548,22.124,33.187,0.076,0.114,0.057,0.085,0.296,0.444,17.313,25.97,0.2,0.4,Non-Vegetarian,Dairy,"chicken, coconut milk, curry leaves, spices",168,392,Anuvaad Indian Nutrient Databank (INDB) 2024.11,"Section 3 (duplicate-profile fix): Kerala Chicken Curry modeled as chicken curry plus a coconut-milk-richness component (the fish-in-coconut-milk entry is used only as a coconut-fat/coconut-micronutrient proxy, not for its fish content), reflecting the typically richer coconut-based Kerala style. Components: Chicken curry (70%) + Fish in coconut milk (Nariyal ke doodh ke saath machli) (30%); INDB 2024.11 values are per 100 g and were converted to the CSV serving weight of 150 g. Range is a transparent prep-variability modeling band of ±20%; this range is not reported by INDB. Vitamin D = D2+D3; Vitamin K = K1+K2. Vitamin B12 is not present in the supplied INDB workbook and is therefore left TBD rather than fabricated.",Low,,"Section 3: differentiated from a previously identical duplicate-profile group per audit Section C. | Section 4/5: ingredients compiled from standard/typical recipes (not from INDB); allergens derived programmatically from that ingredient list using the spec vocabulary (dairy/egg/gluten/nuts/groundnut/soy/fish/shellfish); vitamin_b12 is a category-level estimate from standard published B12 values for the dish's primary animal-protein/dairy component (not from INDB, which has no B12 column); price is a rough India-wide market estimate, not measured data.",Anuvaad Indian Nutrient Databank (INDB) 2024.11,"Section 3 (duplicate-profile fix): Kerala Chicken Curry modeled as chicken curry plus a coconut-milk-richness component (the fish-in-coconut-milk entry is used only as a coconut-fat/coconut-micronutrient proxy, not for its fish content), reflecting the typically richer coconut-based Kerala style. Components: Chicken curry (70%) + Fish in coconut milk (Nariyal ke doodh ke saath machli) (30%); INDB 2024.11 values are per 100 g and were converted to the CSV serving weight of 150 g. Range is a transparent prep-variability modeling band of ±20%; this range is not reported by INDB. Vitamin D = D2+D3; Vitamin K = K1+K2. Vitamin B12 is not present in the supplied INDB workbook and is therefore left TBD rather than fabricated.",Low,USDA FoodData Central,"Category-level estimate: chicken is the dish's primary animal-protein component. USDA value for chicken, roasted meat (~0.3 mcg/100g), scaled to a typical chicken-content fraction of this serving. Not from INDB.",Medium,PENDING_AUDIT,PENDING_AUDIT,PENDING_AUDIT,Close recipe,Chicken curry (70%) + Fish in coconut milk (Nariyal ke doodh ke saath machli) (30%),"prep-variability modeling band (internally generated, not source-reported)",20.0,No variants listed
FD141,Chicken 65,,Chicken 65 Gravy (wet style),Non-Vegetarian Mains,Non-Veg Curry,1,bowl,150,752.369,1017.911,7.69,10.404,5.804,7.853,77.744,105.183,1.219,1.649,0.647,0.875,11.573,15.657,12.852,17.388,118.446,160.25,0.352,0.476,131.622,178.077,1.727,2.336,0.259,0.35,0.457,0.619,37.256,50.405,13.439,18.183,0.069,0.094,0.033,0.045,0.183,0.248,21.332,28.862,0.2,0.4,Non-Vegetarian,Dairy,"chicken, curd, cornflour, spices, oil",168,392,Anuvaad Indian Nutrient Databank (INDB) 2024.11,"Section 2 fix: Chicken pakora/pakoda (100%); INDB 2024.11 values are per 100 g (commodity components use standard published composition) and were converted to the CSV serving weight of 150 g. Range is a transparent prep-variability modeling band of ±15%; this range is not reported by INDB. Vitamin D = D2+D3; Vitamin K = K1+K2. Vitamin B12 is not present in the supplied INDB workbook and is therefore left TBD rather than fabricated. Chicken 65 modeled on INDB Chicken pakora (same deep-fried spiced-chicken-bite category), replacing the prior chicken-sandwich mismatch that added bread carbs the dish does not have.",Medium,"The gravy-style version adds a substantial onion-tomato-curry-leaf sauce to the same fried chicken base, adding oil and carbs beyond the dry-fried original. Consider splitting out.","Section 2: re-derived from correct dish-level analogue (was: wrong-category/keyword-bug match per audit report). | Section 4/5: ingredients compiled from standard/typical recipes (not from INDB); allergens derived programmatically from that ingredient list using the spec vocabulary (dairy/egg/gluten/nuts/groundnut/soy/fish/shellfish); vitamin_b12 is a category-level estimate from standard published B12 values for the dish's primary animal-protein/dairy component (not from INDB, which has no B12 column); price is a rough India-wide market estimate, not measured data.",Anuvaad Indian Nutrient Databank (INDB) 2024.11,"Section 2 fix: Chicken pakora/pakoda (100%); INDB 2024.11 values are per 100 g (commodity components use standard published composition) and were converted to the CSV serving weight of 150 g. Range is a transparent prep-variability modeling band of ±15%; this range is not reported by INDB. Vitamin D = D2+D3; Vitamin K = K1+K2. Vitamin B12 is not present in the supplied INDB workbook and is therefore left TBD rather than fabricated. Chicken 65 modeled on INDB Chicken pakora (same deep-fried spiced-chicken-bite category), replacing the prior chicken-sandwich mismatch that added bread carbs the dish does not have.",Medium,USDA FoodData Central,"Category-level estimate: chicken is the dish's primary animal-protein component. USDA value for chicken, roasted meat (~0.3 mcg/100g), scaled to a typical chicken-content fraction of this serving. Not from INDB.",Medium,PENDING_AUDIT,PENDING_AUDIT,PENDING_AUDIT,Ingredient composition,Chicken pakora/pakoda (100%),"prep-variability modeling band (internally generated, not source-reported)",15.0,"Reviewed — distinct variant, split recommended"
FD142,Tandoori Chicken,,Chicken Tikka,Non-Vegetarian Mains,Non-Veg Curry,1,bowl,150,196.018,239.578,21.956,26.835,3.154,3.855,10.71,13.09,0.682,0.833,1.214,1.484,59.84,73.137,29.724,36.329,387.733,473.896,0.958,1.171,213.302,260.703,11.768,14.384,3.704,4.527,1.561,1.908,1.041,1.273,28.162,34.421,0.117,0.143,0.117,0.143,0.549,0.671,17.121,20.926,0.2,0.4,Non-Vegetarian,Dairy,"chicken, curd marinade, tandoori masala",168,392,Anuvaad Indian Nutrient Databank (INDB) 2024.11,Direct INDB equivalent: Tandoori chicken; INDB 2024.11 values are per 100 g and were converted to the CSV serving weight of 150 g. Range is a transparent prep-variability modeling band of ±10%; this range is not reported by INDB. Vitamin D = D2+D3; Vitamin K = K1+K2. Vitamin B12 is not present in the supplied INDB workbook and is therefore left TBD rather than fabricated.,High,"Chicken Tikka is boneless whereas tandoori chicken is usually served on the bone, so edible-portion protein per stated serving weight differs. Confirm serving basis.","Section 6: boilerplate variant_review_notes replaced with dish-specific note | Section 4/5: ingredients compiled from standard/typical recipes (not from INDB); allergens derived programmatically from that ingredient list using the spec vocabulary (dairy/egg/gluten/nuts/groundnut/soy/fish/shellfish); vitamin_b12 is a category-level estimate from standard published B12 values for the dish's primary animal-protein/dairy component (not from INDB, which has no B12 column); price is a rough India-wide market estimate, not measured data.",Anuvaad Indian Nutrient Databank (INDB) 2024.11,Direct INDB equivalent: Tandoori chicken; INDB 2024.11 values are per 100 g and were converted to the CSV serving weight of 150 g. Range is a transparent prep-variability modeling band of ±10%; this range is not reported by INDB. Vitamin D = D2+D3; Vitamin K = K1+K2. Vitamin B12 is not present in the supplied INDB workbook and is therefore left TBD rather than fabricated.,High,USDA FoodData Central,"Category-level estimate: chicken is the dish's primary animal-protein component. USDA value for chicken, roasted meat (~0.3 mcg/100g), scaled to a typical chicken-content fraction of this serving. Not from INDB.",Medium,PENDING_AUDIT,PENDING_AUDIT,PENDING_AUDIT,Exact,Tandoori chicken,"prep-variability modeling band (internally generated, not source-reported)",10.0,Reviewed — needs confirmation
FD143,Mutton Curry,Mutton Kulambu,,Non-Vegetarian Mains,Non-Veg Curry,1,bowl,150,214.609,357.681,8.299,13.831,25.307,42.178,8.69,14.483,2.717,4.528,1.456,2.427,77.154,128.59,21.512,35.853,238.558,397.596,0.519,0.865,295.473,492.455,1.137,1.895,5.565,9.275,2.287,3.812,2.236,3.727,7.805,13.008,0.122,0.203,0.082,0.137,0.121,0.201,16.278,27.131,1.0,2.0,Non-Vegetarian,,"mutton, onion, tomato, spices",216,504,Anuvaad Indian Nutrient Databank (INDB) 2024.11,Closest INDB analogue: Mutton biryani/biriyani; INDB 2024.11 values are per 100 g and were converted to the CSV serving weight of 150 g. Range is a transparent prep-variability modeling band of ±25%; this range is not reported by INDB. Vitamin D = D2+D3; Vitamin K = K1+K2. Vitamin B12 is not present in the supplied INDB workbook and is therefore left TBD rather than fabricated.,Low,,"Section 4/5: ingredients compiled from standard/typical recipes (not from INDB); allergens derived programmatically from that ingredient list using the spec vocabulary (dairy/egg/gluten/nuts/groundnut/soy/fish/shellfish); vitamin_b12 is a category-level estimate from standard published B12 values for the dish's primary animal-protein/dairy component (not from INDB, which has no B12 column); price is a rough India-wide market estimate, not measured data.",Anuvaad Indian Nutrient Databank (INDB) 2024.11,Closest INDB analogue: Mutton biryani/biriyani; INDB 2024.11 values are per 100 g and were converted to the CSV serving weight of 150 g. Range is a transparent prep-variability modeling band of ±25%; this range is not reported by INDB. Vitamin D = D2+D3; Vitamin K = K1+K2. Vitamin B12 is not present in the supplied INDB workbook and is therefore left TBD rather than fabricated.,Low,USDA FoodData Central,"Category-level estimate: mutton/lamb is the dish's primary animal-protein component. USDA value for lamb/mutton, cooked, lean (~2.5-2.6 mcg/100g), scaled to a typical meat-content fraction of this serving. Not from INDB.",Medium,PENDING_AUDIT,PENDING_AUDIT,PENDING_AUDIT,Close recipe,Mutton biryani/biriyani,"prep-variability modeling band (internally generated, not source-reported)",25.0,No variants listed
FD144,Mutton Rogan Josh,,,Non-Vegetarian Mains,Non-Veg Curry,1,bowl,150,188.441,230.317,12.904,15.772,6.654,8.133,12.179,14.886,2.803,3.426,2.386,2.916,151.641,185.339,28.344,34.642,396.957,485.17,0.404,0.494,275.82,337.114,4.805,5.873,7.101,8.679,3.726,4.555,1.818,2.222,18.001,22.001,0.155,0.189,0.16,0.195,0.095,0.116,20.785,25.404,1.0,2.0,Non-Vegetarian,Dairy,"mutton, curd, kashmiri chilli, spices",216,504,Anuvaad Indian Nutrient Databank (INDB) 2024.11,Direct INDB equivalent: Roghan josh; INDB 2024.11 values are per 100 g and were converted to the CSV serving weight of 150 g. Range is a transparent prep-variability modeling band of ±10%; this range is not reported by INDB. Vitamin D = D2+D3; Vitamin K = K1+K2. Vitamin B12 is not present in the supplied INDB workbook and is therefore left TBD rather than fabricated.,High,,"Section 4/5: ingredients compiled from standard/typical recipes (not from INDB); allergens derived programmatically from that ingredient list using the spec vocabulary (dairy/egg/gluten/nuts/groundnut/soy/fish/shellfish); vitamin_b12 is a category-level estimate from standard published B12 values for the dish's primary animal-protein/dairy component (not from INDB, which has no B12 column); price is a rough India-wide market estimate, not measured data.",Anuvaad Indian Nutrient Databank (INDB) 2024.11,Direct INDB equivalent: Roghan josh; INDB 2024.11 values are per 100 g and were converted to the CSV serving weight of 150 g. Range is a transparent prep-variability modeling band of ±10%; this range is not reported by INDB. Vitamin D = D2+D3; Vitamin K = K1+K2. Vitamin B12 is not present in the supplied INDB workbook and is therefore left TBD rather than fabricated.,High,USDA FoodData Central,"Category-level estimate: mutton/lamb is the dish's primary animal-protein component. USDA value for lamb/mutton, cooked, lean (~2.5-2.6 mcg/100g), scaled to a typical meat-content fraction of this serving. Not from INDB.",Medium,PENDING_AUDIT,PENDING_AUDIT,PENDING_AUDIT,Exact,Roghan josh,"prep-variability modeling band (internally generated, not source-reported)",10.0,No variants listed
FD145,Mutton Chettinad,,,Non-Vegetarian Mains,Non-Veg Curry,1,bowl,150,746.592,1244.32,4.534,7.556,1.664,2.773,80.229,133.715,0.194,0.323,0.715,1.192,40.7,67.833,2.611,4.351,79.377,132.295,0.102,0.17,57.413,95.688,8.639,14.399,1.206,2.01,0.077,0.129,38.076,63.46,5.785,9.641,0.046,0.077,0.045,0.075,0.019,0.032,5.366,8.943,1.0,2.0,Non-Vegetarian,,"mutton, coconut, chettinad spice blend",216,504,Anuvaad Indian Nutrient Databank (INDB) 2024.11,Closest INDB analogue: Mutton chops; INDB 2024.11 values are per 100 g and were converted to the CSV serving weight of 150 g. Range is a transparent prep-variability modeling band of ±25%; this range is not reported by INDB. Vitamin D = D2+D3; Vitamin K = K1+K2. Vitamin B12 is not present in the supplied INDB workbook and is therefore left TBD rather than fabricated.,Low,,"Section 4/5: ingredients compiled from standard/typical recipes (not from INDB); allergens derived programmatically from that ingredient list using the spec vocabulary (dairy/egg/gluten/nuts/groundnut/soy/fish/shellfish); vitamin_b12 is a category-level estimate from standard published B12 values for the dish's primary animal-protein/dairy component (not from INDB, which has no B12 column); price is a rough India-wide market estimate, not measured data.",Anuvaad Indian Nutrient Databank (INDB) 2024.11,Closest INDB analogue: Mutton chops; INDB 2024.11 values are per 100 g and were converted to the CSV serving weight of 150 g. Range is a transparent prep-variability modeling band of ±25%; this range is not reported by INDB. Vitamin D = D2+D3; Vitamin K = K1+K2. Vitamin B12 is not present in the supplied INDB workbook and is therefore left TBD rather than fabricated.,Low,USDA FoodData Central,"Category-level estimate: mutton/lamb is the dish's primary animal-protein component. USDA value for lamb/mutton, cooked, lean (~2.5-2.6 mcg/100g), scaled to a typical meat-content fraction of this serving. Not from INDB.",Medium,PENDING_AUDIT,PENDING_AUDIT,PENDING_AUDIT,Close recipe,Mutton chops,"prep-variability modeling band (internally generated, not source-reported)",25.0,No variants listed
FD146,Mutton Kheema,"Keema, Minced Mutton Curry",,Non-Vegetarian Mains,Non-Veg Curry,1,bowl,150,156.112,190.804,9.575,11.703,3.418,4.178,11.523,14.083,1.051,1.284,1.475,1.802,106.74,130.46,11.65,14.239,223.928,273.69,0.221,0.271,76.863,93.944,24.534,29.986,2.041,2.494,0.335,0.409,1.886,2.305,4.306,5.263,0.101,0.123,0.113,0.138,0.046,0.056,11.721,14.326,1.0,2.0,Non-Vegetarian,,"minced mutton, onion, peas, spices",216,504,Anuvaad Indian Nutrient Databank (INDB) 2024.11,Direct INDB equivalent: Mutton korma; INDB 2024.11 values are per 100 g and were converted to the CSV serving weight of 150 g. Range is a transparent prep-variability modeling band of ±10%; this range is not reported by INDB. Vitamin D = D2+D3; Vitamin K = K1+K2. Vitamin B12 is not present in the supplied INDB workbook and is therefore left TBD rather than fabricated.,High,,"Section 4/5: ingredients compiled from standard/typical recipes (not from INDB); allergens derived programmatically from that ingredient list using the spec vocabulary (dairy/egg/gluten/nuts/groundnut/soy/fish/shellfish); vitamin_b12 is a category-level estimate from standard published B12 values for the dish's primary animal-protein/dairy component (not from INDB, which has no B12 column); price is a rough India-wide market estimate, not measured data.",Anuvaad Indian Nutrient Databank (INDB) 2024.11,Direct INDB equivalent: Mutton korma; INDB 2024.11 values are per 100 g and were converted to the CSV serving weight of 150 g. Range is a transparent prep-variability modeling band of ±10%; this range is not reported by INDB. Vitamin D = D2+D3; Vitamin K = K1+K2. Vitamin B12 is not present in the supplied INDB workbook and is therefore left TBD rather than fabricated.,High,USDA FoodData Central,"Category-level estimate: mutton/lamb is the dish's primary animal-protein component. USDA value for lamb/mutton, cooked, lean (~2.5-2.6 mcg/100g), scaled to a typical meat-content fraction of this serving. Not from INDB.",Medium,PENDING_AUDIT,PENDING_AUDIT,PENDING_AUDIT,Exact,Mutton korma,"prep-variability modeling band (internally generated, not source-reported)",10.0,No variants listed
FD147,Mutton Pepper Fry,Kozhi/Aatu Milagu Varuval (mutton version),Mutton Sukka,Non-Vegetarian Mains,Non-Veg Curry,1,bowl,150,895.911,1095.002,5.44,6.649,1.997,2.44,96.275,117.669,0.233,0.284,0.858,1.049,48.84,59.693,3.133,3.829,95.252,116.419,0.123,0.15,68.895,84.205,10.367,12.671,1.448,1.769,0.093,0.113,45.691,55.845,6.942,8.484,0.056,0.068,0.054,0.066,0.023,0.028,6.439,7.87,1.0,2.0,Non-Vegetarian,,"mutton, black pepper, curry leaves, oil",216,504,Anuvaad Indian Nutrient Databank (INDB) 2024.11,Direct INDB equivalent: Mutton chops; INDB 2024.11 values are per 100 g and were converted to the CSV serving weight of 150 g. Range is a transparent prep-variability modeling band of ±10%; this range is not reported by INDB. Vitamin D = D2+D3; Vitamin K = K1+K2. Vitamin B12 is not present in the supplied INDB workbook and is therefore left TBD rather than fabricated.,High,"Mutton Sukka is a coconut-based dry preparation (common in Mangalorean/Chettinad style cooking), while the base Mutton Pepper Fry uses no coconut — a real difference in fat and flavor profile, not just naming. Consider splitting out.","Section 4/5: ingredients compiled from standard/typical recipes (not from INDB); allergens derived programmatically from that ingredient list using the spec vocabulary (dairy/egg/gluten/nuts/groundnut/soy/fish/shellfish); vitamin_b12 is a category-level estimate from standard published B12 values for the dish's primary animal-protein/dairy component (not from INDB, which has no B12 column); price is a rough India-wide market estimate, not measured data.",Anuvaad Indian Nutrient Databank (INDB) 2024.11,Direct INDB equivalent: Mutton chops; INDB 2024.11 values are per 100 g and were converted to the CSV serving weight of 150 g. Range is a transparent prep-variability modeling band of ±10%; this range is not reported by INDB. Vitamin D = D2+D3; Vitamin K = K1+K2. Vitamin B12 is not present in the supplied INDB workbook and is therefore left TBD rather than fabricated.,High,USDA FoodData Central,"Category-level estimate: mutton/lamb is the dish's primary animal-protein component. USDA value for lamb/mutton, cooked, lean (~2.5-2.6 mcg/100g), scaled to a typical meat-content fraction of this serving. Not from INDB.",Medium,PENDING_AUDIT,PENDING_AUDIT,PENDING_AUDIT,Exact,Mutton chops,"prep-variability modeling band (internally generated, not source-reported)",10.0,"Reviewed — distinct variant, split recommended"
FD148,Fish Curry (Andhra Style),,,Non-Vegetarian Mains,Non-Veg Curry,1,bowl,150,141.688,191.696,11.171,15.114,4.812,6.51,8.532,11.543,2.404,3.253,1.39,1.881,66.378,89.805,30.739,41.588,308.526,417.417,0.672,0.91,235.51,318.631,3.349,4.53,11.284,15.267,4.248,5.748,4.641,6.279,11.164,15.104,0.034,0.047,0.051,0.069,0.194,0.262,20.309,27.476,1.0,2.5,Non-Vegetarian,Fish,"fish, tamarind, chilli, spices",168,392,Anuvaad Indian Nutrient Databank (INDB) 2024.11,"Section 3 (duplicate-profile fix): Andhra Fish Curry modeled on INDB Fish curry (tamarind/tomato-based, no coconut). Components: Fish curry (Machli curry) (100%); INDB 2024.11 values are per 100 g and were converted to the CSV serving weight of 150 g. Range is a transparent prep-variability modeling band of ±15%; this range is not reported by INDB. Vitamin D = D2+D3; Vitamin K = K1+K2. Vitamin B12 is not present in the supplied INDB workbook and is therefore left TBD rather than fabricated.",Medium,,"Section 3: differentiated from a previously identical duplicate-profile group per audit Section C. | Section 4/5: ingredients compiled from standard/typical recipes (not from INDB); allergens derived programmatically from that ingredient list using the spec vocabulary (dairy/egg/gluten/nuts/groundnut/soy/fish/shellfish); vitamin_b12 is a category-level estimate from standard published B12 values for the dish's primary animal-protein/dairy component (not from INDB, which has no B12 column); price is a rough India-wide market estimate, not measured data.",Anuvaad Indian Nutrient Databank (INDB) 2024.11,"Section 3 (duplicate-profile fix): Andhra Fish Curry modeled on INDB Fish curry (tamarind/tomato-based, no coconut). Components: Fish curry (Machli curry) (100%); INDB 2024.11 values are per 100 g and were converted to the CSV serving weight of 150 g. Range is a transparent prep-variability modeling band of ±15%; this range is not reported by INDB. Vitamin D = D2+D3; Vitamin K = K1+K2. Vitamin B12 is not present in the supplied INDB workbook and is therefore left TBD rather than fabricated.",Medium,USDA FoodData Central,"Category-level estimate: fish is the dish's primary animal-protein component. USDA values for common Indian curry fish species (rohu, pomfret, kingfish, mackerel) range ~2-5 mcg/100g; a generic mid-range figure was used, scaled to a typical fish-content fraction of this serving. Not from INDB.",Medium,PENDING_AUDIT,PENDING_AUDIT,PENDING_AUDIT,Close recipe,Fish curry (Machli curry) (100%),"prep-variability modeling band (internally generated, not source-reported)",15.0,No variants listed
FD149,Kerala Fish Curry,"Meen Curry, Meen Vevichathu",,Non-Vegetarian Mains,Non-Veg Curry,1,bowl,150,109.912,148.704,11.041,14.938,3.482,4.711,5.651,7.645,1.932,2.614,1.166,1.578,27.976,37.849,29.917,40.476,242.74,328.412,0.487,0.659,94.26,127.528,7.679,10.39,4.195,5.676,1.48,2.002,1.37,1.853,11.159,15.098,0.051,0.069,0.062,0.084,0.103,0.14,14.884,20.137,1.0,2.5,Non-Vegetarian,"Dairy, Fish","fish, coconut milk, kokum/tamarind, curry leaves",168,392,Anuvaad Indian Nutrient Databank (INDB) 2024.11,"Section 3 (duplicate-profile fix): Kerala Fish Curry modeled directly on INDB Fish in coconut milk (matches the dish exactly), now distinct from the tamarind-based Andhra version. Components: Fish in coconut milk (Nariyal ke doodh ke saath machli) (100%); INDB 2024.11 values are per 100 g and were converted to the CSV serving weight of 150 g. Range is a transparent prep-variability modeling band of ±15%; this range is not reported by INDB. Vitamin D = D2+D3; Vitamin K = K1+K2. Vitamin B12 is not present in the supplied INDB workbook and is therefore left TBD rather than fabricated.",Medium,,"Section 3: differentiated from a previously identical duplicate-profile group per audit Section C. | Section 4/5: ingredients compiled from standard/typical recipes (not from INDB); allergens derived programmatically from that ingredient list using the spec vocabulary (dairy/egg/gluten/nuts/groundnut/soy/fish/shellfish); vitamin_b12 is a category-level estimate from standard published B12 values for the dish's primary animal-protein/dairy component (not from INDB, which has no B12 column); price is a rough India-wide market estimate, not measured data.",Anuvaad Indian Nutrient Databank (INDB) 2024.11,"Section 3 (duplicate-profile fix): Kerala Fish Curry modeled directly on INDB Fish in coconut milk (matches the dish exactly), now distinct from the tamarind-based Andhra version. Components: Fish in coconut milk (Nariyal ke doodh ke saath machli) (100%); INDB 2024.11 values are per 100 g and were converted to the CSV serving weight of 150 g. Range is a transparent prep-variability modeling band of ±15%; this range is not reported by INDB. Vitamin D = D2+D3; Vitamin K = K1+K2. Vitamin B12 is not present in the supplied INDB workbook and is therefore left TBD rather than fabricated.",Medium,USDA FoodData Central,"Category-level estimate: fish is the dish's primary animal-protein component. USDA values for common Indian curry fish species (rohu, pomfret, kingfish, mackerel) range ~2-5 mcg/100g; a generic mid-range figure was used, scaled to a typical fish-content fraction of this serving. Not from INDB.",Medium,PENDING_AUDIT,PENDING_AUDIT,PENDING_AUDIT,Close recipe,Fish in coconut milk (Nariyal ke doodh ke saath machli) (100%),"prep-variability modeling band (internally generated, not source-reported)",15.0,No variants listed
FD150,Fish Fry,Meen Varuval,Amritsari Fish Fry (besan-battered),Non-Vegetarian Mains,Non-Veg Curry,1,bowl,150,760.995,930.105,7.928,9.69,5.76,7.04,78.548,96.003,0.441,0.539,0.423,0.517,12.896,15.762,15.998,19.554,127.479,155.807,0.302,0.37,184.098,225.009,11.598,14.176,0.619,0.757,0.593,0.724,38.157,46.637,5.638,6.891,0.03,0.037,0.022,0.027,0.072,0.089,5.89,7.199,1.0,2.5,Non-Vegetarian,Fish,"fish, turmeric, chilli powder, oil",168,392,Anuvaad Indian Nutrient Databank (INDB) 2024.11,Direct INDB equivalent: Fish orly; INDB 2024.11 values are per 100 g and were converted to the CSV serving weight of 150 g. Range is a transparent prep-variability modeling band of ±10%; this range is not reported by INDB. Vitamin D = D2+D3; Vitamin K = K1+K2. Vitamin B12 is not present in the supplied INDB workbook and is therefore left TBD rather than fabricated.,High,Amritsari fish fry uses a thick gram-flour (besan) batter and different spicing than a simple turmeric-chilli shallow fry — a real composition (added carbs/fat from batter) difference. Consider splitting out.,"Section 4/5: ingredients compiled from standard/typical recipes (not from INDB); allergens derived programmatically from that ingredient list using the spec vocabulary (dairy/egg/gluten/nuts/groundnut/soy/fish/shellfish); vitamin_b12 is a category-level estimate from standard published B12 values for the dish's primary animal-protein/dairy component (not from INDB, which has no B12 column); price is a rough India-wide market estimate, not measured data.",Anuvaad Indian Nutrient Databank (INDB) 2024.11,Direct INDB equivalent: Fish orly; INDB 2024.11 values are per 100 g and were converted to the CSV serving weight of 150 g. Range is a transparent prep-variability modeling band of ±10%; this range is not reported by INDB. Vitamin D = D2+D3; Vitamin K = K1+K2. Vitamin B12 is not present in the supplied INDB workbook and is therefore left TBD rather than fabricated.,High,USDA FoodData Central,"Category-level estimate: fish is the dish's primary animal-protein component. USDA values for common Indian curry fish species (rohu, pomfret, kingfish, mackerel) range ~2-5 mcg/100g; a generic mid-range figure was used, scaled to a typical fish-content fraction of this serving. Not from INDB.",Medium,PENDING_AUDIT,PENDING_AUDIT,PENDING_AUDIT,Exact,Fish orly,"prep-variability modeling band (internally generated, not source-reported)",10.0,"Reviewed — distinct variant, split recommended"
FD151,Fish Tikka,,,Non-Vegetarian Mains,Non-Veg Curry,1,bowl,150,158.396,193.595,21.596,26.395,5.275,6.447,5.601,6.846,1.59,1.943,1.903,2.326,43.18,52.775,47.924,58.574,400.175,489.103,0.844,1.032,679.64,830.671,15.535,18.987,3.429,4.191,0.811,0.992,2.582,3.155,8.694,10.626,0.093,0.114,0.122,0.149,0.183,0.224,17.584,21.491,1.0,2.5,Non-Vegetarian,"Dairy, Fish","fish, curd marinade, tandoori masala",168,392,Anuvaad Indian Nutrient Databank (INDB) 2024.11,Direct INDB equivalent: Fish tikka; INDB 2024.11 values are per 100 g and were converted to the CSV serving weight of 150 g. Range is a transparent prep-variability modeling band of ±10%; this range is not reported by INDB. Vitamin D = D2+D3; Vitamin K = K1+K2. Vitamin B12 is not present in the supplied INDB workbook and is therefore left TBD rather than fabricated.,High,,"Section 4/5: ingredients compiled from standard/typical recipes (not from INDB); allergens derived programmatically from that ingredient list using the spec vocabulary (dairy/egg/gluten/nuts/groundnut/soy/fish/shellfish); vitamin_b12 is a category-level estimate from standard published B12 values for the dish's primary animal-protein/dairy component (not from INDB, which has no B12 column); price is a rough India-wide market estimate, not measured data.",Anuvaad Indian Nutrient Databank (INDB) 2024.11,Direct INDB equivalent: Fish tikka; INDB 2024.11 values are per 100 g and were converted to the CSV serving weight of 150 g. Range is a transparent prep-variability modeling band of ±10%; this range is not reported by INDB. Vitamin D = D2+D3; Vitamin K = K1+K2. Vitamin B12 is not present in the supplied INDB workbook and is therefore left TBD rather than fabricated.,High,USDA FoodData Central,"Category-level estimate: fish is the dish's primary animal-protein component. USDA values for common Indian curry fish species (rohu, pomfret, kingfish, mackerel) range ~2-5 mcg/100g; a generic mid-range figure was used, scaled to a typical fish-content fraction of this serving. Not from INDB.",Medium,PENDING_AUDIT,PENDING_AUDIT,PENDING_AUDIT,Exact,Fish tikka,"prep-variability modeling band (internally generated, not source-reported)",10.0,No variants listed
FD152,Prawn Masala,Eral Masala,Prawn Curry (Kerala Style),Non-Vegetarian Mains,Non-Veg Curry,1,bowl,150,158.8,238.2,17.96,26.94,3.144,4.716,8.616,12.924,0.72,1.08,0.54,0.81,57.2,85.8,34.08,51.12,278.48,417.72,1.232,1.848,203.92,305.88,15.92,23.88,6.64,9.96,0.072,0.108,1.572,2.358,0.512,0.768,0.04,0.059,0.038,0.056,0.108,0.162,9.36,14.04,0.5,1.0,Non-Vegetarian,Shellfish,"prawn, onion, tomato, spices",216,504,"Composite (FatSecret + published recipe nutrition analyses), cross-checked against IFCT/USDA ingredient-level values","Section 1 fix (Masala keyword-bug correction): re-derived from a real prawn curry, built from cooked prawn + tomato-onion masala + oil at ~60%/33%/7% of serving weight; cross-checked against FatSecret ""Prawn Curry"" generic entry (101 kcal/100g), converted to the CSV serving weight of 150 g. Range reflects a transparent prep-variability band (not a single lab figure). Vitamin D = D2+D3; Vitamin K = K1+K2. Replaces the prior value, which had been matched to a spice-blend (garam/chat masala) INDB entry instead of the actual dish.",Medium,"Kerala-style prawn curry is typically coconut-milk based, likely higher fat than a tomato-onion prawn masala. Consider splitting out.","Section 1: re-derived from correct dish-level analogue (was matched to spice-blend entry, producing implausible iron) | Section 6: boilerplate variant_review_notes replaced with dish-specific note | Section 4/5: ingredients compiled from standard/typical recipes (not from INDB); allergens derived programmatically from that ingredient list using the spec vocabulary (dairy/egg/gluten/nuts/groundnut/soy/fish/shellfish); vitamin_b12 is a category-level estimate from standard published B12 values for the dish's primary animal-protein/dairy component (not from INDB, which has no B12 column); price is a rough India-wide market estimate, not measured data.","Composite (FatSecret + published recipe nutrition analyses), cross-checked against IFCT/USDA ingredient-level values","Section 1 fix (Masala keyword-bug correction): re-derived from a real prawn curry, built from cooked prawn + tomato-onion masala + oil at ~60%/33%/7% of serving weight; cross-checked against FatSecret ""Prawn Curry"" generic entry (101 kcal/100g), converted to the CSV serving weight of 150 g. Range reflects a transparent prep-variability band (not a single lab figure). Vitamin D = D2+D3; Vitamin K = K1+K2. Replaces the prior value, which had been matched to a spice-blend (garam/chat masala) INDB entry instead of the actual dish.",Medium,USDA FoodData Central,"Category-level estimate: prawn/shrimp is the dish's primary animal-protein component. USDA value for shrimp, cooked (~1.1-1.5 mcg/100g), scaled to a typical prawn-content fraction of this serving. Not from INDB.",Medium,PENDING_AUDIT,PENDING_AUDIT,PENDING_AUDIT,Ingredient composition,"Composite (FatSecret + published recipe nutrition analyses), cross-checked again",not specified,,"Reviewed — distinct variant, split recommended"
FD153,Egg Curry,"Muttai Kulambu, Anda Curry",,Non-Vegetarian Mains,Non-Veg Curry,1,bowl,150,846.998,1035.22,1.792,2.19,5.752,7.031,90.777,110.949,0.86,1.052,0.523,0.64,38.325,46.841,10.865,13.28,140.45,171.661,0.272,0.332,129.455,158.223,0.765,0.935,6.481,7.922,1.266,1.548,44.301,54.146,9.986,12.206,0.027,0.033,0.021,0.026,0.045,0.055,12.357,15.103,0.6,1.0,Non-Vegetarian,Egg,"boiled egg, onion, tomato, spices",138,322,Anuvaad Indian Nutrient Databank (INDB) 2024.11,Direct INDB equivalent: Vegetarian egg kofta curry; INDB 2024.11 values are per 100 g and were converted to the CSV serving weight of 150 g. Range is a transparent prep-variability modeling band of ±10%; this range is not reported by INDB. Vitamin D = D2+D3; Vitamin K = K1+K2. Vitamin B12 is not present in the supplied INDB workbook and is therefore left TBD rather than fabricated.,High,,"Section 4/5: ingredients compiled from standard/typical recipes (not from INDB); allergens derived programmatically from that ingredient list using the spec vocabulary (dairy/egg/gluten/nuts/groundnut/soy/fish/shellfish); vitamin_b12 is a category-level estimate from standard published B12 values for the dish's primary animal-protein/dairy component (not from INDB, which has no B12 column); price is a rough India-wide market estimate, not measured data.",Anuvaad Indian Nutrient Databank (INDB) 2024.11,Direct INDB equivalent: Vegetarian egg kofta curry; INDB 2024.11 values are per 100 g and were converted to the CSV serving weight of 150 g. Range is a transparent prep-variability modeling band of ±10%; this range is not reported by INDB. Vitamin D = D2+D3; Vitamin K = K1+K2. Vitamin B12 is not present in the supplied INDB workbook and is therefore left TBD rather than fabricated.,High,USDA FoodData Central,"Category-level estimate: egg is the dish's primary animal-protein component. USDA value for egg, whole, cooked (~0.5-0.6 mcg per 50g large egg, ~1.1 mcg/100g), scaled to a typical egg-content fraction of this serving. Not from INDB (INDB has no B12 column).",Medium,PENDING_AUDIT,PENDING_AUDIT,PENDING_AUDIT,Exact,Vegetarian egg kofta curry,"prep-variability modeling band (internally generated, not source-reported)",10.0,No variants listed
FD154,Egg Masala Fry,,,Non-Vegetarian Mains,Non-Veg Curry,1,bowl,150,149.839,202.723,6.864,9.286,5.143,6.958,11.232,15.196,2.668,3.61,1.938,2.621,53.032,71.75,27.694,37.468,253.129,342.468,0.805,1.089,181.205,245.159,83.278,112.671,16.005,21.654,5.91,7.996,4.109,5.559,24.859,33.632,0.065,0.088,0.106,0.144,0.157,0.212,37.623,50.901,0.35,0.6,Non-Vegetarian,Egg,"egg, onion, tomato, spices",138,322,Anuvaad Indian Nutrient Databank (INDB) 2024.11,"Section 2 fix: Egg curry (Anda curry) (100%); INDB 2024.11 values are per 100 g (commodity components use standard published composition) and were converted to the CSV serving weight of 150 g. Range is a transparent prep-variability modeling band of ±15%; this range is not reported by INDB. Vitamin D = D2+D3; Vitamin K = K1+K2. Vitamin B12 is not present in the supplied INDB workbook and is therefore left TBD rather than fabricated. Egg Masala Fry modeled on INDB Egg curry (correct food group), replacing the prior masala dosa mismatch.",Medium,,"Section 2: re-derived from correct dish-level analogue (was: wrong-category/keyword-bug match per audit report). | Section 4/5: ingredients compiled from standard/typical recipes (not from INDB); allergens derived programmatically from that ingredient list using the spec vocabulary (dairy/egg/gluten/nuts/groundnut/soy/fish/shellfish); vitamin_b12 is a category-level estimate from standard published B12 values for the dish's primary animal-protein/dairy component (not from INDB, which has no B12 column); price is a rough India-wide market estimate, not measured data.",Anuvaad Indian Nutrient Databank (INDB) 2024.11,"Section 2 fix: Egg curry (Anda curry) (100%); INDB 2024.11 values are per 100 g (commodity components use standard published composition) and were converted to the CSV serving weight of 150 g. Range is a transparent prep-variability modeling band of ±15%; this range is not reported by INDB. Vitamin D = D2+D3; Vitamin K = K1+K2. Vitamin B12 is not present in the supplied INDB workbook and is therefore left TBD rather than fabricated. Egg Masala Fry modeled on INDB Egg curry (correct food group), replacing the prior masala dosa mismatch.",Medium,USDA FoodData Central,"Category-level estimate: egg is the dish's primary animal-protein component. USDA value for egg, whole, cooked (~0.5-0.6 mcg per 50g large egg, ~1.1 mcg/100g), scaled to a typical egg-content fraction of this serving. Not from INDB (INDB has no B12 column).",Medium,PENDING_AUDIT,PENDING_AUDIT,PENDING_AUDIT,Ingredient composition,Egg curry (Anda curry) (100%),"prep-variability modeling band (internally generated, not source-reported)",15.0,No variants listed
FD155,Squid Fry (Kanava Roast),"Kanava Roast, Calamari Fry",,Non-Vegetarian Mains,Non-Veg Curry,1,bowl,150,790.253,1185.379,5.215,7.822,6.486,9.729,82.656,123.984,0.728,1.092,0.67,1.006,13.337,20.005,12.272,18.408,90.587,135.88,0.245,0.368,188.323,282.485,2.773,4.16,2.453,3.679,0.349,0.523,40.684,61.026,6.823,10.235,0.042,0.063,0.031,0.046,0.049,0.074,11.946,17.92,0.4,0.8,Non-Vegetarian,Shellfish,"squid, turmeric, chilli powder, oil",216,504,Anuvaad Indian Nutrient Databank (INDB) 2024.11,"Section 2 fix: Fried fish (Indian style) (Tali hui machli) (100%); INDB 2024.11 values are per 100 g (commodity components use standard published composition) and were converted to the CSV serving weight of 150 g. Range is a transparent prep-variability modeling band of ±20%; this range is not reported by INDB. Vitamin D = D2+D3; Vitamin K = K1+K2. Vitamin B12 is not present in the supplied INDB workbook and is therefore left TBD rather than fabricated. Squid Fry modeled on INDB fried fish (closest available fried-seafood analogue; no squid entry exists), replacing the prior roast-chicken mismatch.",Low,,"Section 2: re-derived from correct dish-level analogue (was: wrong-category/keyword-bug match per audit report). | Section 4/5: ingredients compiled from standard/typical recipes (not from INDB); allergens derived programmatically from that ingredient list using the spec vocabulary (dairy/egg/gluten/nuts/groundnut/soy/fish/shellfish); vitamin_b12 is a category-level estimate from standard published B12 values for the dish's primary animal-protein/dairy component (not from INDB, which has no B12 column); price is a rough India-wide market estimate, not measured data.",Anuvaad Indian Nutrient Databank (INDB) 2024.11,"Section 2 fix: Fried fish (Indian style) (Tali hui machli) (100%); INDB 2024.11 values are per 100 g (commodity components use standard published composition) and were converted to the CSV serving weight of 150 g. Range is a transparent prep-variability modeling band of ±20%; this range is not reported by INDB. Vitamin D = D2+D3; Vitamin K = K1+K2. Vitamin B12 is not present in the supplied INDB workbook and is therefore left TBD rather than fabricated. Squid Fry modeled on INDB fried fish (closest available fried-seafood analogue; no squid entry exists), replacing the prior roast-chicken mismatch.",Low,USDA FoodData Central,"Category-level estimate: squid is the dish's primary animal-protein component. USDA value for squid/calamari (~1.3 mcg/100g, mixed-species average), scaled to a typical squid-content fraction of this serving. Not from INDB.",Medium,PENDING_AUDIT,PENDING_AUDIT,PENDING_AUDIT,Ingredient composition,Fried fish (Indian style) (Tali hui machli) (100%),"prep-variability modeling band (internally generated, not source-reported)",20.0,No variants listed
FD156,Crab Masala,Nandu Curry,,Non-Vegetarian Mains,Non-Veg Curry,1,bowl,150,131.458,197.188,10.252,15.378,3.724,5.586,8.315,12.473,1.877,2.816,1.151,1.726,44.694,67.041,42.798,64.197,180.779,271.169,0.861,1.292,451.036,676.555,0.78,1.17,1.56,2.34,2.717,4.076,4.252,6.378,195.831,293.747,0.029,0.043,0.034,0.051,0.102,0.153,18.297,27.445,5.0,8.0,Non-Vegetarian,Shellfish,"crab, onion, tomato, coconut, spices",216,504,Anuvaad Indian Nutrient Databank (INDB) 2024.11,"Section 2 fix: Prawn curry (with coconut) (Jhinga curry) (100%); INDB 2024.11 values are per 100 g (commodity components use standard published composition) and were converted to the CSV serving weight of 150 g. Range is a transparent prep-variability modeling band of ±20%; this range is not reported by INDB. Vitamin D = D2+D3; Vitamin K = K1+K2. Vitamin B12 is not present in the supplied INDB workbook and is therefore left TBD rather than fabricated. Crab Masala modeled on INDB prawn curry (closest available crustacean-curry analogue; no crab entry exists), replacing the prior spiced-colocasia mismatch.",Low,,"Section 2: re-derived from correct dish-level analogue (was: wrong-category/keyword-bug match per audit report). | Section 4/5: ingredients compiled from standard/typical recipes (not from INDB); allergens derived programmatically from that ingredient list using the spec vocabulary (dairy/egg/gluten/nuts/groundnut/soy/fish/shellfish); vitamin_b12 is a category-level estimate from standard published B12 values for the dish's primary animal-protein/dairy component (not from INDB, which has no B12 column); price is a rough India-wide market estimate, not measured data. | B12 audit: crab is exceptionally B12-dense (USDA ~8.8-10 mcg/100g cooked, several times higher than other seafood). The prior placeholder (2.0/4.0) understated this. Revised to 5.0/8.0 mcg to better reflect a typical crab-flesh portion in this dish.",Anuvaad Indian Nutrient Databank (INDB) 2024.11,"Section 2 fix: Prawn curry (with coconut) (Jhinga curry) (100%); INDB 2024.11 values are per 100 g (commodity components use standard published composition) and were converted to the CSV serving weight of 150 g. Range is a transparent prep-variability modeling band of ±20%; this range is not reported by INDB. Vitamin D = D2+D3; Vitamin K = K1+K2. Vitamin B12 is not present in the supplied INDB workbook and is therefore left TBD rather than fabricated. Crab Masala modeled on INDB prawn curry (closest available crustacean-curry analogue; no crab entry exists), replacing the prior spiced-colocasia mismatch.",Low,USDA FoodData Central,"Category-level estimate: crab is the dish's primary animal-protein component. USDA value for crab, cooked (~8.8-10 mcg/100g — crab is exceptionally B12-dense among common proteins), scaled to a typical crab-flesh fraction of this serving. Not from INDB.",Medium,PENDING_AUDIT,PENDING_AUDIT,PENDING_AUDIT,Ingredient composition,Prawn curry (with coconut) (Jhinga curry) (100%),"prep-variability modeling band (internally generated, not source-reported)",20.0,No variants listed
FD157,Chicken Sukka,Kori Sukka (Mangalorean style),,Non-Vegetarian Mains,Non-Veg Curry,1,bowl,150,984.698,1203.52,5.005,6.117,1.503,1.837,106.496,130.162,0.287,0.35,0.375,0.458,4.667,5.704,7.07,8.641,84.607,103.408,0.207,0.253,94.178,115.106,1.517,1.854,0.447,0.546,0.514,0.629,51.558,63.015,13.514,16.517,0.027,0.033,0.016,0.019,0.127,0.156,4.173,5.101,0.2,0.4,Non-Vegetarian,,"chicken, coconut, spices",168,392,Anuvaad Indian Nutrient Databank (INDB) 2024.11,Direct INDB equivalent: Chicken kebab; INDB 2024.11 values are per 100 g and were converted to the CSV serving weight of 150 g. Range is a transparent prep-variability modeling band of ±10%; this range is not reported by INDB. Vitamin D = D2+D3; Vitamin K = K1+K2. Vitamin B12 is not present in the supplied INDB workbook and is therefore left TBD rather than fabricated.,High,,"Section 4/5: ingredients compiled from standard/typical recipes (not from INDB); allergens derived programmatically from that ingredient list using the spec vocabulary (dairy/egg/gluten/nuts/groundnut/soy/fish/shellfish); vitamin_b12 is a category-level estimate from standard published B12 values for the dish's primary animal-protein/dairy component (not from INDB, which has no B12 column); price is a rough India-wide market estimate, not measured data.",Anuvaad Indian Nutrient Databank (INDB) 2024.11,Direct INDB equivalent: Chicken kebab; INDB 2024.11 values are per 100 g and were converted to the CSV serving weight of 150 g. Range is a transparent prep-variability modeling band of ±10%; this range is not reported by INDB. Vitamin D = D2+D3; Vitamin K = K1+K2. Vitamin B12 is not present in the supplied INDB workbook and is therefore left TBD rather than fabricated.,High,USDA FoodData Central,"Category-level estimate: chicken is the dish's primary animal-protein component. USDA value for chicken, roasted meat (~0.3 mcg/100g), scaled to a typical chicken-content fraction of this serving. Not from INDB.",Medium,PENDING_AUDIT,PENDING_AUDIT,PENDING_AUDIT,Exact,Chicken kebab,"prep-variability modeling band (internally generated, not source-reported)",10.0,No variants listed
FD158,Samosa,Singhada (Bengali term),,Evening Snacks & Street Food,Street Food & Snacks,1,serving,100,519.647,635.124,1.541,1.883,8.285,10.126,53.272,65.11,1.072,1.311,0.449,0.549,6.864,8.389,10.242,12.518,123.751,151.251,0.2,0.244,69.39,84.81,7.85,9.595,7.196,8.795,1.543,1.886,25.857,31.603,8.188,10.007,0.042,0.051,0.009,0.011,0.04,0.049,8.172,9.988,0.0,0.0,Vegetarian,Gluten,"maida, potato, peas, oil",20,60,Anuvaad Indian Nutrient Databank (INDB) 2024.11,Direct INDB equivalent: Potato samosa (Aloo ka samosa); INDB 2024.11 values are per 100 g and were converted to the CSV serving weight of 100 g. Range is a transparent prep-variability modeling band of ±10%; this range is not reported by INDB. Vitamin D = D2+D3; Vitamin K = K1+K2. Vitamin B12 is not present in the supplied INDB workbook and is therefore left TBD rather than fabricated.,High,,"Section 4/5: ingredients compiled from standard/typical recipes (not from INDB); allergens derived programmatically from that ingredient list using the spec vocabulary (dairy/egg/gluten/nuts/groundnut/soy/fish/shellfish); vitamin_b12 is a category-level estimate from standard published B12 values for the dish's primary animal-protein/dairy component (not from INDB, which has no B12 column); price is a rough India-wide market estimate, not measured data.",Anuvaad Indian Nutrient Databank (INDB) 2024.11,Direct INDB equivalent: Potato samosa (Aloo ka samosa); INDB 2024.11 values are per 100 g and were converted to the CSV serving weight of 100 g. Range is a transparent prep-variability modeling band of ±10%; this range is not reported by INDB. Vitamin D = D2+D3; Vitamin K = K1+K2. Vitamin B12 is not present in the supplied INDB workbook and is therefore left TBD rather than fabricated.,High,N/A — no significant dietary B12 source,"Compiled ingredient list contains no meat, fish, egg, dairy solids, or fortified ingredient — only plant-based ingredients, and/or ghee/butter in amounts too small to contribute measurable B12 (B12 resides in milk solids/whey, not milk fat). Vitamin B12 is not naturally present in plant foods (USDA FoodData Central), so the value is retained at 0.0 rather than estimated.",High,PENDING_AUDIT,PENDING_AUDIT,PENDING_AUDIT,Exact,Potato samosa (Aloo ka samosa),"prep-variability modeling band (internally generated, not source-reported)",10.0,No variants listed
FD159,Kachori,,,Evening Snacks & Street Food,Street Food & Snacks,1,serving,100,641.456,784.002,2.258,2.76,11.53,14.092,65.047,79.501,0.877,1.071,0.53,0.648,7.055,8.623,11.61,14.19,70.319,85.946,0.241,0.295,81.501,99.613,0.0,0.0,0.766,0.937,1.198,1.464,31.961,39.064,4.793,5.858,0.029,0.036,0.013,0.016,0.023,0.028,5.702,6.969,0.0,0.0,Vegetarian,Gluten,"maida, lentil filling, oil",20,60,Anuvaad Indian Nutrient Databank (INDB) 2024.11,Direct INDB equivalent: Khasta kachori; INDB 2024.11 values are per 100 g and were converted to the CSV serving weight of 100 g. Range is a transparent prep-variability modeling band of ±10%; this range is not reported by INDB. Vitamin D = D2+D3; Vitamin K = K1+K2. Vitamin B12 is not present in the supplied INDB workbook and is therefore left TBD rather than fabricated.,High,,"Section 4/5: ingredients compiled from standard/typical recipes (not from INDB); allergens derived programmatically from that ingredient list using the spec vocabulary (dairy/egg/gluten/nuts/groundnut/soy/fish/shellfish); vitamin_b12 is a category-level estimate from standard published B12 values for the dish's primary animal-protein/dairy component (not from INDB, which has no B12 column); price is a rough India-wide market estimate, not measured data.",Anuvaad Indian Nutrient Databank (INDB) 2024.11,Direct INDB equivalent: Khasta kachori; INDB 2024.11 values are per 100 g and were converted to the CSV serving weight of 100 g. Range is a transparent prep-variability modeling band of ±10%; this range is not reported by INDB. Vitamin D = D2+D3; Vitamin K = K1+K2. Vitamin B12 is not present in the supplied INDB workbook and is therefore left TBD rather than fabricated.,High,N/A — no significant dietary B12 source,"Compiled ingredient list contains no meat, fish, egg, dairy solids, or fortified ingredient — only plant-based ingredients, and/or ghee/butter in amounts too small to contribute measurable B12 (B12 resides in milk solids/whey, not milk fat). Vitamin B12 is not naturally present in plant foods (USDA FoodData Central), so the value is retained at 0.0 rather than estimated.",High,PENDING_AUDIT,PENDING_AUDIT,PENDING_AUDIT,Exact,Khasta kachori,"prep-variability modeling band (internally generated, not source-reported)",10.0,No variants listed
FD160,Aloo Tikki,Tikki,,Evening Snacks & Street Food,Street Food & Snacks,1,serving,100,511.747,852.912,0.524,0.873,2.498,4.163,55.505,92.508,0.509,0.849,0.267,0.446,12.371,20.618,6.47,10.783,89.659,149.432,0.093,0.156,137.891,229.818,0.939,1.566,3.287,5.478,0.209,0.349,27.2,45.333,5.1,8.5,0.013,0.021,0.013,0.021,0.023,0.038,3.849,6.415,0.0,0.0,Vegetarian,,"potato, spices, oil",20,60,Anuvaad Indian Nutrient Databank (INDB) 2024.11,Closest INDB analogue: Dum aloo; INDB 2024.11 values are per 100 g and were converted to the CSV serving weight of 100 g. Range is a transparent prep-variability modeling band of ±25%; this range is not reported by INDB. Vitamin D = D2+D3; Vitamin K = K1+K2. Vitamin B12 is not present in the supplied INDB workbook and is therefore left TBD rather than fabricated.,Low,,"Section 4/5: ingredients compiled from standard/typical recipes (not from INDB); allergens derived programmatically from that ingredient list using the spec vocabulary (dairy/egg/gluten/nuts/groundnut/soy/fish/shellfish); vitamin_b12 is a category-level estimate from standard published B12 values for the dish's primary animal-protein/dairy component (not from INDB, which has no B12 column); price is a rough India-wide market estimate, not measured data.",Anuvaad Indian Nutrient Databank (INDB) 2024.11,Closest INDB analogue: Dum aloo; INDB 2024.11 values are per 100 g and were converted to the CSV serving weight of 100 g. Range is a transparent prep-variability modeling band of ±25%; this range is not reported by INDB. Vitamin D = D2+D3; Vitamin K = K1+K2. Vitamin B12 is not present in the supplied INDB workbook and is therefore left TBD rather than fabricated.,Low,N/A — no significant dietary B12 source,"Compiled ingredient list contains no meat, fish, egg, dairy solids, or fortified ingredient — only plant-based ingredients, and/or ghee/butter in amounts too small to contribute measurable B12 (B12 resides in milk solids/whey, not milk fat). Vitamin B12 is not naturally present in plant foods (USDA FoodData Central), so the value is retained at 0.0 rather than estimated.",High,PENDING_AUDIT,PENDING_AUDIT,PENDING_AUDIT,Close recipe,Dum aloo,"prep-variability modeling band (internally generated, not source-reported)",25.0,No variants listed
FD161,Ragda Pattice,,,Evening Snacks & Street Food,Street Food & Snacks,1,serving,100,196.441,327.401,3.005,5.008,15.734,26.223,13.305,22.175,1.969,3.281,0.649,1.082,14.218,23.696,15.468,25.78,135.461,225.769,0.355,0.592,104.638,174.397,110.559,184.265,9.022,15.036,3.546,5.91,1.403,2.339,9.229,15.382,0.071,0.119,0.021,0.035,0.066,0.109,14.808,24.68,0.0,0.0,Vegetarian,,"potato patty, white peas gravy, chutneys",20,60,Anuvaad Indian Nutrient Databank (INDB) 2024.11,Closest INDB analogue: Vegetable patties ; INDB 2024.11 values are per 100 g and were converted to the CSV serving weight of 100 g. Range is a transparent prep-variability modeling band of ±25%; this range is not reported by INDB. Vitamin D = D2+D3; Vitamin K = K1+K2. Vitamin B12 is not present in the supplied INDB workbook and is therefore left TBD rather than fabricated.,Low,,"Section 4/5: ingredients compiled from standard/typical recipes (not from INDB); allergens derived programmatically from that ingredient list using the spec vocabulary (dairy/egg/gluten/nuts/groundnut/soy/fish/shellfish); vitamin_b12 is a category-level estimate from standard published B12 values for the dish's primary animal-protein/dairy component (not from INDB, which has no B12 column); price is a rough India-wide market estimate, not measured data.",Anuvaad Indian Nutrient Databank (INDB) 2024.11,Closest INDB analogue: Vegetable patties ; INDB 2024.11 values are per 100 g and were converted to the CSV serving weight of 100 g. Range is a transparent prep-variability modeling band of ±25%; this range is not reported by INDB. Vitamin D = D2+D3; Vitamin K = K1+K2. Vitamin B12 is not present in the supplied INDB workbook and is therefore left TBD rather than fabricated.,Low,N/A — no significant dietary B12 source,"Compiled ingredient list contains no meat, fish, egg, dairy solids, or fortified ingredient — only plant-based ingredients, and/or ghee/butter in amounts too small to contribute measurable B12 (B12 resides in milk solids/whey, not milk fat). Vitamin B12 is not naturally present in plant foods (USDA FoodData Central), so the value is retained at 0.0 rather than estimated.",High,PENDING_AUDIT,PENDING_AUDIT,PENDING_AUDIT,Close recipe,Vegetable patties,"prep-variability modeling band (internally generated, not source-reported)",25.0,No variants listed
FD162,Vada Pav,,,Evening Snacks & Street Food,Street Food & Snacks,1,serving,100,619.518,1032.531,1.265,2.108,3.047,5.078,66.866,111.443,0.8,1.333,0.389,0.648,5.589,9.316,7.828,13.047,72.891,121.485,0.186,0.31,55.898,93.163,0.0,0.0,0.569,0.949,0.475,0.792,32.863,54.771,6.449,10.748,0.024,0.039,0.008,0.014,0.017,0.029,8.937,14.895,0.0,0.0,Vegetarian,Gluten,"potato vada, bread roll (pav), chutneys",20,60,Anuvaad Indian Nutrient Databank (INDB) 2024.11,Closest INDB analogue: Masala vada; INDB 2024.11 values are per 100 g and were converted to the CSV serving weight of 100 g. Range is a transparent prep-variability modeling band of ±25%; this range is not reported by INDB. Vitamin D = D2+D3; Vitamin K = K1+K2. Vitamin B12 is not present in the supplied INDB workbook and is therefore left TBD rather than fabricated.,Low,,"Section 4/5: ingredients compiled from standard/typical recipes (not from INDB); allergens derived programmatically from that ingredient list using the spec vocabulary (dairy/egg/gluten/nuts/groundnut/soy/fish/shellfish); vitamin_b12 is a category-level estimate from standard published B12 values for the dish's primary animal-protein/dairy component (not from INDB, which has no B12 column); price is a rough India-wide market estimate, not measured data.",Anuvaad Indian Nutrient Databank (INDB) 2024.11,Closest INDB analogue: Masala vada; INDB 2024.11 values are per 100 g and were converted to the CSV serving weight of 100 g. Range is a transparent prep-variability modeling band of ±25%; this range is not reported by INDB. Vitamin D = D2+D3; Vitamin K = K1+K2. Vitamin B12 is not present in the supplied INDB workbook and is therefore left TBD rather than fabricated.,Low,N/A — no significant dietary B12 source,"Compiled ingredient list contains no meat, fish, egg, dairy solids, or fortified ingredient — only plant-based ingredients, and/or ghee/butter in amounts too small to contribute measurable B12 (B12 resides in milk solids/whey, not milk fat). Vitamin B12 is not naturally present in plant foods (USDA FoodData Central), so the value is retained at 0.0 rather than estimated.",High,PENDING_AUDIT,PENDING_AUDIT,PENDING_AUDIT,Close recipe,Masala vada,"prep-variability modeling band (internally generated, not source-reported)",25.0,No variants listed
FD163,Pav Bhaji,,,Evening Snacks & Street Food,Street Food & Snacks,1,serving,100,86.873,106.178,2.394,2.926,10.794,13.192,3.886,4.749,1.782,2.178,0.872,1.065,22.374,27.346,11.423,13.962,125.371,153.231,0.164,0.201,147.504,180.283,36.05,44.062,11.844,14.475,2.262,2.764,0.137,0.167,10.464,12.789,0.191,0.233,0.067,0.081,0.051,0.063,26.402,32.269,0.0,0.0,Vegetarian,"Dairy, Gluten","mixed vegetable mash, butter, bread roll (pav)",20,60,Anuvaad Indian Nutrient Databank (INDB) 2024.11,Direct INDB equivalent: Pav bhaji; INDB 2024.11 values are per 100 g and were converted to the CSV serving weight of 100 g. Range is a transparent prep-variability modeling band of ±10%; this range is not reported by INDB. Vitamin D = D2+D3; Vitamin K = K1+K2. Vitamin B12 is not present in the supplied INDB workbook and is therefore left TBD rather than fabricated.,High,,"Section 4/5: ingredients compiled from standard/typical recipes (not from INDB); allergens derived programmatically from that ingredient list using the spec vocabulary (dairy/egg/gluten/nuts/groundnut/soy/fish/shellfish); vitamin_b12 is a category-level estimate from standard published B12 values for the dish's primary animal-protein/dairy component (not from INDB, which has no B12 column); price is a rough India-wide market estimate, not measured data.",Anuvaad Indian Nutrient Databank (INDB) 2024.11,Direct INDB equivalent: Pav bhaji; INDB 2024.11 values are per 100 g and were converted to the CSV serving weight of 100 g. Range is a transparent prep-variability modeling band of ±10%; this range is not reported by INDB. Vitamin D = D2+D3; Vitamin K = K1+K2. Vitamin B12 is not present in the supplied INDB workbook and is therefore left TBD rather than fabricated.,High,N/A — no significant dietary B12 source,"Compiled ingredient list contains no meat, fish, egg, dairy solids, or fortified ingredient — only plant-based ingredients, and/or ghee/butter in amounts too small to contribute measurable B12 (B12 resides in milk solids/whey, not milk fat). Vitamin B12 is not naturally present in plant foods (USDA FoodData Central), so the value is retained at 0.0 rather than estimated.",High,PENDING_AUDIT,PENDING_AUDIT,PENDING_AUDIT,Exact,Pav bhaji,"prep-variability modeling band (internally generated, not source-reported)",10.0,No variants listed
FD164,Pani Puri,"Gol Gappa, Puchka, Golgappa",,Evening Snacks & Street Food,Street Food & Snacks,1,serving,100,451.822,677.733,0.912,1.367,7.945,11.917,46.215,69.322,0.97,1.455,0.615,0.922,10.006,15.009,13.013,19.52,87.007,130.511,0.189,0.283,68.695,103.042,2.061,3.091,1.929,2.893,1.172,1.758,22.612,33.918,4.448,6.673,0.032,0.048,0.011,0.016,0.043,0.065,5.051,7.576,0.0,0.0,Vegetarian,Gluten,"wheat/semolina puri shells, potato filling, tamarind water, spiced water",20,60,Anuvaad Indian Nutrient Databank (INDB) 2024.11,"Section 2 fix: Poori (35%) + Potato bonda (Aloo bonda) (45%) + Tamarind chutney (Chintapandu pachadi/Puli chutney) (20%); INDB 2024.11 values are per 100 g (commodity components use standard published composition) and were converted to the CSV serving weight of 100 g. Range is a transparent prep-variability modeling band of ±20%; this range is not reported by INDB. Vitamin D = D2+D3; Vitamin K = K1+K2. Vitamin B12 is not present in the supplied INDB workbook and is therefore left TBD rather than fabricated. Pani Puri modeled from its own defining components (puri shell, spiced-potato filling, tamarind water), replacing the prior cumin-water-only mismatch that omitted the shells and filling.",Low,,"Section 2: re-derived from correct dish-level analogue (was: wrong-category/keyword-bug match per audit report). | Section 4/5: ingredients compiled from standard/typical recipes (not from INDB); allergens derived programmatically from that ingredient list using the spec vocabulary (dairy/egg/gluten/nuts/groundnut/soy/fish/shellfish); vitamin_b12 is a category-level estimate from standard published B12 values for the dish's primary animal-protein/dairy component (not from INDB, which has no B12 column); price is a rough India-wide market estimate, not measured data.",Anuvaad Indian Nutrient Databank (INDB) 2024.11,"Section 2 fix: Poori (35%) + Potato bonda (Aloo bonda) (45%) + Tamarind chutney (Chintapandu pachadi/Puli chutney) (20%); INDB 2024.11 values are per 100 g (commodity components use standard published composition) and were converted to the CSV serving weight of 100 g. Range is a transparent prep-variability modeling band of ±20%; this range is not reported by INDB. Vitamin D = D2+D3; Vitamin K = K1+K2. Vitamin B12 is not present in the supplied INDB workbook and is therefore left TBD rather than fabricated. Pani Puri modeled from its own defining components (puri shell, spiced-potato filling, tamarind water), replacing the prior cumin-water-only mismatch that omitted the shells and filling.",Low,N/A — no significant dietary B12 source,"Compiled ingredient list contains no meat, fish, egg, dairy solids, or fortified ingredient — only plant-based ingredients, and/or ghee/butter in amounts too small to contribute measurable B12 (B12 resides in milk solids/whey, not milk fat). Vitamin B12 is not naturally present in plant foods (USDA FoodData Central), so the value is retained at 0.0 rather than estimated.",High,PENDING_AUDIT,PENDING_AUDIT,PENDING_AUDIT,Ingredient composition,Poori (35%) + Potato bonda (Aloo bonda) (45%) + Tamarind chutney (Chintapandu pachadi/Puli chutney) (20%),"prep-variability modeling band (internally generated, not source-reported)",20.0,No variants listed
FD165,Bhel Puri,Bhel,,Evening Snacks & Street Food,Street Food & Snacks,1,serving,100,433.404,586.37,2.99,4.045,13.998,18.938,40.725,55.098,1.904,2.576,1.096,1.483,20.588,27.854,19.054,25.779,127.979,173.148,0.324,0.439,79.881,108.074,0.0,0.0,3.833,5.186,1.018,1.378,19.827,26.825,6.618,8.953,0.064,0.086,0.029,0.039,0.08,0.109,19.044,25.766,0.0,0.0,Vegetarian,,"puffed rice, gram-flour sev, chutneys, onion",20,60,Anuvaad Indian Nutrient Databank (INDB) 2024.11,Section 3 (duplicate-profile fix): Bhel Puri modeled directly on INDB Bhel puri (exact dish match). Components: Bhel puri (100%); INDB 2024.11 values are per 100 g and were converted to the CSV serving weight of 100 g. Range is a transparent prep-variability modeling band of ±15%; this range is not reported by INDB. Vitamin D = D2+D3; Vitamin K = K1+K2. Vitamin B12 is not present in the supplied INDB workbook and is therefore left TBD rather than fabricated.,Medium,,"Section 3: differentiated from a previously identical duplicate-profile group per audit Section C. | Section 4/5: ingredients compiled from standard/typical recipes (not from INDB); allergens derived programmatically from that ingredient list using the spec vocabulary (dairy/egg/gluten/nuts/groundnut/soy/fish/shellfish); vitamin_b12 is a category-level estimate from standard published B12 values for the dish's primary animal-protein/dairy component (not from INDB, which has no B12 column); price is a rough India-wide market estimate, not measured data. | Allergen audit: no wheat ingredient listed -> Gluten removed (verify ingredient list; traditional bhel puri sev/puri may warrant a wheat entry)",Anuvaad Indian Nutrient Databank (INDB) 2024.11,Section 3 (duplicate-profile fix): Bhel Puri modeled directly on INDB Bhel puri (exact dish match). Components: Bhel puri (100%); INDB 2024.11 values are per 100 g and were converted to the CSV serving weight of 100 g. Range is a transparent prep-variability modeling band of ±15%; this range is not reported by INDB. Vitamin D = D2+D3; Vitamin K = K1+K2. Vitamin B12 is not present in the supplied INDB workbook and is therefore left TBD rather than fabricated.,Medium,N/A — no significant dietary B12 source,"Compiled ingredient list contains no meat, fish, egg, dairy solids, or fortified ingredient — only plant-based ingredients, and/or ghee/butter in amounts too small to contribute measurable B12 (B12 resides in milk solids/whey, not milk fat). Vitamin B12 is not naturally present in plant foods (USDA FoodData Central), so the value is retained at 0.0 rather than estimated.",High,PENDING_AUDIT,PENDING_AUDIT,PENDING_AUDIT,Close recipe,Bhel puri (100%),"prep-variability modeling band (internally generated, not source-reported)",15.0,No variants listed
FD166,Sev Puri,,,Evening Snacks & Street Food,Street Food & Snacks,1,serving,100,435.239,652.859,2.554,3.832,12.184,18.277,41.893,62.839,1.698,2.547,0.949,1.424,16.948,25.421,17.172,25.758,107.173,160.759,0.303,0.455,67.713,101.569,0.709,1.063,3.067,4.6,1.021,1.532,20.41,30.615,5.898,8.848,0.057,0.086,0.025,0.038,0.068,0.102,15.684,23.527,0.0,0.0,Vegetarian,Gluten,"puri, potato, gram-flour sev, chutneys",20,60,Anuvaad Indian Nutrient Databank (INDB) 2024.11,"Section 3 (duplicate-profile fix): Sev Puri modeled as the Bhel Puri base plus an extra fried-puri component, giving it slightly more oil than Bhel Puri as expected. Components: Bhel puri (85%) + Poori (15%); INDB 2024.11 values are per 100 g and were converted to the CSV serving weight of 100 g. Range is a transparent prep-variability modeling band of ±20%; this range is not reported by INDB. Vitamin D = D2+D3; Vitamin K = K1+K2. Vitamin B12 is not present in the supplied INDB workbook and is therefore left TBD rather than fabricated.",Low,,"Section 3: differentiated from a previously identical duplicate-profile group per audit Section C. | Section 4/5: ingredients compiled from standard/typical recipes (not from INDB); allergens derived programmatically from that ingredient list using the spec vocabulary (dairy/egg/gluten/nuts/groundnut/soy/fish/shellfish); vitamin_b12 is a category-level estimate from standard published B12 values for the dish's primary animal-protein/dairy component (not from INDB, which has no B12 column); price is a rough India-wide market estimate, not measured data. | Allergen audit: ""puri"" ingredient token added -> Gluten included",Anuvaad Indian Nutrient Databank (INDB) 2024.11,"Section 3 (duplicate-profile fix): Sev Puri modeled as the Bhel Puri base plus an extra fried-puri component, giving it slightly more oil than Bhel Puri as expected. Components: Bhel puri (85%) + Poori (15%); INDB 2024.11 values are per 100 g and were converted to the CSV serving weight of 100 g. Range is a transparent prep-variability modeling band of ±20%; this range is not reported by INDB. Vitamin D = D2+D3; Vitamin K = K1+K2. Vitamin B12 is not present in the supplied INDB workbook and is therefore left TBD rather than fabricated.",Low,N/A — no significant dietary B12 source,"Compiled ingredient list contains no meat, fish, egg, dairy solids, or fortified ingredient — only plant-based ingredients, and/or ghee/butter in amounts too small to contribute measurable B12 (B12 resides in milk solids/whey, not milk fat). Vitamin B12 is not naturally present in plant foods (USDA FoodData Central), so the value is retained at 0.0 rather than estimated.",High,PENDING_AUDIT,PENDING_AUDIT,PENDING_AUDIT,Close recipe,Bhel puri (85%) + Poori (15%),"prep-variability modeling band (internally generated, not source-reported)",20.0,No variants listed
FD167,Dahi Puri,,,Evening Snacks & Street Food,Street Food & Snacks,1,serving,100,407.91,611.864,2.814,4.221,13.174,19.761,38.329,57.494,1.792,2.688,1.032,1.548,19.377,29.065,17.933,26.899,120.451,180.676,0.305,0.458,75.182,112.773,0.0,0.0,3.608,5.412,0.958,1.438,18.661,27.991,6.229,9.343,0.06,0.09,0.027,0.041,0.076,0.113,17.924,26.886,0.05,0.15,Vegetarian,"Dairy, Gluten","puri, potato, curd, chutneys",20,60,Anuvaad Indian Nutrient Databank (INDB) 2024.11,"Section 3 (duplicate-profile fix): Dahi Puri modeled on INDB Bhel puri (puri-and-chutney base; the workbook has no yogurt-topped chaat entry), now distinct from the lentil-dumpling-based Dahi Bhalla. Components: Bhel puri (100%); INDB 2024.11 values are per 100 g and were converted to the CSV serving weight of 100 g. Range is a transparent prep-variability modeling band of ±20%; this range is not reported by INDB. Vitamin D = D2+D3; Vitamin K = K1+K2. Vitamin B12 is not present in the supplied INDB workbook and is therefore left TBD rather than fabricated.",Low,,"Section 3: differentiated from a previously identical duplicate-profile group per audit Section C. | Section 4/5: ingredients compiled from standard/typical recipes (not from INDB); allergens derived programmatically from that ingredient list using the spec vocabulary (dairy/egg/gluten/nuts/groundnut/soy/fish/shellfish); vitamin_b12 is a category-level estimate from standard published B12 values for the dish's primary animal-protein/dairy component (not from INDB, which has no B12 column); price is a rough India-wide market estimate, not measured data. | Allergen audit: ""puri"" ingredient token added -> Gluten included; curd already gave Dairy",Anuvaad Indian Nutrient Databank (INDB) 2024.11,"Section 3 (duplicate-profile fix): Dahi Puri modeled on INDB Bhel puri (puri-and-chutney base; the workbook has no yogurt-topped chaat entry), now distinct from the lentil-dumpling-based Dahi Bhalla. Components: Bhel puri (100%); INDB 2024.11 values are per 100 g and were converted to the CSV serving weight of 100 g. Range is a transparent prep-variability modeling band of ±20%; this range is not reported by INDB. Vitamin D = D2+D3; Vitamin K = K1+K2. Vitamin B12 is not present in the supplied INDB workbook and is therefore left TBD rather than fabricated.",Low,USDA FoodData Central,"Category-level estimate: curd/yogurt or milk is the dish's primary (or only) dairy component. USDA values for plain curd/yogurt and whole milk (~0.4-0.6 mcg/100g), scaled to a typical dairy-content fraction of this serving. Not from INDB.",Medium,PENDING_AUDIT,PENDING_AUDIT,PENDING_AUDIT,Close recipe,Bhel puri (100%),"prep-variability modeling band (internally generated, not source-reported)",20.0,No variants listed
FD168,Papdi Chaat,Papri Chaat,,Evening Snacks & Street Food,Street Food & Snacks,1,serving,100,638.065,779.857,1.647,2.012,11.604,14.183,64.9,79.323,0.508,0.62,0.393,0.481,5.452,6.664,5.965,7.291,27.951,34.162,0.148,0.181,26.018,31.8,0.0,0.0,0.021,0.025,1.078,1.317,31.908,38.999,4.616,5.642,0.025,0.03,0.01,0.012,0.013,0.016,2.598,3.175,0.05,0.15,Vegetarian,"Dairy, Gluten","papdi (fried wheat wafers), potato, curd, chutneys",20,60,Anuvaad Indian Nutrient Databank (INDB) 2024.11,Direct INDB equivalent: Papdi; INDB 2024.11 values are per 100 g and were converted to the CSV serving weight of 100 g. Range is a transparent prep-variability modeling band of ±10%; this range is not reported by INDB. Vitamin D = D2+D3; Vitamin K = K1+K2. Vitamin B12 is not present in the supplied INDB workbook and is therefore left TBD rather than fabricated.,High,,"Section 4/5: ingredients compiled from standard/typical recipes (not from INDB); allergens derived programmatically from that ingredient list using the spec vocabulary (dairy/egg/gluten/nuts/groundnut/soy/fish/shellfish); vitamin_b12 is a category-level estimate from standard published B12 values for the dish's primary animal-protein/dairy component (not from INDB, which has no B12 column); price is a rough India-wide market estimate, not measured data.",Anuvaad Indian Nutrient Databank (INDB) 2024.11,Direct INDB equivalent: Papdi; INDB 2024.11 values are per 100 g and were converted to the CSV serving weight of 100 g. Range is a transparent prep-variability modeling band of ±10%; this range is not reported by INDB. Vitamin D = D2+D3; Vitamin K = K1+K2. Vitamin B12 is not present in the supplied INDB workbook and is therefore left TBD rather than fabricated.,High,USDA FoodData Central,"Category-level estimate: curd/yogurt or milk is the dish's primary (or only) dairy component. USDA values for plain curd/yogurt and whole milk (~0.4-0.6 mcg/100g), scaled to a typical dairy-content fraction of this serving. Not from INDB.",Medium,PENDING_AUDIT,PENDING_AUDIT,PENDING_AUDIT,Exact,Papdi,"prep-variability modeling band (internally generated, not source-reported)",10.0,No variants listed
FD169,Dahi Bhalla,Dahi Vada (North Indian name for the same dish),,Evening Snacks & Street Food,Street Food & Snacks,1,serving,100,567.567,767.885,2.516,3.405,4.663,6.309,59.842,80.963,0.821,1.11,0.414,0.561,41.678,56.388,15.162,20.513,129.516,175.227,0.324,0.438,67.15,90.849,5.181,7.01,0.283,0.383,0.561,0.759,29.17,39.465,5.232,7.078,0.025,0.034,0.057,0.077,0.035,0.048,9.032,12.22,0.05,0.15,Vegetarian,Dairy,"urad dal dumplings (vada), curd, chutneys",20,60,Anuvaad Indian Nutrient Databank (INDB) 2024.11,"Section 3 (duplicate-profile fix): Dahi Bhalla modeled directly on INDB Dahi vadas/Dahi bhalla (exact dish match), giving it more protein than the puri-based Dahi Puri as expected. Components: Dahi vadas/Dahi bhalla (100%); INDB 2024.11 values are per 100 g and were converted to the CSV serving weight of 100 g. Range is a transparent prep-variability modeling band of ±15%; this range is not reported by INDB. Vitamin D = D2+D3; Vitamin K = K1+K2. Vitamin B12 is not present in the supplied INDB workbook and is therefore left TBD rather than fabricated.",Medium,,"Section 3: differentiated from a previously identical duplicate-profile group per audit Section C. | Section 4/5: ingredients compiled from standard/typical recipes (not from INDB); allergens derived programmatically from that ingredient list using the spec vocabulary (dairy/egg/gluten/nuts/groundnut/soy/fish/shellfish); vitamin_b12 is a category-level estimate from standard published B12 values for the dish's primary animal-protein/dairy component (not from INDB, which has no B12 column); price is a rough India-wide market estimate, not measured data.",Anuvaad Indian Nutrient Databank (INDB) 2024.11,"Section 3 (duplicate-profile fix): Dahi Bhalla modeled directly on INDB Dahi vadas/Dahi bhalla (exact dish match), giving it more protein than the puri-based Dahi Puri as expected. Components: Dahi vadas/Dahi bhalla (100%); INDB 2024.11 values are per 100 g and were converted to the CSV serving weight of 100 g. Range is a transparent prep-variability modeling band of ±15%; this range is not reported by INDB. Vitamin D = D2+D3; Vitamin K = K1+K2. Vitamin B12 is not present in the supplied INDB workbook and is therefore left TBD rather than fabricated.",Medium,USDA FoodData Central,"Category-level estimate: curd/yogurt or milk is the dish's primary (or only) dairy component. USDA values for plain curd/yogurt and whole milk (~0.4-0.6 mcg/100g), scaled to a typical dairy-content fraction of this serving. Not from INDB.",Medium,PENDING_AUDIT,PENDING_AUDIT,PENDING_AUDIT,Close recipe,Dahi vadas/Dahi bhalla (100%),"prep-variability modeling band (internally generated, not source-reported)",15.0,No variants listed
FD170,Kathi Roll,Kolkata Roll,,Evening Snacks & Street Food,Street Food & Snacks,1,serving,100,257.348,314.536,6.225,7.608,18.093,22.114,17.599,21.51,2.164,2.645,1.275,1.559,91.496,111.828,26.598,32.508,117.45,143.55,0.98,1.198,198.928,243.134,15.017,18.354,11.327,13.844,2.329,2.846,7.328,8.957,5.255,6.423,0.081,0.098,0.065,0.079,0.083,0.102,32.791,40.078,0.15,0.3,Vegetarian,"Dairy, Egg","paratha, filling (paneer/egg/chicken), onion, chutney",28,84,Anuvaad Indian Nutrient Databank (INDB) 2024.11,Direct INDB equivalent: Paneer kaathi roll; INDB 2024.11 values are per 100 g and were converted to the CSV serving weight of 100 g. Range is a transparent prep-variability modeling band of ±10%; this range is not reported by INDB. Vitamin D = D2+D3; Vitamin K = K1+K2. Vitamin B12 is not present in the supplied INDB workbook and is therefore left TBD rather than fabricated.,High,,"Section 4/5: ingredients compiled from standard/typical recipes (not from INDB); allergens derived programmatically from that ingredient list using the spec vocabulary (dairy/egg/gluten/nuts/groundnut/soy/fish/shellfish); vitamin_b12 is a category-level estimate from standard published B12 values for the dish's primary animal-protein/dairy component (not from INDB, which has no B12 column); price is a rough India-wide market estimate, not measured data.",Anuvaad Indian Nutrient Databank (INDB) 2024.11,Direct INDB equivalent: Paneer kaathi roll; INDB 2024.11 values are per 100 g and were converted to the CSV serving weight of 100 g. Range is a transparent prep-variability modeling band of ±10%; this range is not reported by INDB. Vitamin D = D2+D3; Vitamin K = K1+K2. Vitamin B12 is not present in the supplied INDB workbook and is therefore left TBD rather than fabricated.,High,USDA FoodData Central,"Category-level estimate: chicken is the dish's primary animal-protein component. USDA value for chicken, roasted meat (~0.3 mcg/100g), scaled to a typical chicken-content fraction of this serving. Not from INDB.",Medium,PENDING_AUDIT,PENDING_AUDIT,PENDING_AUDIT,Exact,Paneer kaathi roll,"prep-variability modeling band (internally generated, not source-reported)",10.0,No variants listed
FD171,Chicken Frankie,Chicken Roll,,Evening Snacks & Street Food,Street Food & Snacks,1,serving,100,128.786,174.24,13.314,18.012,1.654,2.238,7.709,10.43,0.261,0.354,0.883,1.195,29.866,40.406,24.102,32.609,220.181,297.892,0.667,0.903,73.963,100.068,9.038,12.227,1.585,2.144,0.985,1.332,0.666,0.9,20.945,28.337,0.081,0.11,0.06,0.082,0.316,0.427,9.192,12.437,0.15,0.3,Non-Vegetarian,Egg,"paratha, chicken filling, egg, chutney",28,84,Anuvaad Indian Nutrient Databank (INDB) 2024.11,Closest INDB analogue: Afghani chicken; INDB 2024.11 values are per 100 g and were converted to the CSV serving weight of 100 g. Range is a transparent prep-variability modeling band of ±15%; this range is not reported by INDB. Vitamin D = D2+D3; Vitamin K = K1+K2. Vitamin B12 is not present in the supplied INDB workbook and is therefore left TBD rather than fabricated.,Medium,,"Section 4/5: ingredients compiled from standard/typical recipes (not from INDB); allergens derived programmatically from that ingredient list using the spec vocabulary (dairy/egg/gluten/nuts/groundnut/soy/fish/shellfish); vitamin_b12 is a category-level estimate from standard published B12 values for the dish's primary animal-protein/dairy component (not from INDB, which has no B12 column); price is a rough India-wide market estimate, not measured data.",Anuvaad Indian Nutrient Databank (INDB) 2024.11,Closest INDB analogue: Afghani chicken; INDB 2024.11 values are per 100 g and were converted to the CSV serving weight of 100 g. Range is a transparent prep-variability modeling band of ±15%; this range is not reported by INDB. Vitamin D = D2+D3; Vitamin K = K1+K2. Vitamin B12 is not present in the supplied INDB workbook and is therefore left TBD rather than fabricated.,Medium,USDA FoodData Central,"Category-level estimate: chicken is the dish's primary animal-protein component. USDA value for chicken, roasted meat (~0.3 mcg/100g), scaled to a typical chicken-content fraction of this serving. Not from INDB.",Medium,PENDING_AUDIT,PENDING_AUDIT,PENDING_AUDIT,Close recipe,Afghani chicken,"prep-variability modeling band (internally generated, not source-reported)",15.0,No variants listed
FD172,Paneer Frankie,Paneer Roll,,Evening Snacks & Street Food,Street Food & Snacks,1,serving,100,253.936,423.227,5.698,9.497,17.096,28.494,17.967,29.945,0.882,1.47,0.591,0.985,97.428,162.38,13.715,22.859,69.759,116.265,0.717,1.194,118.834,198.056,127.026,211.709,2.459,4.098,2.06,3.433,1.565,2.608,2.493,4.155,0.038,0.063,0.036,0.059,0.039,0.065,23.283,38.805,0.15,0.35,Vegetarian (dairy/paneer-rich),Dairy,"paratha, paneer filling, chutney",28,84,Anuvaad Indian Nutrient Databank (INDB) 2024.11,Closest INDB analogue: Paneer patties; INDB 2024.11 values are per 100 g and were converted to the CSV serving weight of 100 g. Range is a transparent prep-variability modeling band of ±25%; this range is not reported by INDB. Vitamin D = D2+D3; Vitamin K = K1+K2. Vitamin B12 is not present in the supplied INDB workbook and is therefore left TBD rather than fabricated.,Low,,"Section 4/5: ingredients compiled from standard/typical recipes (not from INDB); allergens derived programmatically from that ingredient list using the spec vocabulary (dairy/egg/gluten/nuts/groundnut/soy/fish/shellfish); vitamin_b12 is a category-level estimate from standard published B12 values for the dish's primary animal-protein/dairy component (not from INDB, which has no B12 column); price is a rough India-wide market estimate, not measured data.",Anuvaad Indian Nutrient Databank (INDB) 2024.11,Closest INDB analogue: Paneer patties; INDB 2024.11 values are per 100 g and were converted to the CSV serving weight of 100 g. Range is a transparent prep-variability modeling band of ±25%; this range is not reported by INDB. Vitamin D = D2+D3; Vitamin K = K1+K2. Vitamin B12 is not present in the supplied INDB workbook and is therefore left TBD rather than fabricated.,Low,USDA FoodData Central,"Category-level estimate: paneer is the dish's primary dairy component. Published Indian food-composition data for paneer/cottage cheese (~0.8 mcg/100g), scaled to a typical paneer-content fraction of this serving. Not from INDB.",Medium,PENDING_AUDIT,PENDING_AUDIT,PENDING_AUDIT,Close recipe,Paneer patties,"prep-variability modeling band (internally generated, not source-reported)",25.0,No variants listed
FD173,Onion Pakora,"Onion Bhaji, Kanda Bhaji",,Evening Snacks & Street Food,Street Food & Snacks,1,serving,100,607.15,742.072,1.709,2.089,4.87,5.952,64.655,79.023,1.002,1.225,0.325,0.397,7.157,8.747,6.414,7.84,41.511,50.736,0.143,0.175,57.195,69.905,0.0,0.0,0.715,0.874,0.078,0.095,31.83,38.904,5.233,6.396,0.035,0.042,0.013,0.016,0.043,0.052,15.987,19.54,0.0,0.0,Vegetarian,,"onion, gram flour, oil",20,60,Anuvaad Indian Nutrient Databank (INDB) 2024.11,Direct INDB equivalent: Onion pakora/pakoda (Pyaaz ke pakode); INDB 2024.11 values are per 100 g and were converted to the CSV serving weight of 100 g. Range is a transparent prep-variability modeling band of ±10%; this range is not reported by INDB. Vitamin D = D2+D3; Vitamin K = K1+K2. Vitamin B12 is not present in the supplied INDB workbook and is therefore left TBD rather than fabricated.,High,,"Section 4/5: ingredients compiled from standard/typical recipes (not from INDB); allergens derived programmatically from that ingredient list using the spec vocabulary (dairy/egg/gluten/nuts/groundnut/soy/fish/shellfish); vitamin_b12 is a category-level estimate from standard published B12 values for the dish's primary animal-protein/dairy component (not from INDB, which has no B12 column); price is a rough India-wide market estimate, not measured data.",Anuvaad Indian Nutrient Databank (INDB) 2024.11,Direct INDB equivalent: Onion pakora/pakoda (Pyaaz ke pakode); INDB 2024.11 values are per 100 g and were converted to the CSV serving weight of 100 g. Range is a transparent prep-variability modeling band of ±10%; this range is not reported by INDB. Vitamin D = D2+D3; Vitamin K = K1+K2. Vitamin B12 is not present in the supplied INDB workbook and is therefore left TBD rather than fabricated.,High,N/A — no significant dietary B12 source,"Compiled ingredient list contains no meat, fish, egg, dairy solids, or fortified ingredient — only plant-based ingredients, and/or ghee/butter in amounts too small to contribute measurable B12 (B12 resides in milk solids/whey, not milk fat). Vitamin B12 is not naturally present in plant foods (USDA FoodData Central), so the value is retained at 0.0 rather than estimated.",High,PENDING_AUDIT,PENDING_AUDIT,PENDING_AUDIT,Exact,Onion pakora/pakoda (Pyaaz ke pakode),"prep-variability modeling band (internally generated, not source-reported)",10.0,No variants listed
FD174,Mixed Vegetable Pakora,Veg Pakora,,Evening Snacks & Street Food,Street Food & Snacks,1,serving,100,606.429,741.191,1.745,2.132,4.611,5.636,64.671,79.042,1.014,1.239,0.41,0.501,8.594,10.504,8.555,10.457,67.717,82.766,0.143,0.175,58.819,71.89,0.0,0.0,2.863,3.5,0.067,0.082,31.863,38.943,13.985,17.093,0.038,0.047,0.017,0.021,0.045,0.055,19.105,23.35,0.0,0.0,Vegetarian,,"mixed vegetables, gram flour, oil",20,60,Anuvaad Indian Nutrient Databank (INDB) 2024.11,Direct INDB equivalent: Mixed vegetable pakora/pakoda; INDB 2024.11 values are per 100 g and were converted to the CSV serving weight of 100 g. Range is a transparent prep-variability modeling band of ±10%; this range is not reported by INDB. Vitamin D = D2+D3; Vitamin K = K1+K2. Vitamin B12 is not present in the supplied INDB workbook and is therefore left TBD rather than fabricated.,High,,"Section 4/5: ingredients compiled from standard/typical recipes (not from INDB); allergens derived programmatically from that ingredient list using the spec vocabulary (dairy/egg/gluten/nuts/groundnut/soy/fish/shellfish); vitamin_b12 is a category-level estimate from standard published B12 values for the dish's primary animal-protein/dairy component (not from INDB, which has no B12 column); price is a rough India-wide market estimate, not measured data.",Anuvaad Indian Nutrient Databank (INDB) 2024.11,Direct INDB equivalent: Mixed vegetable pakora/pakoda; INDB 2024.11 values are per 100 g and were converted to the CSV serving weight of 100 g. Range is a transparent prep-variability modeling band of ±10%; this range is not reported by INDB. Vitamin D = D2+D3; Vitamin K = K1+K2. Vitamin B12 is not present in the supplied INDB workbook and is therefore left TBD rather than fabricated.,High,N/A — no significant dietary B12 source,"Compiled ingredient list contains no meat, fish, egg, dairy solids, or fortified ingredient — only plant-based ingredients, and/or ghee/butter in amounts too small to contribute measurable B12 (B12 resides in milk solids/whey, not milk fat). Vitamin B12 is not naturally present in plant foods (USDA FoodData Central), so the value is retained at 0.0 rather than estimated.",High,PENDING_AUDIT,PENDING_AUDIT,PENDING_AUDIT,Exact,Mixed vegetable pakora/pakoda,"prep-variability modeling band (internally generated, not source-reported)",10.0,No variants listed
FD175,Paneer Pakora,,,Evening Snacks & Street Food,Street Food & Snacks,1,serving,100,646.31,789.934,2.943,3.597,4.972,6.077,68.447,83.657,0.798,0.976,0.383,0.468,39.038,47.714,6.929,8.469,30.487,37.262,0.305,0.373,118.527,144.866,0.0,0.0,0.01,0.012,0.009,0.011,33.192,40.568,4.993,6.103,0.033,0.041,0.02,0.025,0.037,0.045,19.96,24.396,0.15,0.35,Vegetarian (dairy/paneer-rich),Dairy,"paneer, gram flour, oil",28,84,Anuvaad Indian Nutrient Databank (INDB) 2024.11,Direct INDB equivalent: Paneer pakora/pakoda; INDB 2024.11 values are per 100 g and were converted to the CSV serving weight of 100 g. Range is a transparent prep-variability modeling band of ±10%; this range is not reported by INDB. Vitamin D = D2+D3; Vitamin K = K1+K2. Vitamin B12 is not present in the supplied INDB workbook and is therefore left TBD rather than fabricated.,High,,"Section 4/5: ingredients compiled from standard/typical recipes (not from INDB); allergens derived programmatically from that ingredient list using the spec vocabulary (dairy/egg/gluten/nuts/groundnut/soy/fish/shellfish); vitamin_b12 is a category-level estimate from standard published B12 values for the dish's primary animal-protein/dairy component (not from INDB, which has no B12 column); price is a rough India-wide market estimate, not measured data.",Anuvaad Indian Nutrient Databank (INDB) 2024.11,Direct INDB equivalent: Paneer pakora/pakoda; INDB 2024.11 values are per 100 g and were converted to the CSV serving weight of 100 g. Range is a transparent prep-variability modeling band of ±10%; this range is not reported by INDB. Vitamin D = D2+D3; Vitamin K = K1+K2. Vitamin B12 is not present in the supplied INDB workbook and is therefore left TBD rather than fabricated.,High,USDA FoodData Central,"Category-level estimate: paneer is the dish's primary dairy component. Published Indian food-composition data for paneer/cottage cheese (~0.8 mcg/100g), scaled to a typical paneer-content fraction of this serving. Not from INDB.",Medium,PENDING_AUDIT,PENDING_AUDIT,PENDING_AUDIT,Exact,Paneer pakora/pakoda,"prep-variability modeling band (internally generated, not source-reported)",10.0,No variants listed
FD176,Mirchi Bajji,"Mirapakaya Bajji, Milagai Bajji",,Evening Snacks & Street Food,Street Food & Snacks,1,serving,100,68.401,114.002,1.265,2.109,3.558,5.93,5.438,9.063,1.767,2.945,1.774,2.957,98.907,164.844,30.306,50.509,211.949,353.249,0.289,0.481,67.298,112.163,0.0,0.0,30.53,50.884,0.842,1.403,0.06,0.1,72.347,120.579,0.033,0.056,0.058,0.096,0.095,0.159,28.677,47.795,0.0,0.0,Vegetarian,,"green chilli, gram flour batter, oil",20,60,Anuvaad Indian Nutrient Databank (INDB) 2024.11,Closest INDB analogue: Mooli bhujia; INDB 2024.11 values are per 100 g and were converted to the CSV serving weight of 100 g. Range is a transparent prep-variability modeling band of ±25%; this range is not reported by INDB. Vitamin D = D2+D3; Vitamin K = K1+K2. Vitamin B12 is not present in the supplied INDB workbook and is therefore left TBD rather than fabricated.,Low,,"Section 4/5: ingredients compiled from standard/typical recipes (not from INDB); allergens derived programmatically from that ingredient list using the spec vocabulary (dairy/egg/gluten/nuts/groundnut/soy/fish/shellfish); vitamin_b12 is a category-level estimate from standard published B12 values for the dish's primary animal-protein/dairy component (not from INDB, which has no B12 column); price is a rough India-wide market estimate, not measured data.",Anuvaad Indian Nutrient Databank (INDB) 2024.11,Closest INDB analogue: Mooli bhujia; INDB 2024.11 values are per 100 g and were converted to the CSV serving weight of 100 g. Range is a transparent prep-variability modeling band of ±25%; this range is not reported by INDB. Vitamin D = D2+D3; Vitamin K = K1+K2. Vitamin B12 is not present in the supplied INDB workbook and is therefore left TBD rather than fabricated.,Low,N/A — no significant dietary B12 source,"Compiled ingredient list contains no meat, fish, egg, dairy solids, or fortified ingredient — only plant-based ingredients, and/or ghee/butter in amounts too small to contribute measurable B12 (B12 resides in milk solids/whey, not milk fat). Vitamin B12 is not naturally present in plant foods (USDA FoodData Central), so the value is retained at 0.0 rather than estimated.",High,PENDING_AUDIT,PENDING_AUDIT,PENDING_AUDIT,Close recipe,Mooli bhujia,"prep-variability modeling band (internally generated, not source-reported)",25.0,No variants listed
FD177,Corn Chaat,,,Evening Snacks & Street Food,Street Food & Snacks,1,serving,100,431.819,527.779,4.146,5.068,10.302,12.592,41.897,51.207,1.951,2.385,0.756,0.924,15.549,19.004,19.059,23.294,112.32,137.28,0.341,0.417,77.85,95.15,15.751,19.252,2.29,2.799,0.18,0.22,19.822,24.227,4.925,6.019,0.099,0.121,0.04,0.049,0.08,0.098,36.923,45.128,0.0,0.0,Vegetarian,,"sweet corn, onion, tomato, spices",20,60,Anuvaad Indian Nutrient Databank (INDB) 2024.11,Direct INDB equivalent: Spicy corn chaat ; INDB 2024.11 values are per 100 g and were converted to the CSV serving weight of 100 g. Range is a transparent prep-variability modeling band of ±10%; this range is not reported by INDB. Vitamin D = D2+D3; Vitamin K = K1+K2. Vitamin B12 is not present in the supplied INDB workbook and is therefore left TBD rather than fabricated.,High,,"Section 4/5: ingredients compiled from standard/typical recipes (not from INDB); allergens derived programmatically from that ingredient list using the spec vocabulary (dairy/egg/gluten/nuts/groundnut/soy/fish/shellfish); vitamin_b12 is a category-level estimate from standard published B12 values for the dish's primary animal-protein/dairy component (not from INDB, which has no B12 column); price is a rough India-wide market estimate, not measured data.",Anuvaad Indian Nutrient Databank (INDB) 2024.11,Direct INDB equivalent: Spicy corn chaat ; INDB 2024.11 values are per 100 g and were converted to the CSV serving weight of 100 g. Range is a transparent prep-variability modeling band of ±10%; this range is not reported by INDB. Vitamin D = D2+D3; Vitamin K = K1+K2. Vitamin B12 is not present in the supplied INDB workbook and is therefore left TBD rather than fabricated.,High,N/A — no significant dietary B12 source,"Compiled ingredient list contains no meat, fish, egg, dairy solids, or fortified ingredient — only plant-based ingredients, and/or ghee/butter in amounts too small to contribute measurable B12 (B12 resides in milk solids/whey, not milk fat). Vitamin B12 is not naturally present in plant foods (USDA FoodData Central), so the value is retained at 0.0 rather than estimated.",High,PENDING_AUDIT,PENDING_AUDIT,PENDING_AUDIT,Exact,Spicy corn chaat,"prep-variability modeling band (internally generated, not source-reported)",10.0,No variants listed
FD178,Masala Peanuts,,,Evening Snacks & Street Food,Street Food & Snacks,1,serving,100,422.45,571.55,16.974,22.965,33.405,45.195,27.021,36.558,6.375,8.625,1.87,2.53,38.25,51.75,153.0,207.0,438.6,593.4,2.38,3.22,336.6,455.4,0.0,0.0,0.425,0.575,0.0,0.0,6.375,8.625,0.0,0.0,0.425,0.575,0.085,0.115,0.255,0.345,76.5,103.5,0.0,0.0,Vegetarian,Groundnut,"peanuts, gram flour, spices, oil",20,60,"Composite (FatSecret + published recipe nutrition analyses), cross-checked against IFCT/USDA ingredient-level values","Section 1 fix (Masala keyword-bug correction): re-derived from a real FatSecret ""Masala Peanuts"" generic entry (dish-specific match: 497 kcal, 19.97g protein, 31.79g fat, 39.3g carbs per 100g), converted to the CSV serving weight of 100 g. Range reflects a transparent prep-variability band (not a single lab figure). Vitamin D = D2+D3; Vitamin K = K1+K2. Replaces the prior value, which had been matched to a spice-blend (garam/chat masala) INDB entry instead of the actual dish.",High,,"Section 1: re-derived from correct dish-level analogue (was matched to spice-blend entry, producing implausible iron) | Section 4/5: ingredients compiled from standard/typical recipes (not from INDB); allergens derived programmatically from that ingredient list using the spec vocabulary (dairy/egg/gluten/nuts/groundnut/soy/fish/shellfish); vitamin_b12 is a category-level estimate from standard published B12 values for the dish's primary animal-protein/dairy component (not from INDB, which has no B12 column); price is a rough India-wide market estimate, not measured data.","Composite (FatSecret + published recipe nutrition analyses), cross-checked against IFCT/USDA ingredient-level values","Section 1 fix (Masala keyword-bug correction): re-derived from a real FatSecret ""Masala Peanuts"" generic entry (dish-specific match: 497 kcal, 19.97g protein, 31.79g fat, 39.3g carbs per 100g), converted to the CSV serving weight of 100 g. Range reflects a transparent prep-variability band (not a single lab figure). Vitamin D = D2+D3; Vitamin K = K1+K2. Replaces the prior value, which had been matched to a spice-blend (garam/chat masala) INDB entry instead of the actual dish.",High,N/A — no significant dietary B12 source,"Compiled ingredient list contains no meat, fish, egg, dairy solids, or fortified ingredient — only plant-based ingredients, and/or ghee/butter in amounts too small to contribute measurable B12 (B12 resides in milk solids/whey, not milk fat). Vitamin B12 is not naturally present in plant foods (USDA FoodData Central), so the value is retained at 0.0 rather than estimated.",High,PENDING_AUDIT,PENDING_AUDIT,PENDING_AUDIT,Ingredient composition,"Composite (FatSecret + published recipe nutrition analyses), cross-checked again",not specified,,No variants listed
FD179,Roasted Chana,Bhuna Chana,,Evening Snacks & Street Food,Street Food & Snacks,1,serving,100,309.4,418.6,16.405,22.195,51.85,70.15,5.1,6.9,14.79,20.01,3.655,4.945,51.0,69.0,97.75,132.25,637.5,862.5,2.38,3.22,21.25,28.75,1.7,2.3,1.275,1.725,0.0,0.0,0.51,0.69,5.1,6.9,0.255,0.345,0.085,0.115,0.17,0.23,157.25,212.75,0.0,0.0,Vegetarian,,roasted Bengal gram (chana),20,60,USDA (commodity),"USDA-consistent generic dry-roasted chickpea (chana) composition, converted to serving weight. No standalone ""roasted chana"" entry exists in this INDB extract.",Medium,,"Section 2: re-derived from correct dish-level analogue (was: wrong-category/keyword-bug match per audit report). | Section 4/5: ingredients compiled from standard/typical recipes (not from INDB); allergens derived programmatically from that ingredient list using the spec vocabulary (dairy/egg/gluten/nuts/groundnut/soy/fish/shellfish); vitamin_b12 is a category-level estimate from standard published B12 values for the dish's primary animal-protein/dairy component (not from INDB, which has no B12 column); price is a rough India-wide market estimate, not measured data. | Audit-pass-2: re-sourced after INDB citation was found to not exist in the real dataset",USDA (commodity),"USDA-consistent generic dry-roasted chickpea (chana) composition, converted to serving weight. No standalone ""roasted chana"" entry exists in this INDB extract.",Medium,N/A — no significant dietary B12 source,"Compiled ingredient list contains no meat, fish, egg, dairy solids, or fortified ingredient — only plant-based ingredients, and/or ghee/butter in amounts too small to contribute measurable B12 (B12 resides in milk solids/whey, not milk fat). Vitamin B12 is not naturally present in plant foods (USDA FoodData Central), so the value is retained at 0.0 rather than estimated.",High,PENDING_AUDIT,PENDING_AUDIT,PENDING_AUDIT,Ingredient composition,USDA (commodity),not specified,,No variants listed
FD180,Murukku,"Thenkuzhal, Thenkuzhal, Chakli",,Evening Snacks & Street Food,Street Food & Snacks,1,serving,100,534.591,653.389,4.873,5.956,29.964,36.622,43.402,53.047,1.965,2.401,1.526,1.865,22.166,27.092,26.271,32.109,201.832,246.683,0.524,0.641,56.982,69.645,21.555,26.345,0.001,0.001,0.224,0.274,19.783,24.179,2.981,3.644,0.085,0.104,0.038,0.047,0.094,0.115,23.916,29.231,0.0,0.0,Vegetarian,,"rice flour, urad dal flour, oil",20,60,Anuvaad Indian Nutrient Databank (INDB) 2024.11,Direct INDB equivalent: Rice murukku; INDB 2024.11 values are per 100 g and were converted to the CSV serving weight of 100 g. Range is a transparent prep-variability modeling band of ±10%; this range is not reported by INDB. Vitamin D = D2+D3; Vitamin K = K1+K2. Vitamin B12 is not present in the supplied INDB workbook and is therefore left TBD rather than fabricated.,High,,"Section 4/5: ingredients compiled from standard/typical recipes (not from INDB); allergens derived programmatically from that ingredient list using the spec vocabulary (dairy/egg/gluten/nuts/groundnut/soy/fish/shellfish); vitamin_b12 is a category-level estimate from standard published B12 values for the dish's primary animal-protein/dairy component (not from INDB, which has no B12 column); price is a rough India-wide market estimate, not measured data.",Anuvaad Indian Nutrient Databank (INDB) 2024.11,Direct INDB equivalent: Rice murukku; INDB 2024.11 values are per 100 g and were converted to the CSV serving weight of 100 g. Range is a transparent prep-variability modeling band of ±10%; this range is not reported by INDB. Vitamin D = D2+D3; Vitamin K = K1+K2. Vitamin B12 is not present in the supplied INDB workbook and is therefore left TBD rather than fabricated.,High,N/A — no significant dietary B12 source,"Compiled ingredient list contains no meat, fish, egg, dairy solids, or fortified ingredient — only plant-based ingredients, and/or ghee/butter in amounts too small to contribute measurable B12 (B12 resides in milk solids/whey, not milk fat). Vitamin B12 is not naturally present in plant foods (USDA FoodData Central), so the value is retained at 0.0 rather than estimated.",High,PENDING_AUDIT,PENDING_AUDIT,PENDING_AUDIT,Exact,Rice murukku,"prep-variability modeling band (internally generated, not source-reported)",10.0,No variants listed
FD181,Thattai,,,Evening Snacks & Street Food,Street Food & Snacks,1,serving,100,75.883,126.471,2.694,4.489,6.85,11.416,4.415,7.359,0.597,0.995,0.452,0.754,84.236,140.393,19.186,31.977,105.746,176.244,0.36,0.599,17.018,28.363,0.0,0.0,1.084,1.806,0.406,0.677,0.567,0.945,1.031,1.718,0.035,0.058,0.065,0.109,0.031,0.051,5.381,8.969,0.0,0.0,Vegetarian,Groundnut,"rice flour, urad dal, peanuts, oil",20,60,Anuvaad Indian Nutrient Databank (INDB) 2024.11,Closest INDB analogue: Thandai; INDB 2024.11 values are per 100 g and were converted to the CSV serving weight of 100 g. Range is a transparent prep-variability modeling band of ±25%; this range is not reported by INDB. Vitamin D = D2+D3; Vitamin K = K1+K2. Vitamin B12 is not present in the supplied INDB workbook and is therefore left TBD rather than fabricated.,Low,,"Section 4/5: ingredients compiled from standard/typical recipes (not from INDB); allergens derived programmatically from that ingredient list using the spec vocabulary (dairy/egg/gluten/nuts/groundnut/soy/fish/shellfish); vitamin_b12 is a category-level estimate from standard published B12 values for the dish's primary animal-protein/dairy component (not from INDB, which has no B12 column); price is a rough India-wide market estimate, not measured data.",Anuvaad Indian Nutrient Databank (INDB) 2024.11,Closest INDB analogue: Thandai; INDB 2024.11 values are per 100 g and were converted to the CSV serving weight of 100 g. Range is a transparent prep-variability modeling band of ±25%; this range is not reported by INDB. Vitamin D = D2+D3; Vitamin K = K1+K2. Vitamin B12 is not present in the supplied INDB workbook and is therefore left TBD rather than fabricated.,Low,N/A — no significant dietary B12 source,"Compiled ingredient list contains no meat, fish, egg, dairy solids, or fortified ingredient — only plant-based ingredients, and/or ghee/butter in amounts too small to contribute measurable B12 (B12 resides in milk solids/whey, not milk fat). Vitamin B12 is not naturally present in plant foods (USDA FoodData Central), so the value is retained at 0.0 rather than estimated.",High,PENDING_AUDIT,PENDING_AUDIT,PENDING_AUDIT,Close recipe,Thandai,"prep-variability modeling band (internally generated, not source-reported)",25.0,No variants listed
FD182,Mixture (Namkeen),"Chivda, Namkeen Mixture",,Evening Snacks & Street Food,Street Food & Snacks,1,serving,100,142.952,174.719,4.159,5.083,30.533,37.318,0.903,1.103,1.708,2.087,1.129,1.379,63.479,77.585,40.992,50.101,408.478,499.251,0.544,0.665,26.636,32.556,5.449,6.659,11.763,14.377,0.297,0.362,0.296,0.362,64.507,78.842,0.09,0.109,0.086,0.105,0.087,0.107,43.418,53.066,0.0,0.0,Vegetarian,Groundnut,"gram-flour sev, peanuts, fried lentils, spices",20,60,Anuvaad Indian Nutrient Databank (INDB) 2024.11,Direct INDB equivalent: Moong dal mixture; INDB 2024.11 values are per 100 g and were converted to the CSV serving weight of 100 g. Range is a transparent prep-variability modeling band of ±10%; this range is not reported by INDB. Vitamin D = D2+D3; Vitamin K = K1+K2. Vitamin B12 is not present in the supplied INDB workbook and is therefore left TBD rather than fabricated.,High,,"Section 4/5: ingredients compiled from standard/typical recipes (not from INDB); allergens derived programmatically from that ingredient list using the spec vocabulary (dairy/egg/gluten/nuts/groundnut/soy/fish/shellfish); vitamin_b12 is a category-level estimate from standard published B12 values for the dish's primary animal-protein/dairy component (not from INDB, which has no B12 column); price is a rough India-wide market estimate, not measured data. | Allergen audit: gram-flour sev is besan (gluten-free), no wheat ingredient listed -> Gluten removed",Anuvaad Indian Nutrient Databank (INDB) 2024.11,Direct INDB equivalent: Moong dal mixture; INDB 2024.11 values are per 100 g and were converted to the CSV serving weight of 100 g. Range is a transparent prep-variability modeling band of ±10%; this range is not reported by INDB. Vitamin D = D2+D3; Vitamin K = K1+K2. Vitamin B12 is not present in the supplied INDB workbook and is therefore left TBD rather than fabricated.,High,N/A — no significant dietary B12 source,"Compiled ingredient list contains no meat, fish, egg, dairy solids, or fortified ingredient — only plant-based ingredients, and/or ghee/butter in amounts too small to contribute measurable B12 (B12 resides in milk solids/whey, not milk fat). Vitamin B12 is not naturally present in plant foods (USDA FoodData Central), so the value is retained at 0.0 rather than estimated.",High,PENDING_AUDIT,PENDING_AUDIT,PENDING_AUDIT,Exact,Moong dal mixture,"prep-variability modeling band (internally generated, not source-reported)",10.0,No variants listed
FD183,Banana Chips,"Nendran Chips, Kaya Varuthathu",,Evening Snacks & Street Food,Street Food & Snacks,1,serving,100,599.099,732.233,0.33,0.404,6.59,8.054,63.411,77.502,0.584,0.713,0.17,0.207,1.808,2.21,8.132,9.94,95.789,117.075,0.04,0.049,78.18,95.554,0.0,0.0,2.129,2.602,0.053,0.065,31.224,38.163,4.575,5.591,0.003,0.003,0.011,0.013,0.135,0.165,4.736,5.788,0.0,0.0,Vegetarian,,"raw banana, oil, salt",20,60,Anuvaad Indian Nutrient Databank (INDB) 2024.11,Direct INDB equivalent: Banana chips (Kele ke chips); INDB 2024.11 values are per 100 g and were converted to the CSV serving weight of 100 g. Range is a transparent prep-variability modeling band of ±10%; this range is not reported by INDB. Vitamin D = D2+D3; Vitamin K = K1+K2. Vitamin B12 is not present in the supplied INDB workbook and is therefore left TBD rather than fabricated.,High,,"Section 4/5: ingredients compiled from standard/typical recipes (not from INDB); allergens derived programmatically from that ingredient list using the spec vocabulary (dairy/egg/gluten/nuts/groundnut/soy/fish/shellfish); vitamin_b12 is a category-level estimate from standard published B12 values for the dish's primary animal-protein/dairy component (not from INDB, which has no B12 column); price is a rough India-wide market estimate, not measured data.",Anuvaad Indian Nutrient Databank (INDB) 2024.11,Direct INDB equivalent: Banana chips (Kele ke chips); INDB 2024.11 values are per 100 g and were converted to the CSV serving weight of 100 g. Range is a transparent prep-variability modeling band of ±10%; this range is not reported by INDB. Vitamin D = D2+D3; Vitamin K = K1+K2. Vitamin B12 is not present in the supplied INDB workbook and is therefore left TBD rather than fabricated.,High,N/A — no significant dietary B12 source,"Compiled ingredient list contains no meat, fish, egg, dairy solids, or fortified ingredient — only plant-based ingredients, and/or ghee/butter in amounts too small to contribute measurable B12 (B12 resides in milk solids/whey, not milk fat). Vitamin B12 is not naturally present in plant foods (USDA FoodData Central), so the value is retained at 0.0 rather than estimated.",High,PENDING_AUDIT,PENDING_AUDIT,PENDING_AUDIT,Exact,Banana chips (Kele ke chips),"prep-variability modeling band (internally generated, not source-reported)",10.0,No variants listed
FD184,Tapioca Chips,"Kappa Chips, Maravalli Kizhangu Chips",,Evening Snacks & Street Food,Street Food & Snacks,1,serving,100,532.533,798.799,0.293,0.44,5.858,8.787,56.365,84.548,0.519,0.778,0.151,0.226,1.607,2.411,7.229,10.843,85.146,127.719,0.035,0.053,69.494,104.241,0.0,0.0,1.892,2.838,0.047,0.07,27.755,41.632,4.066,6.099,0.002,0.004,0.009,0.014,0.12,0.18,4.21,6.314,0.0,0.0,Vegetarian,,"tapioca, oil, salt",20,60,Anuvaad Indian Nutrient Databank (INDB) 2024.11,"Section 2 fix: Banana chips (Kele ke chips) (100%); INDB 2024.11 values are per 100 g (commodity components use standard published composition) and were converted to the CSV serving weight of 100 g. Range is a transparent prep-variability modeling band of ±20%; this range is not reported by INDB. Vitamin D = D2+D3; Vitamin K = K1+K2. Vitamin B12 is not present in the supplied INDB workbook and is therefore left TBD rather than fabricated. Tapioca Chips modeled on INDB Banana chips (same deep-fried, salted starchy-vegetable-chip category), replacing the prior mutton chops mismatch.",Medium,,"Section 2: re-derived from correct dish-level analogue (was: wrong-category/keyword-bug match per audit report). | Section 4/5: ingredients compiled from standard/typical recipes (not from INDB); allergens derived programmatically from that ingredient list using the spec vocabulary (dairy/egg/gluten/nuts/groundnut/soy/fish/shellfish); vitamin_b12 is a category-level estimate from standard published B12 values for the dish's primary animal-protein/dairy component (not from INDB, which has no B12 column); price is a rough India-wide market estimate, not measured data.",Anuvaad Indian Nutrient Databank (INDB) 2024.11,"Section 2 fix: Banana chips (Kele ke chips) (100%); INDB 2024.11 values are per 100 g (commodity components use standard published composition) and were converted to the CSV serving weight of 100 g. Range is a transparent prep-variability modeling band of ±20%; this range is not reported by INDB. Vitamin D = D2+D3; Vitamin K = K1+K2. Vitamin B12 is not present in the supplied INDB workbook and is therefore left TBD rather than fabricated. Tapioca Chips modeled on INDB Banana chips (same deep-fried, salted starchy-vegetable-chip category), replacing the prior mutton chops mismatch.",Medium,N/A — no significant dietary B12 source,"Compiled ingredient list contains no meat, fish, egg, dairy solids, or fortified ingredient — only plant-based ingredients, and/or ghee/butter in amounts too small to contribute measurable B12 (B12 resides in milk solids/whey, not milk fat). Vitamin B12 is not naturally present in plant foods (USDA FoodData Central), so the value is retained at 0.0 rather than estimated.",High,PENDING_AUDIT,PENDING_AUDIT,PENDING_AUDIT,Ingredient composition,Banana chips (Kele ke chips) (100%),"prep-variability modeling band (internally generated, not source-reported)",20.0,No variants listed
FD185,Chilli Chicken,,,Evening Snacks & Street Food,Street Food & Snacks,1,serving,100,178.951,218.718,8.615,10.529,2.573,3.145,14.906,18.219,0.894,1.092,0.59,0.721,11.677,14.272,14.829,18.124,186.571,228.031,0.352,0.43,201.371,246.121,2.429,2.969,12.841,15.695,1.902,2.325,5.853,7.154,15.22,18.602,0.048,0.059,0.04,0.048,0.228,0.279,11.993,14.658,0.2,0.4,Non-Vegetarian,Soy,"chicken, capsicum, soy sauce, chilli",28,84,Anuvaad Indian Nutrient Databank (INDB) 2024.11,Direct INDB equivalent: Chilli chicken; INDB 2024.11 values are per 100 g and were converted to the CSV serving weight of 100 g. Range is a transparent prep-variability modeling band of ±10%; this range is not reported by INDB. Vitamin D = D2+D3; Vitamin K = K1+K2. Vitamin B12 is not present in the supplied INDB workbook and is therefore left TBD rather than fabricated.,High,,"Section 4/5: ingredients compiled from standard/typical recipes (not from INDB); allergens derived programmatically from that ingredient list using the spec vocabulary (dairy/egg/gluten/nuts/groundnut/soy/fish/shellfish); vitamin_b12 is a category-level estimate from standard published B12 values for the dish's primary animal-protein/dairy component (not from INDB, which has no B12 column); price is a rough India-wide market estimate, not measured data.",Anuvaad Indian Nutrient Databank (INDB) 2024.11,Direct INDB equivalent: Chilli chicken; INDB 2024.11 values are per 100 g and were converted to the CSV serving weight of 100 g. Range is a transparent prep-variability modeling band of ±10%; this range is not reported by INDB. Vitamin D = D2+D3; Vitamin K = K1+K2. Vitamin B12 is not present in the supplied INDB workbook and is therefore left TBD rather than fabricated.,High,USDA FoodData Central,"Category-level estimate: chicken is the dish's primary animal-protein component. USDA value for chicken, roasted meat (~0.3 mcg/100g), scaled to a typical chicken-content fraction of this serving. Not from INDB.",Medium,PENDING_AUDIT,PENDING_AUDIT,PENDING_AUDIT,Exact,Chilli chicken,"prep-variability modeling band (internally generated, not source-reported)",10.0,No variants listed
FD186,Chilli Paneer,,,Evening Snacks & Street Food,Street Food & Snacks,1,serving,100,699.762,855.265,1.892,2.312,2.976,3.638,75.61,92.412,0.451,0.551,0.32,0.391,38.614,47.195,7.933,9.696,48.824,59.674,0.289,0.353,80.137,97.945,0.788,0.963,1.476,1.804,0.374,0.457,36.486,44.594,7.758,9.482,0.017,0.021,0.02,0.024,0.019,0.023,8.701,10.635,0.15,0.35,Vegetarian (dairy/paneer-rich),"Dairy, Soy","paneer, capsicum, soy sauce, chilli",28,84,Anuvaad Indian Nutrient Databank (INDB) 2024.11,Direct INDB equivalent: Chilli paneer; INDB 2024.11 values are per 100 g and were converted to the CSV serving weight of 100 g. Range is a transparent prep-variability modeling band of ±10%; this range is not reported by INDB. Vitamin D = D2+D3; Vitamin K = K1+K2. Vitamin B12 is not present in the supplied INDB workbook and is therefore left TBD rather than fabricated.,High,,"Section 4/5: ingredients compiled from standard/typical recipes (not from INDB); allergens derived programmatically from that ingredient list using the spec vocabulary (dairy/egg/gluten/nuts/groundnut/soy/fish/shellfish); vitamin_b12 is a category-level estimate from standard published B12 values for the dish's primary animal-protein/dairy component (not from INDB, which has no B12 column); price is a rough India-wide market estimate, not measured data.",Anuvaad Indian Nutrient Databank (INDB) 2024.11,Direct INDB equivalent: Chilli paneer; INDB 2024.11 values are per 100 g and were converted to the CSV serving weight of 100 g. Range is a transparent prep-variability modeling band of ±10%; this range is not reported by INDB. Vitamin D = D2+D3; Vitamin K = K1+K2. Vitamin B12 is not present in the supplied INDB workbook and is therefore left TBD rather than fabricated.,High,USDA FoodData Central,"Category-level estimate: paneer is the dish's primary dairy component. Published Indian food-composition data for paneer/cottage cheese (~0.8 mcg/100g), scaled to a typical paneer-content fraction of this serving. Not from INDB.",Medium,PENDING_AUDIT,PENDING_AUDIT,PENDING_AUDIT,Exact,Chilli paneer,"prep-variability modeling band (internally generated, not source-reported)",10.0,No variants listed
FD187,Vegetable Manchurian,Veg Manchurian,,Evening Snacks & Street Food,Street Food & Snacks,1,serving,100,527.077,644.205,0.8,0.978,6.137,7.501,55.487,67.817,1.045,1.277,0.278,0.339,15.113,18.471,6.781,8.287,74.966,91.625,0.11,0.135,58.781,71.844,0.0,0.0,6.971,8.52,0.405,0.495,27.299,33.365,20.523,25.084,0.018,0.023,0.014,0.017,0.047,0.058,12.248,14.969,0.0,0.0,Vegetarian,Soy,"mixed vegetables, cornflour, soy sauce",20,60,Anuvaad Indian Nutrient Databank (INDB) 2024.11,Direct INDB equivalent: Veg manchurian; INDB 2024.11 values are per 100 g and were converted to the CSV serving weight of 100 g. Range is a transparent prep-variability modeling band of ±10%; this range is not reported by INDB. Vitamin D = D2+D3; Vitamin K = K1+K2. Vitamin B12 is not present in the supplied INDB workbook and is therefore left TBD rather than fabricated.,High,,"Section 4/5: ingredients compiled from standard/typical recipes (not from INDB); allergens derived programmatically from that ingredient list using the spec vocabulary (dairy/egg/gluten/nuts/groundnut/soy/fish/shellfish); vitamin_b12 is a category-level estimate from standard published B12 values for the dish's primary animal-protein/dairy component (not from INDB, which has no B12 column); price is a rough India-wide market estimate, not measured data.",Anuvaad Indian Nutrient Databank (INDB) 2024.11,Direct INDB equivalent: Veg manchurian; INDB 2024.11 values are per 100 g and were converted to the CSV serving weight of 100 g. Range is a transparent prep-variability modeling band of ±10%; this range is not reported by INDB. Vitamin D = D2+D3; Vitamin K = K1+K2. Vitamin B12 is not present in the supplied INDB workbook and is therefore left TBD rather than fabricated.,High,N/A — no significant dietary B12 source,"Compiled ingredient list contains no meat, fish, egg, dairy solids, or fortified ingredient — only plant-based ingredients, and/or ghee/butter in amounts too small to contribute measurable B12 (B12 resides in milk solids/whey, not milk fat). Vitamin B12 is not naturally present in plant foods (USDA FoodData Central), so the value is retained at 0.0 rather than estimated.",High,PENDING_AUDIT,PENDING_AUDIT,PENDING_AUDIT,Exact,Veg manchurian,"prep-variability modeling band (internally generated, not source-reported)",10.0,No variants listed
FD188,Spring Roll,,,Evening Snacks & Street Food,Street Food & Snacks,1,serving,100,561.487,686.261,1.625,1.986,7.703,9.414,58.17,71.096,0.602,0.735,0.439,0.537,8.562,10.465,6.297,7.696,54.77,66.941,0.161,0.197,119.559,146.128,5.915,7.229,4.388,5.364,0.796,0.973,28.527,34.866,7.753,9.476,0.023,0.028,0.018,0.022,0.038,0.046,9.169,11.206,0.0,0.0,Vegetarian,Gluten,"mixed vegetables, spring roll wrapper (maida), oil",20,60,Anuvaad Indian Nutrient Databank (INDB) 2024.11,Direct INDB equivalent: Spring roll; INDB 2024.11 values are per 100 g and were converted to the CSV serving weight of 100 g. Range is a transparent prep-variability modeling band of ±10%; this range is not reported by INDB. Vitamin D = D2+D3; Vitamin K = K1+K2. Vitamin B12 is not present in the supplied INDB workbook and is therefore left TBD rather than fabricated.,High,,"Section 4/5: ingredients compiled from standard/typical recipes (not from INDB); allergens derived programmatically from that ingredient list using the spec vocabulary (dairy/egg/gluten/nuts/groundnut/soy/fish/shellfish); vitamin_b12 is a category-level estimate from standard published B12 values for the dish's primary animal-protein/dairy component (not from INDB, which has no B12 column); price is a rough India-wide market estimate, not measured data.",Anuvaad Indian Nutrient Databank (INDB) 2024.11,Direct INDB equivalent: Spring roll; INDB 2024.11 values are per 100 g and were converted to the CSV serving weight of 100 g. Range is a transparent prep-variability modeling band of ±10%; this range is not reported by INDB. Vitamin D = D2+D3; Vitamin K = K1+K2. Vitamin B12 is not present in the supplied INDB workbook and is therefore left TBD rather than fabricated.,High,N/A — no significant dietary B12 source,"Compiled ingredient list contains no meat, fish, egg, dairy solids, or fortified ingredient — only plant-based ingredients, and/or ghee/butter in amounts too small to contribute measurable B12 (B12 resides in milk solids/whey, not milk fat). Vitamin B12 is not naturally present in plant foods (USDA FoodData Central), so the value is retained at 0.0 rather than estimated.",High,PENDING_AUDIT,PENDING_AUDIT,PENDING_AUDIT,Exact,Spring roll,"prep-variability modeling band (internally generated, not source-reported)",10.0,No variants listed
FD189,French Fries,,,Evening Snacks & Street Food,Street Food & Snacks,1,serving,100,265.2,358.8,2.89,3.91,34.85,47.15,12.75,17.25,3.23,4.37,0.595,0.805,12.75,17.25,22.95,31.05,492.15,665.85,0.34,0.46,178.5,241.5,0.0,0.0,4.59,6.21,0.0,0.0,1.53,2.07,5.1,6.9,0.111,0.149,0.025,0.034,0.238,0.322,14.45,19.55,0.0,0.0,Vegetarian,,"potato, oil, salt",20,60,USDA,"USDA FoodData Central, Potatoes french fried in vegetable oil, restaurant-style, converted to serving weight.",Medium,,"Section 2: re-derived from correct dish-level analogue (was: wrong-category/keyword-bug match per audit report). | Section 4/5: ingredients compiled from standard/typical recipes (not from INDB); allergens derived programmatically from that ingredient list using the spec vocabulary (dairy/egg/gluten/nuts/groundnut/soy/fish/shellfish); vitamin_b12 is a category-level estimate from standard published B12 values for the dish's primary animal-protein/dairy component (not from INDB, which has no B12 column); price is a rough India-wide market estimate, not measured data. | Audit-pass-2: re-sourced after INDB citation was found to not exist in the real dataset",USDA,"USDA FoodData Central, Potatoes french fried in vegetable oil, restaurant-style, converted to serving weight.",Medium,N/A — no significant dietary B12 source,"Compiled ingredient list contains no meat, fish, egg, dairy solids, or fortified ingredient — only plant-based ingredients, and/or ghee/butter in amounts too small to contribute measurable B12 (B12 resides in milk solids/whey, not milk fat). Vitamin B12 is not naturally present in plant foods (USDA FoodData Central), so the value is retained at 0.0 rather than estimated.",High,PENDING_AUDIT,PENDING_AUDIT,PENDING_AUDIT,Ingredient composition,USDA,not specified,,No variants listed
FD190,Cheese Corn Balls,,,Evening Snacks & Street Food,Street Food & Snacks,1,serving,100,613.154,749.411,1.99,2.432,4.329,5.291,65.311,79.824,0.161,0.197,0.292,0.357,27.006,33.007,3.538,4.324,24.817,30.332,0.217,0.265,108.628,132.767,57.557,70.347,0.013,0.016,0.411,0.502,30.147,36.846,5.252,6.419,0.014,0.017,0.026,0.032,0.017,0.021,4.485,5.482,0.15,0.35,Vegetarian,"Dairy, Gluten","cheese, sweet corn, breadcrumbs, oil",20,60,Anuvaad Indian Nutrient Databank (INDB) 2024.11,Direct INDB equivalent: Cheese balls; INDB 2024.11 values are per 100 g and were converted to the CSV serving weight of 100 g. Range is a transparent prep-variability modeling band of ±10%; this range is not reported by INDB. Vitamin D = D2+D3; Vitamin K = K1+K2. Vitamin B12 is not present in the supplied INDB workbook and is therefore left TBD rather than fabricated.,High,,"Section 4/5: ingredients compiled from standard/typical recipes (not from INDB); allergens derived programmatically from that ingredient list using the spec vocabulary (dairy/egg/gluten/nuts/groundnut/soy/fish/shellfish); vitamin_b12 is a category-level estimate from standard published B12 values for the dish's primary animal-protein/dairy component (not from INDB, which has no B12 column); price is a rough India-wide market estimate, not measured data. | Allergen audit: breadcrumbs added -> Gluten included",Anuvaad Indian Nutrient Databank (INDB) 2024.11,Direct INDB equivalent: Cheese balls; INDB 2024.11 values are per 100 g and were converted to the CSV serving weight of 100 g. Range is a transparent prep-variability modeling band of ±10%; this range is not reported by INDB. Vitamin D = D2+D3; Vitamin K = K1+K2. Vitamin B12 is not present in the supplied INDB workbook and is therefore left TBD rather than fabricated.,High,USDA FoodData Central,"Category-level estimate: processed/cheddar-type cheese is the dish's primary dairy component. USDA value (~0.8-1.1 mcg/100g), scaled to a typical cheese-content fraction of this serving. Not from INDB.",Medium,PENDING_AUDIT,PENDING_AUDIT,PENDING_AUDIT,Exact,Cheese balls,"prep-variability modeling band (internally generated, not source-reported)",10.0,No variants listed
FD191,Punugulu,Andhra-style fermented fritters (related to Mysore Bonda),,Evening Snacks & Street Food,Street Food & Snacks,1,serving,100,563.023,844.535,3.458,5.186,7.945,11.917,57.293,85.94,2.169,3.253,0.803,1.205,9.5,14.25,27.115,40.672,186.233,279.349,0.46,0.689,49.194,73.791,0.0,0.0,1.913,2.87,1.312,1.967,27.716,41.574,6.051,9.076,0.034,0.051,0.017,0.026,0.045,0.067,14.856,22.284,0.0,0.0,Vegetarian,,"fermented urad dal-rice batter, onion, oil",20,60,Anuvaad Indian Nutrient Databank (INDB) 2024.11,"Section 2 fix: Masala urad dal vada (100%); INDB 2024.11 values are per 100 g (commodity components use standard published composition) and were converted to the CSV serving weight of 100 g. Range is a transparent prep-variability modeling band of ±20%; this range is not reported by INDB. Vitamin D = D2+D3; Vitamin K = K1+K2. Vitamin B12 is not present in the supplied INDB workbook and is therefore left TBD rather than fabricated. Punugulu modeled on INDB Masala urad dal vada (same fermented-urad-batter, deep-fried category), replacing the prior paper-sweet mismatch.",Medium,,"Section 2: re-derived from correct dish-level analogue (was: wrong-category/keyword-bug match per audit report). | Section 4/5: ingredients compiled from standard/typical recipes (not from INDB); allergens derived programmatically from that ingredient list using the spec vocabulary (dairy/egg/gluten/nuts/groundnut/soy/fish/shellfish); vitamin_b12 is a category-level estimate from standard published B12 values for the dish's primary animal-protein/dairy component (not from INDB, which has no B12 column); price is a rough India-wide market estimate, not measured data.",Anuvaad Indian Nutrient Databank (INDB) 2024.11,"Section 2 fix: Masala urad dal vada (100%); INDB 2024.11 values are per 100 g (commodity components use standard published composition) and were converted to the CSV serving weight of 100 g. Range is a transparent prep-variability modeling band of ±20%; this range is not reported by INDB. Vitamin D = D2+D3; Vitamin K = K1+K2. Vitamin B12 is not present in the supplied INDB workbook and is therefore left TBD rather than fabricated. Punugulu modeled on INDB Masala urad dal vada (same fermented-urad-batter, deep-fried category), replacing the prior paper-sweet mismatch.",Medium,N/A — no significant dietary B12 source,"Compiled ingredient list contains no meat, fish, egg, dairy solids, or fortified ingredient — only plant-based ingredients, and/or ghee/butter in amounts too small to contribute measurable B12 (B12 resides in milk solids/whey, not milk fat). Vitamin B12 is not naturally present in plant foods (USDA FoodData Central), so the value is retained at 0.0 rather than estimated.",High,PENDING_AUDIT,PENDING_AUDIT,PENDING_AUDIT,Ingredient composition,Masala urad dal vada (100%),"prep-variability modeling band (internally generated, not source-reported)",20.0,No variants listed
FD192,Chickpea Sundal,"Sundal, Konda Kadalai Sundal",,Evening Snacks & Street Food,Street Food & Snacks,1,serving,100,29.226,35.721,1.215,1.485,5.405,6.606,0.289,0.354,1.211,1.48,0.791,0.967,14.882,18.189,15.706,19.197,197.026,240.81,0.211,0.258,78.365,95.779,0.0,0.0,13.608,16.632,2.407,2.941,0.058,0.071,6.516,7.964,0.045,0.055,0.02,0.025,0.069,0.085,15.131,18.494,0.0,0.0,Vegetarian,,"chickpeas, grated coconut, mustard seeds",20,60,Anuvaad Indian Nutrient Databank (INDB) 2024.11,Direct INDB equivalent: Sprouted moong dal chat; INDB 2024.11 values are per 100 g and were converted to the CSV serving weight of 100 g. Range is a transparent prep-variability modeling band of ±10%; this range is not reported by INDB. Vitamin D = D2+D3; Vitamin K = K1+K2. Vitamin B12 is not present in the supplied INDB workbook and is therefore left TBD rather than fabricated.,High,,"Section 4/5: ingredients compiled from standard/typical recipes (not from INDB); allergens derived programmatically from that ingredient list using the spec vocabulary (dairy/egg/gluten/nuts/groundnut/soy/fish/shellfish); vitamin_b12 is a category-level estimate from standard published B12 values for the dish's primary animal-protein/dairy component (not from INDB, which has no B12 column); price is a rough India-wide market estimate, not measured data.",Anuvaad Indian Nutrient Databank (INDB) 2024.11,Direct INDB equivalent: Sprouted moong dal chat; INDB 2024.11 values are per 100 g and were converted to the CSV serving weight of 100 g. Range is a transparent prep-variability modeling band of ±10%; this range is not reported by INDB. Vitamin D = D2+D3; Vitamin K = K1+K2. Vitamin B12 is not present in the supplied INDB workbook and is therefore left TBD rather than fabricated.,High,N/A — no significant dietary B12 source,"Compiled ingredient list contains no meat, fish, egg, dairy solids, or fortified ingredient — only plant-based ingredients, and/or ghee/butter in amounts too small to contribute measurable B12 (B12 resides in milk solids/whey, not milk fat). Vitamin B12 is not naturally present in plant foods (USDA FoodData Central), so the value is retained at 0.0 rather than estimated.",High,PENDING_AUDIT,PENDING_AUDIT,PENDING_AUDIT,Close recipe,Sprouted moong dal chat,"prep-variability modeling band (internally generated, not source-reported)",10.0,No variants listed
FD193,Boiled Peanuts,,,Evening Snacks & Street Food,Street Food & Snacks,1,serving,100,144.5,195.5,6.8,9.2,11.05,14.95,8.925,12.075,3.57,4.83,1.02,1.38,25.5,34.5,76.5,103.5,297.5,402.5,1.275,1.725,323.0,437.0,0.0,0.0,0.0,0.0,0.0,0.0,3.4,4.6,0.0,0.0,0.17,0.23,0.051,0.069,0.102,0.138,51.0,69.0,0.0,0.0,Vegetarian,Groundnut,"peanuts, salt",20,60,USDA,"USDA-consistent generic boiled salted peanuts composition, converted to serving weight.",Medium,,"Section 2: re-derived from correct dish-level analogue (was: wrong-category/keyword-bug match per audit report). | Section 4/5: ingredients compiled from standard/typical recipes (not from INDB); allergens derived programmatically from that ingredient list using the spec vocabulary (dairy/egg/gluten/nuts/groundnut/soy/fish/shellfish); vitamin_b12 is a category-level estimate from standard published B12 values for the dish's primary animal-protein/dairy component (not from INDB, which has no B12 column); price is a rough India-wide market estimate, not measured data. | Audit-pass-2: re-sourced after INDB citation was found to not exist in the real dataset",USDA,"USDA-consistent generic boiled salted peanuts composition, converted to serving weight.",Medium,N/A — no significant dietary B12 source,"Compiled ingredient list contains no meat, fish, egg, dairy solids, or fortified ingredient — only plant-based ingredients, and/or ghee/butter in amounts too small to contribute measurable B12 (B12 resides in milk solids/whey, not milk fat). Vitamin B12 is not naturally present in plant foods (USDA FoodData Central), so the value is retained at 0.0 rather than estimated.",High,PENDING_AUDIT,PENDING_AUDIT,PENDING_AUDIT,Ingredient composition,USDA,not specified,,No variants listed
FD194,Bhutta (Roasted Corn on Cob),"Roasted Bhutta, Makkai",,Evening Snacks & Street Food,Street Food & Snacks,1,serving,100,70.755,117.925,1.56,2.599,2.891,4.818,5.741,9.569,3.11,5.183,0.884,1.473,65.169,108.614,48.353,80.588,199.374,332.291,0.351,0.585,157.526,262.543,0.0,0.0,15.373,25.622,5.099,8.499,3.02,5.034,15.45,25.75,0.03,0.05,0.053,0.088,0.191,0.318,43.415,72.359,0.0,0.0,Vegetarian,,"corn on cob, lemon, chilli powder, salt",20,60,Anuvaad Indian Nutrient Databank (INDB) 2024.11,Closest INDB analogue: Stuffed okra (Bharwa bhindi); INDB 2024.11 values are per 100 g and were converted to the CSV serving weight of 100 g. Range is a transparent prep-variability modeling band of ±25%; this range is not reported by INDB. Vitamin D = D2+D3; Vitamin K = K1+K2. Vitamin B12 is not present in the supplied INDB workbook and is therefore left TBD rather than fabricated.,Low,,"Section 4/5: ingredients compiled from standard/typical recipes (not from INDB); allergens derived programmatically from that ingredient list using the spec vocabulary (dairy/egg/gluten/nuts/groundnut/soy/fish/shellfish); vitamin_b12 is a category-level estimate from standard published B12 values for the dish's primary animal-protein/dairy component (not from INDB, which has no B12 column); price is a rough India-wide market estimate, not measured data.",Anuvaad Indian Nutrient Databank (INDB) 2024.11,Closest INDB analogue: Stuffed okra (Bharwa bhindi); INDB 2024.11 values are per 100 g and were converted to the CSV serving weight of 100 g. Range is a transparent prep-variability modeling band of ±25%; this range is not reported by INDB. Vitamin D = D2+D3; Vitamin K = K1+K2. Vitamin B12 is not present in the supplied INDB workbook and is therefore left TBD rather than fabricated.,Low,N/A — no significant dietary B12 source,"Compiled ingredient list contains no meat, fish, egg, dairy solids, or fortified ingredient — only plant-based ingredients, and/or ghee/butter in amounts too small to contribute measurable B12 (B12 resides in milk solids/whey, not milk fat). Vitamin B12 is not naturally present in plant foods (USDA FoodData Central), so the value is retained at 0.0 rather than estimated.",High,PENDING_AUDIT,PENDING_AUDIT,PENDING_AUDIT,Close recipe,Stuffed okra (Bharwa bhindi),"prep-variability modeling band (internally generated, not source-reported)",25.0,No variants listed
FD195,Dabeli,Kutchi Dabeli,,Evening Snacks & Street Food,Street Food & Snacks,1,serving,100,414.461,621.691,1.356,2.034,9.056,13.583,41.582,62.373,0.889,1.334,0.44,0.659,17.568,26.352,9.009,13.514,102.156,153.235,0.16,0.241,163.222,244.834,0.0,0.0,4.915,7.373,1.045,1.568,20.149,30.224,6.905,10.358,0.038,0.056,0.012,0.019,0.037,0.055,8.434,12.651,0.0,0.0,Vegetarian,Gluten,"potato filling, bread bun (pav), pomegranate, gram-flour sev, chutney",20,60,Anuvaad Indian Nutrient Databank (INDB) 2024.11,"Section 2 fix: Potato bonda (Aloo bonda) (55%) + Bread roll (35%) + Tomato chutney (Tamatar ki chutney) (10%); INDB 2024.11 values are per 100 g (commodity components use standard published composition) and were converted to the CSV serving weight of 100 g. Range is a transparent prep-variability modeling band of ±20%; this range is not reported by INDB. Vitamin D = D2+D3; Vitamin K = K1+K2. Vitamin B12 is not present in the supplied INDB workbook and is therefore left TBD rather than fabricated. Dabeli modeled as a spiced-potato-filling component, a bread-bun component, and a chutney component (its three defining parts), replacing the prior idli mismatch.",Low,,"Section 2: re-derived from correct dish-level analogue (was: wrong-category/keyword-bug match per audit report). | Section 4/5: ingredients compiled from standard/typical recipes (not from INDB); allergens derived programmatically from that ingredient list using the spec vocabulary (dairy/egg/gluten/nuts/groundnut/soy/fish/shellfish); vitamin_b12 is a category-level estimate from standard published B12 values for the dish's primary animal-protein/dairy component (not from INDB, which has no B12 column); price is a rough India-wide market estimate, not measured data.",Anuvaad Indian Nutrient Databank (INDB) 2024.11,"Section 2 fix: Potato bonda (Aloo bonda) (55%) + Bread roll (35%) + Tomato chutney (Tamatar ki chutney) (10%); INDB 2024.11 values are per 100 g (commodity components use standard published composition) and were converted to the CSV serving weight of 100 g. Range is a transparent prep-variability modeling band of ±20%; this range is not reported by INDB. Vitamin D = D2+D3; Vitamin K = K1+K2. Vitamin B12 is not present in the supplied INDB workbook and is therefore left TBD rather than fabricated. Dabeli modeled as a spiced-potato-filling component, a bread-bun component, and a chutney component (its three defining parts), replacing the prior idli mismatch.",Low,N/A — no significant dietary B12 source,"Compiled ingredient list contains no meat, fish, egg, dairy solids, or fortified ingredient — only plant-based ingredients, and/or ghee/butter in amounts too small to contribute measurable B12 (B12 resides in milk solids/whey, not milk fat). Vitamin B12 is not naturally present in plant foods (USDA FoodData Central), so the value is retained at 0.0 rather than estimated.",High,PENDING_AUDIT,PENDING_AUDIT,PENDING_AUDIT,Ingredient composition,Potato bonda (Aloo bonda) (55%) + Bread roll (35%) + Tomato chutney (Tamatar ki chutney) (10%),"prep-variability modeling band (internally generated, not source-reported)",20.0,No variants listed
FD196,Chapati,"Roti, Chapathi",Phulka,Dinner Breads & Tiffin,Bread & Flatbread,1,piece,90,163.872,200.288,4.759,5.816,28.876,35.293,2.885,3.526,5.112,6.248,1.845,2.255,13.946,17.045,56.25,68.75,139.95,171.05,1.282,1.567,0.941,1.15,20.745,25.355,0.0,0.0,6.044,7.387,0.247,0.301,0.675,0.825,0.189,0.231,0.067,0.082,0.113,0.138,13.149,16.071,0.0,0.0,Vegetarian,Gluten,"whole wheat flour, water, salt",15,40,Anuvaad Indian Nutrient Databank (INDB) 2024.11,Direct INDB equivalent: Chapati/Roti; INDB 2024.11 values are per 100 g and were converted to the CSV serving weight of 90 g. Range is a transparent prep-variability modeling band of ±10%; this range is not reported by INDB. Vitamin D = D2+D3; Vitamin K = K1+K2. Vitamin B12 is not present in the supplied INDB workbook and is therefore left TBD rather than fabricated.,High,"Phulka is typically cooked without oil or ghee, while chapati is often finished with oil, so fat and calories per piece are likely lower for phulka.","Section 6: boilerplate variant_review_notes replaced with dish-specific note | Section 4/5: ingredients compiled from standard/typical recipes (not from INDB); allergens derived programmatically from that ingredient list using the spec vocabulary (dairy/egg/gluten/nuts/groundnut/soy/fish/shellfish); vitamin_b12 is a category-level estimate from standard published B12 values for the dish's primary animal-protein/dairy component (not from INDB, which has no B12 column); price is a rough India-wide market estimate, not measured data.",Anuvaad Indian Nutrient Databank (INDB) 2024.11,Direct INDB equivalent: Chapati/Roti; INDB 2024.11 values are per 100 g and were converted to the CSV serving weight of 90 g. Range is a transparent prep-variability modeling band of ±10%; this range is not reported by INDB. Vitamin D = D2+D3; Vitamin K = K1+K2. Vitamin B12 is not present in the supplied INDB workbook and is therefore left TBD rather than fabricated.,High,N/A — no significant dietary B12 source,"Compiled ingredient list contains no meat, fish, egg, dairy solids, or fortified ingredient — only plant-based ingredients, and/or ghee/butter in amounts too small to contribute measurable B12 (B12 resides in milk solids/whey, not milk fat). Vitamin B12 is not naturally present in plant foods (USDA FoodData Central), so the value is retained at 0.0 rather than estimated.",High,PENDING_AUDIT,PENDING_AUDIT,PENDING_AUDIT,Exact,Chapati/Roti,"prep-variability modeling band (internally generated, not source-reported)",10.0,"Reviewed — distinct variant, split recommended"
FD197,Tandoori Roti,Tandoori Chapati,,Dinner Breads & Tiffin,Bread & Flatbread,1,piece,90,225.958,305.708,3.886,5.257,23.516,31.816,12.632,17.091,4.163,5.632,1.503,2.033,11.462,15.508,45.808,61.976,113.971,154.196,1.044,1.413,0.871,1.179,114.035,154.283,0.0,0.0,4.922,6.659,0.808,1.093,0.55,0.744,0.154,0.208,0.055,0.074,0.092,0.124,10.708,14.488,0.0,0.0,Vegetarian,Gluten,"whole wheat flour, water, salt",21,56,Anuvaad Indian Nutrient Databank (INDB) 2024.11,"Section 2 fix: Tandoori parantha/paratha (100%); INDB 2024.11 values are per 100 g (commodity components use standard published composition) and were converted to the CSV serving weight of 90 g. Range is a transparent prep-variability modeling band of ±15%; this range is not reported by INDB. Vitamin D = D2+D3; Vitamin K = K1+K2. Vitamin B12 is not present in the supplied INDB workbook and is therefore left TBD rather than fabricated. Tandoori Roti modeled on INDB Tandoori parantha (same bread, correct food group), replacing the prior tandoori fish mismatch.",Medium,,"Section 2: re-derived from correct dish-level analogue (was: wrong-category/keyword-bug match per audit report). | Section 4/5: ingredients compiled from standard/typical recipes (not from INDB); allergens derived programmatically from that ingredient list using the spec vocabulary (dairy/egg/gluten/nuts/groundnut/soy/fish/shellfish); vitamin_b12 is a category-level estimate from standard published B12 values for the dish's primary animal-protein/dairy component (not from INDB, which has no B12 column); price is a rough India-wide market estimate, not measured data.",Anuvaad Indian Nutrient Databank (INDB) 2024.11,"Section 2 fix: Tandoori parantha/paratha (100%); INDB 2024.11 values are per 100 g (commodity components use standard published composition) and were converted to the CSV serving weight of 90 g. Range is a transparent prep-variability modeling band of ±15%; this range is not reported by INDB. Vitamin D = D2+D3; Vitamin K = K1+K2. Vitamin B12 is not present in the supplied INDB workbook and is therefore left TBD rather than fabricated. Tandoori Roti modeled on INDB Tandoori parantha (same bread, correct food group), replacing the prior tandoori fish mismatch.",Medium,N/A — no significant dietary B12 source,"Compiled ingredient list contains no meat, fish, egg, dairy solids, or fortified ingredient — only plant-based ingredients, and/or ghee/butter in amounts too small to contribute measurable B12 (B12 resides in milk solids/whey, not milk fat). Vitamin B12 is not naturally present in plant foods (USDA FoodData Central), so the value is retained at 0.0 rather than estimated.",High,PENDING_AUDIT,PENDING_AUDIT,PENDING_AUDIT,Ingredient composition,Tandoori parantha/paratha (100%),"prep-variability modeling band (internally generated, not source-reported)",15.0,No variants listed
FD198,Butter Roti,Butter Chapati,,Dinner Breads & Tiffin,Bread & Flatbread,1,piece,90,194.142,262.662,4.11,5.561,24.55,33.214,8.656,11.711,4.345,5.879,1.57,2.124,13.69,18.521,47.965,64.894,120.794,163.427,1.097,1.484,1.641,2.22,69.959,94.651,0.0,0.0,5.252,7.105,0.387,0.524,1.109,1.501,0.161,0.218,0.06,0.081,0.096,0.13,11.406,15.432,0.0,0.0,Vegetarian,"Dairy, Gluten","whole wheat flour, butter",15,40,Anuvaad Indian Nutrient Databank (INDB) 2024.11,"Section 2 fix: Chapati/Roti (90%) + butter (10%); INDB 2024.11 values are per 100 g (commodity components use standard published composition) and were converted to the CSV serving weight of 90 g. Range is a transparent prep-variability modeling band of ±15%; this range is not reported by INDB. Vitamin D = D2+D3; Vitamin K = K1+K2. Vitamin B12 is not present in the supplied INDB workbook and is therefore left TBD rather than fabricated. Butter Roti modeled as a plain roti plus a butter allowance, replacing the prior paneer-in-butter-sauce mismatch (which wrongly added a paneer curry component the dish does not contain).",Medium,,"Section 2: re-derived from correct dish-level analogue (was: wrong-category/keyword-bug match per audit report). | Section 4/5: ingredients compiled from standard/typical recipes (not from INDB); allergens derived programmatically from that ingredient list using the spec vocabulary (dairy/egg/gluten/nuts/groundnut/soy/fish/shellfish); vitamin_b12 is a category-level estimate from standard published B12 values for the dish's primary animal-protein/dairy component (not from INDB, which has no B12 column); price is a rough India-wide market estimate, not measured data. | Allergen audit: butter added -> Dairy included",Anuvaad Indian Nutrient Databank (INDB) 2024.11,"Section 2 fix: Chapati/Roti (90%) + butter (10%); INDB 2024.11 values are per 100 g (commodity components use standard published composition) and were converted to the CSV serving weight of 90 g. Range is a transparent prep-variability modeling band of ±15%; this range is not reported by INDB. Vitamin D = D2+D3; Vitamin K = K1+K2. Vitamin B12 is not present in the supplied INDB workbook and is therefore left TBD rather than fabricated. Butter Roti modeled as a plain roti plus a butter allowance, replacing the prior paneer-in-butter-sauce mismatch (which wrongly added a paneer curry component the dish does not contain).",Medium,N/A — no significant dietary B12 source,"Compiled ingredient list contains no meat, fish, egg, dairy solids, or fortified ingredient — only plant-based ingredients, and/or ghee/butter in amounts too small to contribute measurable B12 (B12 resides in milk solids/whey, not milk fat). Vitamin B12 is not naturally present in plant foods (USDA FoodData Central), so the value is retained at 0.0 rather than estimated.",High,PENDING_AUDIT,PENDING_AUDIT,PENDING_AUDIT,Ingredient composition,Chapati/Roti (90%) + butter (10%),"prep-variability modeling band (internally generated, not source-reported)",15.0,No variants listed
FD199,Naan,,,Dinner Breads & Tiffin,Bread & Flatbread,1,piece,90,219.134,296.475,6.16,8.334,39.592,53.566,3.816,5.162,1.461,1.976,0.989,1.338,67.325,91.086,21.058,28.491,127.172,172.057,0.61,0.825,249.473,337.523,30.581,41.374,0.332,0.449,3.338,4.516,0.149,0.202,1.2,1.623,0.086,0.117,0.074,0.101,0.056,0.076,10.882,14.723,0.05,0.15,Vegetarian,"Dairy, Gluten","refined flour (maida), yeast/curd, ghee",15,40,Anuvaad Indian Nutrient Databank (INDB) 2024.11,Section 3 (duplicate-profile fix): Plain Naan modeled directly on INDB Naan; previously identical to the butter/garlic/cheese variants below despite having none of their added enrichment. Components: Naan (100%); INDB 2024.11 values are per 100 g and were converted to the CSV serving weight of 90 g. Range is a transparent prep-variability modeling band of ±15%; this range is not reported by INDB. Vitamin D = D2+D3; Vitamin K = K1+K2. Vitamin B12 is not present in the supplied INDB workbook and is therefore left TBD rather than fabricated.,Medium,,"Section 3: differentiated from a previously identical duplicate-profile group per audit Section C. | Section 3: near-duplicate with a genuinely very similar bread accepted as plausible, not an error. | Section 4/5: ingredients compiled from standard/typical recipes (not from INDB); allergens derived programmatically from that ingredient list using the spec vocabulary (dairy/egg/gluten/nuts/groundnut/soy/fish/shellfish); vitamin_b12 is a category-level estimate from standard published B12 values for the dish's primary animal-protein/dairy component (not from INDB, which has no B12 column); price is a rough India-wide market estimate, not measured data.",Anuvaad Indian Nutrient Databank (INDB) 2024.11,Section 3 (duplicate-profile fix): Plain Naan modeled directly on INDB Naan; previously identical to the butter/garlic/cheese variants below despite having none of their added enrichment. Components: Naan (100%); INDB 2024.11 values are per 100 g and were converted to the CSV serving weight of 90 g. Range is a transparent prep-variability modeling band of ±15%; this range is not reported by INDB. Vitamin D = D2+D3; Vitamin K = K1+K2. Vitamin B12 is not present in the supplied INDB workbook and is therefore left TBD rather than fabricated.,Medium,USDA FoodData Central,"Category-level estimate: curd/yogurt or milk is the dish's primary (or only) dairy component. USDA values for plain curd/yogurt and whole milk (~0.4-0.6 mcg/100g), scaled to a typical dairy-content fraction of this serving. Not from INDB.",Medium,PENDING_AUDIT,PENDING_AUDIT,PENDING_AUDIT,Close recipe,Naan (100%),"prep-variability modeling band (internally generated, not source-reported)",15.0,No variants listed
FD200,Butter Naan,,,Dinner Breads & Tiffin,Bread & Flatbread,1,piece,90,252.071,341.037,5.609,7.589,35.637,48.215,9.638,13.04,1.314,1.778,0.891,1.206,62.428,84.462,19.106,25.849,116.291,157.335,0.556,0.752,225.368,304.909,79.849,108.031,0.299,0.404,3.119,4.22,0.312,0.422,1.615,2.186,0.078,0.106,0.07,0.094,0.051,0.069,10.023,13.561,0.0,0.0,Vegetarian,"Dairy, Gluten","maida, yeast, butter",15,40,Anuvaad Indian Nutrient Databank (INDB) 2024.11,"Section 3 (duplicate-profile fix): Butter Naan modeled as Naan plus a butter allowance, giving it meaningfully more fat than Plain Naan as expected. Components: Naan (90%) + butter (10%); INDB 2024.11 values are per 100 g and were converted to the CSV serving weight of 90 g. Range is a transparent prep-variability modeling band of ±15%; this range is not reported by INDB. Vitamin D = D2+D3; Vitamin K = K1+K2. Vitamin B12 is not present in the supplied INDB workbook and is therefore left TBD rather than fabricated.",Medium,,"Section 3: differentiated from a previously identical duplicate-profile group per audit Section C. | Section 4/5: ingredients compiled from standard/typical recipes (not from INDB); allergens derived programmatically from that ingredient list using the spec vocabulary (dairy/egg/gluten/nuts/groundnut/soy/fish/shellfish); vitamin_b12 is a category-level estimate from standard published B12 values for the dish's primary animal-protein/dairy component (not from INDB, which has no B12 column); price is a rough India-wide market estimate, not measured data. | Allergen audit: butter added -> Dairy included",Anuvaad Indian Nutrient Databank (INDB) 2024.11,"Section 3 (duplicate-profile fix): Butter Naan modeled as Naan plus a butter allowance, giving it meaningfully more fat than Plain Naan as expected. Components: Naan (90%) + butter (10%); INDB 2024.11 values are per 100 g and were converted to the CSV serving weight of 90 g. Range is a transparent prep-variability modeling band of ±15%; this range is not reported by INDB. Vitamin D = D2+D3; Vitamin K = K1+K2. Vitamin B12 is not present in the supplied INDB workbook and is therefore left TBD rather than fabricated.",Medium,N/A — no significant dietary B12 source,"Compiled ingredient list contains no meat, fish, egg, dairy solids, or fortified ingredient — only plant-based ingredients, and/or ghee/butter in amounts too small to contribute measurable B12 (B12 resides in milk solids/whey, not milk fat). Vitamin B12 is not naturally present in plant foods (USDA FoodData Central), so the value is retained at 0.0 rather than estimated.",High,PENDING_AUDIT,PENDING_AUDIT,PENDING_AUDIT,Close recipe,Naan (90%) + butter (10%),"prep-variability modeling band (internally generated, not source-reported)",15.0,No variants listed
FD201,Garlic Naan,,,Dinner Breads & Tiffin,Bread & Flatbread,1,piece,90,235.603,318.756,5.884,7.961,37.615,50.89,6.727,9.101,1.388,1.877,0.94,1.272,64.877,87.774,20.082,27.17,121.732,164.696,0.583,0.788,237.42,321.216,55.215,74.702,0.315,0.427,3.229,4.368,0.231,0.312,1.408,1.905,0.082,0.111,0.072,0.097,0.053,0.072,10.453,14.142,0.0,0.0,Vegetarian,"Dairy, Gluten","maida, yeast, garlic, butter",15,40,Anuvaad Indian Nutrient Databank (INDB) 2024.11,"Section 3 (duplicate-profile fix): Garlic Naan modeled as Naan plus a small garlic-ghee brushing allowance, between Plain and Butter Naan. Components: Naan (95%) + butter (5%); INDB 2024.11 values are per 100 g and were converted to the CSV serving weight of 90 g. Range is a transparent prep-variability modeling band of ±15%; this range is not reported by INDB. Vitamin D = D2+D3; Vitamin K = K1+K2. Vitamin B12 is not present in the supplied INDB workbook and is therefore left TBD rather than fabricated.",Medium,,"Section 3: differentiated from a previously identical duplicate-profile group per audit Section C. | Section 4/5: ingredients compiled from standard/typical recipes (not from INDB); allergens derived programmatically from that ingredient list using the spec vocabulary (dairy/egg/gluten/nuts/groundnut/soy/fish/shellfish); vitamin_b12 is a category-level estimate from standard published B12 values for the dish's primary animal-protein/dairy component (not from INDB, which has no B12 column); price is a rough India-wide market estimate, not measured data. | Allergen audit: butter added -> Dairy included",Anuvaad Indian Nutrient Databank (INDB) 2024.11,"Section 3 (duplicate-profile fix): Garlic Naan modeled as Naan plus a small garlic-ghee brushing allowance, between Plain and Butter Naan. Components: Naan (95%) + butter (5%); INDB 2024.11 values are per 100 g and were converted to the CSV serving weight of 90 g. Range is a transparent prep-variability modeling band of ±15%; this range is not reported by INDB. Vitamin D = D2+D3; Vitamin K = K1+K2. Vitamin B12 is not present in the supplied INDB workbook and is therefore left TBD rather than fabricated.",Medium,N/A — no significant dietary B12 source,"Compiled ingredient list contains no meat, fish, egg, dairy solids, or fortified ingredient — only plant-based ingredients, and/or ghee/butter in amounts too small to contribute measurable B12 (B12 resides in milk solids/whey, not milk fat). Vitamin B12 is not naturally present in plant foods (USDA FoodData Central), so the value is retained at 0.0 rather than estimated.",High,PENDING_AUDIT,PENDING_AUDIT,PENDING_AUDIT,Close recipe,Naan (95%) + butter (5%),"prep-variability modeling band (internally generated, not source-reported)",15.0,No variants listed
FD202,Cheese Naan,,,Dinner Breads & Tiffin,Bread & Flatbread,1,piece,90,219.732,297.284,6.993,9.461,32.228,43.603,6.847,9.264,1.139,1.541,0.839,1.135,145.078,196.282,19.792,26.777,129.488,175.19,0.896,1.213,388.134,525.123,60.879,82.366,0.259,0.35,2.654,3.591,0.167,0.226,1.188,1.608,0.071,0.096,0.1,0.135,0.052,0.071,11.012,14.899,0.151,0.205,Vegetarian,"Dairy, Gluten","maida, yeast, cheese",15,40,INDB 2024.11 (naan) + USDA (cheese),"Naan (real INDB entry, 78%) + processed cheese filling (USDA FoodData Central, cheddar/American-type, 22%), converted to serving weight. ""Processed cheese"" itself has no standalone INDB entry in this extract.",Medium,,"Section 3: differentiated from a previously identical duplicate-profile group per audit Section C. | Section 4/5: ingredients compiled from standard/typical recipes (not from INDB); allergens derived programmatically from that ingredient list using the spec vocabulary (dairy/egg/gluten/nuts/groundnut/soy/fish/shellfish); vitamin_b12 is a category-level estimate from standard published B12 values for the dish's primary animal-protein/dairy component (not from INDB, which has no B12 column); price is a rough India-wide market estimate, not measured data. | Audit-pass-2: re-sourced after INDB citation was found to not exist in the real dataset",INDB 2024.11 (naan) + USDA (cheese),"Naan (real INDB entry, 78%) + processed cheese filling (USDA FoodData Central, cheddar/American-type, 22%), converted to serving weight. ""Processed cheese"" itself has no standalone INDB entry in this extract.",Medium,USDA FoodData Central,"Category-level estimate: processed/cheddar-type cheese is the dish's primary dairy component. USDA value (~0.8-1.1 mcg/100g), scaled to a typical cheese-content fraction of this serving. Not from INDB.",Medium,PENDING_AUDIT,PENDING_AUDIT,PENDING_AUDIT,Ingredient composition,INDB 2024.11 (naan) + USDA (cheese),not specified,,No variants listed
FD203,Kulcha,Kulcha (plain),,Dinner Breads & Tiffin,Bread & Flatbread,1,piece,90,219.134,296.475,6.16,8.334,39.592,53.566,3.816,5.162,1.461,1.976,0.989,1.338,67.325,91.086,21.058,28.491,127.172,172.057,0.61,0.825,249.473,337.523,30.581,41.374,0.332,0.449,3.338,4.516,0.149,0.202,1.2,1.623,0.086,0.117,0.074,0.101,0.056,0.076,10.882,14.723,0.0,0.0,Vegetarian,"Dairy, Gluten","maida, yeast/baking soda, ghee",15,40,Anuvaad Indian Nutrient Databank (INDB) 2024.11,"Section 2 fix: Naan (100%); INDB 2024.11 values are per 100 g (commodity components use standard published composition) and were converted to the CSV serving weight of 90 g. Range is a transparent prep-variability modeling band of ±15%; this range is not reported by INDB. Vitamin D = D2+D3; Vitamin K = K1+K2. Vitamin B12 is not present in the supplied INDB workbook and is therefore left TBD rather than fabricated. Kulcha modeled on INDB Naan (same leavened refined-flour flatbread family), replacing the prior kulfi (frozen dessert) string-match error.",Medium,,"Section 2: re-derived from correct dish-level analogue (was: wrong-category/keyword-bug match per audit report). | Section 3: near-duplicate with a genuinely very similar bread accepted as plausible, not an error. | Section 4/5: ingredients compiled from standard/typical recipes (not from INDB); allergens derived programmatically from that ingredient list using the spec vocabulary (dairy/egg/gluten/nuts/groundnut/soy/fish/shellfish); vitamin_b12 is a category-level estimate from standard published B12 values for the dish's primary animal-protein/dairy component (not from INDB, which has no B12 column); price is a rough India-wide market estimate, not measured data. | Allergen audit: ghee added -> Dairy included",Anuvaad Indian Nutrient Databank (INDB) 2024.11,"Section 2 fix: Naan (100%); INDB 2024.11 values are per 100 g (commodity components use standard published composition) and were converted to the CSV serving weight of 90 g. Range is a transparent prep-variability modeling band of ±15%; this range is not reported by INDB. Vitamin D = D2+D3; Vitamin K = K1+K2. Vitamin B12 is not present in the supplied INDB workbook and is therefore left TBD rather than fabricated. Kulcha modeled on INDB Naan (same leavened refined-flour flatbread family), replacing the prior kulfi (frozen dessert) string-match error.",Medium,N/A — no significant dietary B12 source,"Compiled ingredient list contains no meat, fish, egg, dairy solids, or fortified ingredient — only plant-based ingredients, and/or ghee/butter in amounts too small to contribute measurable B12 (B12 resides in milk solids/whey, not milk fat). Vitamin B12 is not naturally present in plant foods (USDA FoodData Central), so the value is retained at 0.0 rather than estimated.",High,PENDING_AUDIT,PENDING_AUDIT,PENDING_AUDIT,Ingredient composition,Naan (100%),"prep-variability modeling band (internally generated, not source-reported)",15.0,No variants listed
FD204,Amritsari Kulcha,,,Dinner Breads & Tiffin,Bread & Flatbread,1,piece,90,188.66,282.99,4.857,7.286,31.251,46.876,4.721,7.082,1.864,2.796,0.981,1.471,48.11,72.165,23.834,35.751,142.726,214.088,0.607,0.91,191.835,287.752,20.147,30.221,2.064,3.096,3.067,4.601,1.145,1.718,1.744,2.617,0.088,0.132,0.06,0.09,0.062,0.093,10.63,15.946,0.0,0.0,Vegetarian,"Dairy, Gluten","maida, potato filling, spices, ghee",15,40,Anuvaad Indian Nutrient Databank (INDB) 2024.11,"Section 2 fix: Naan (70%) + Potato parantha/paratha (Aloo ka parantha/paratha) (30%); INDB 2024.11 values are per 100 g (commodity components use standard published composition) and were converted to the CSV serving weight of 90 g. Range is a transparent prep-variability modeling band of ±20%; this range is not reported by INDB. Vitamin D = D2+D3; Vitamin K = K1+K2. Vitamin B12 is not present in the supplied INDB workbook and is therefore left TBD rather than fabricated. Amritsari Kulcha modeled as a naan-family bread base plus a spiced-potato-stuffing component, replacing the prior navratan pulao mismatch.",Low,,"Section 2: re-derived from correct dish-level analogue (was: wrong-category/keyword-bug match per audit report). | Section 4/5: ingredients compiled from standard/typical recipes (not from INDB); allergens derived programmatically from that ingredient list using the spec vocabulary (dairy/egg/gluten/nuts/groundnut/soy/fish/shellfish); vitamin_b12 is a category-level estimate from standard published B12 values for the dish's primary animal-protein/dairy component (not from INDB, which has no B12 column); price is a rough India-wide market estimate, not measured data. | Allergen audit: ghee added -> Dairy included",Anuvaad Indian Nutrient Databank (INDB) 2024.11,"Section 2 fix: Naan (70%) + Potato parantha/paratha (Aloo ka parantha/paratha) (30%); INDB 2024.11 values are per 100 g (commodity components use standard published composition) and were converted to the CSV serving weight of 90 g. Range is a transparent prep-variability modeling band of ±20%; this range is not reported by INDB. Vitamin D = D2+D3; Vitamin K = K1+K2. Vitamin B12 is not present in the supplied INDB workbook and is therefore left TBD rather than fabricated. Amritsari Kulcha modeled as a naan-family bread base plus a spiced-potato-stuffing component, replacing the prior navratan pulao mismatch.",Low,N/A — no significant dietary B12 source,"Compiled ingredient list contains no meat, fish, egg, dairy solids, or fortified ingredient — only plant-based ingredients, and/or ghee/butter in amounts too small to contribute measurable B12 (B12 resides in milk solids/whey, not milk fat). Vitamin B12 is not naturally present in plant foods (USDA FoodData Central), so the value is retained at 0.0 rather than estimated.",High,PENDING_AUDIT,PENDING_AUDIT,PENDING_AUDIT,Ingredient composition,Naan (70%) + Potato parantha/paratha (Aloo ka parantha/paratha) (30%),"prep-variability modeling band (internally generated, not source-reported)",20.0,No variants listed
FD205,Kerala Parotta,"Kerala Porotta, Malabar Parotta",,Dinner Breads & Tiffin,Bread & Flatbread,1,piece,90,250.952,376.428,3.277,4.915,19.452,29.178,17.688,26.533,3.443,5.164,1.255,1.882,11.46,17.19,38.129,57.193,96.41,144.614,0.872,1.307,40.276,60.413,59.098,88.646,0.0,0.0,4.2,6.299,5.313,7.97,1.704,2.556,0.128,0.192,0.048,0.073,0.076,0.114,9.114,13.671,0.0,0.0,Vegetarian,Gluten,"maida, oil",15,40,Anuvaad Indian Nutrient Databank (INDB) 2024.11,"Section 3 (follow-up): Kerala Parotta modeled as a paratha base plus extra ghee/oil for its characteristic refined-flour, heavily-layered richness, differentiating it from the leaner whole-wheat Wheat Parotta (FD206), which shares the same base analogue. INDB 2024.11 values per 100g converted to 90g serving; band ±20%. Vitamin D=D2+D3; Vitamin K=K1+K2. Vitamin B12 not present in supplied workbook, left TBD.",Low,,"Section 2: re-derived from correct dish-level analogue (was: wrong-category/keyword-bug match per audit report). | Section 3 follow-up: resolved self-introduced duplicate. | Section 4/5: ingredients compiled from standard/typical recipes (not from INDB); allergens derived programmatically from that ingredient list using the spec vocabulary (dairy/egg/gluten/nuts/groundnut/soy/fish/shellfish); vitamin_b12 is a category-level estimate from standard published B12 values for the dish's primary animal-protein/dairy component (not from INDB, which has no B12 column); price is a rough India-wide market estimate, not measured data.",Anuvaad Indian Nutrient Databank (INDB) 2024.11,"Section 3 (follow-up): Kerala Parotta modeled as a paratha base plus extra ghee/oil for its characteristic refined-flour, heavily-layered richness, differentiating it from the leaner whole-wheat Wheat Parotta (FD206), which shares the same base analogue. INDB 2024.11 values per 100g converted to 90g serving; band ±20%. Vitamin D=D2+D3; Vitamin K=K1+K2. Vitamin B12 not present in supplied workbook, left TBD.",Low,N/A — no significant dietary B12 source,"Compiled ingredient list contains no meat, fish, egg, dairy solids, or fortified ingredient — only plant-based ingredients, and/or ghee/butter in amounts too small to contribute measurable B12 (B12 resides in milk solids/whey, not milk fat). Vitamin B12 is not naturally present in plant foods (USDA FoodData Central), so the value is retained at 0.0 rather than estimated.",High,PENDING_AUDIT,PENDING_AUDIT,PENDING_AUDIT,Close recipe,Anuvaad Indian Nutrient Databank (INDB) 2024.11,"prep-variability modeling band (internally generated, not source-reported)",20.0,No variants listed
FD206,Wheat Parotta,,,Dinner Breads & Tiffin,Bread & Flatbread,1,piece,90,228.2,308.741,3.868,5.233,23.48,31.767,12.897,17.448,4.157,5.624,1.513,2.047,11.333,15.333,45.828,62.002,113.9,154.1,1.043,1.411,47.481,64.239,0.0,0.0,0.0,0.0,4.914,6.648,6.173,8.352,1.327,1.795,0.154,0.208,0.055,0.074,0.091,0.124,10.692,14.465,0.0,0.0,Vegetarian,Gluten,"whole wheat flour, oil",15,40,Anuvaad Indian Nutrient Databank (INDB) 2024.11,"Section 2 fix: Plain parantha/paratha (100%); INDB 2024.11 values are per 100 g (commodity components use standard published composition) and were converted to the CSV serving weight of 90 g. Range is a transparent prep-variability modeling band of ±15%; this range is not reported by INDB. Vitamin D = D2+D3; Vitamin K = K1+K2. Vitamin B12 is not present in the supplied INDB workbook and is therefore left TBD rather than fabricated. Wheat Parotta modeled on INDB Plain parantha (same layered wheat-flour flatbread family), replacing the prior wheat-cake mismatch.",Medium,,"Section 2: re-derived from correct dish-level analogue (was: wrong-category/keyword-bug match per audit report). | Section 4/5: ingredients compiled from standard/typical recipes (not from INDB); allergens derived programmatically from that ingredient list using the spec vocabulary (dairy/egg/gluten/nuts/groundnut/soy/fish/shellfish); vitamin_b12 is a category-level estimate from standard published B12 values for the dish's primary animal-protein/dairy component (not from INDB, which has no B12 column); price is a rough India-wide market estimate, not measured data.",Anuvaad Indian Nutrient Databank (INDB) 2024.11,"Section 2 fix: Plain parantha/paratha (100%); INDB 2024.11 values are per 100 g (commodity components use standard published composition) and were converted to the CSV serving weight of 90 g. Range is a transparent prep-variability modeling band of ±15%; this range is not reported by INDB. Vitamin D = D2+D3; Vitamin K = K1+K2. Vitamin B12 is not present in the supplied INDB workbook and is therefore left TBD rather than fabricated. Wheat Parotta modeled on INDB Plain parantha (same layered wheat-flour flatbread family), replacing the prior wheat-cake mismatch.",Medium,N/A — no significant dietary B12 source,"Compiled ingredient list contains no meat, fish, egg, dairy solids, or fortified ingredient — only plant-based ingredients, and/or ghee/butter in amounts too small to contribute measurable B12 (B12 resides in milk solids/whey, not milk fat). Vitamin B12 is not naturally present in plant foods (USDA FoodData Central), so the value is retained at 0.0 rather than estimated.",High,PENDING_AUDIT,PENDING_AUDIT,PENDING_AUDIT,Ingredient composition,Plain parantha/paratha (100%),"prep-variability modeling band (internally generated, not source-reported)",15.0,No variants listed
FD207,Kothu Parotta,,,Dinner Breads & Tiffin,Bread & Flatbread,1,piece,90,209.184,313.777,4.635,6.953,15.608,23.412,14.056,21.085,2.764,4.145,1.288,1.932,17.921,26.882,32.399,48.599,99.681,149.521,0.881,1.322,80.137,120.205,29.908,44.862,0.046,0.068,3.384,5.076,6.309,9.463,3.467,5.201,0.111,0.167,0.067,0.101,0.086,0.128,14.669,22.004,0.35,0.6,Vegetarian,"Egg, Gluten","chopped parotta (maida), egg, onion, spices, oil",17,46,Anuvaad Indian Nutrient Databank (INDB) 2024.11,"Section 2 fix: Plain parantha/paratha (70%) + Plain omelette/omlet (30%); INDB 2024.11 values are per 100 g (commodity components use standard published composition) and were converted to the CSV serving weight of 90 g. Range is a transparent prep-variability modeling band of ±20%; this range is not reported by INDB. Vitamin D = D2+D3; Vitamin K = K1+K2. Vitamin B12 is not present in the supplied INDB workbook and is therefore left TBD rather than fabricated. Kothu Parotta modeled as chopped parotta stir-fried with egg (the common version); a fully vegetarian version would omit the egg component, replacing the prior raita mismatch.",Low,,"Section 2: re-derived from correct dish-level analogue (was: wrong-category/keyword-bug match per audit report). | Section 4/5: ingredients compiled from standard/typical recipes (not from INDB); allergens derived programmatically from that ingredient list using the spec vocabulary (dairy/egg/gluten/nuts/groundnut/soy/fish/shellfish); vitamin_b12 is a category-level estimate from standard published B12 values for the dish's primary animal-protein/dairy component (not from INDB, which has no B12 column); price is a rough India-wide market estimate, not measured data.",Anuvaad Indian Nutrient Databank (INDB) 2024.11,"Section 2 fix: Plain parantha/paratha (70%) + Plain omelette/omlet (30%); INDB 2024.11 values are per 100 g (commodity components use standard published composition) and were converted to the CSV serving weight of 90 g. Range is a transparent prep-variability modeling band of ±20%; this range is not reported by INDB. Vitamin D = D2+D3; Vitamin K = K1+K2. Vitamin B12 is not present in the supplied INDB workbook and is therefore left TBD rather than fabricated. Kothu Parotta modeled as chopped parotta stir-fried with egg (the common version); a fully vegetarian version would omit the egg component, replacing the prior raita mismatch.",Low,USDA FoodData Central,"Category-level estimate: egg is the dish's primary animal-protein component. USDA value for egg, whole, cooked (~0.5-0.6 mcg per 50g large egg, ~1.1 mcg/100g), scaled to a typical egg-content fraction of this serving. Not from INDB (INDB has no B12 column).",Medium,PENDING_AUDIT,PENDING_AUDIT,PENDING_AUDIT,Ingredient composition,Plain parantha/paratha (70%) + Plain omelette/omlet (30%),"prep-variability modeling band (internally generated, not source-reported)",20.0,No variants listed
FD208,Lachha Paratha,Laccha Paratha,,Dinner Breads & Tiffin,Bread & Flatbread,1,piece,90,228.2,308.741,3.868,5.233,23.48,31.767,12.897,17.448,4.157,5.624,1.513,2.047,11.333,15.333,45.828,62.002,113.9,154.1,1.043,1.411,47.481,64.239,0.0,0.0,0.0,0.0,4.914,6.648,6.173,8.352,1.327,1.795,0.154,0.208,0.055,0.074,0.091,0.124,10.692,14.465,0.0,0.0,Vegetarian,"Dairy, Gluten","whole wheat flour/maida, ghee",15,40,Anuvaad Indian Nutrient Databank (INDB) 2024.11,"Section 3 (duplicate-profile fix): Lachha Paratha modeled directly on INDB Plain parantha (layered, unfilled), now distinct from the filled Sattu Paratha above. Components: Plain parantha/paratha (100%); INDB 2024.11 values are per 100 g and were converted to the CSV serving weight of 90 g. Range is a transparent prep-variability modeling band of ±15%; this range is not reported by INDB. Vitamin D = D2+D3; Vitamin K = K1+K2. Vitamin B12 is not present in the supplied INDB workbook and is therefore left TBD rather than fabricated.",Medium,,"Section 3: differentiated from a previously identical duplicate-profile group per audit Section C. | Section 4/5: ingredients compiled from standard/typical recipes (not from INDB); allergens derived programmatically from that ingredient list using the spec vocabulary (dairy/egg/gluten/nuts/groundnut/soy/fish/shellfish); vitamin_b12 is a category-level estimate from standard published B12 values for the dish's primary animal-protein/dairy component (not from INDB, which has no B12 column); price is a rough India-wide market estimate, not measured data. | Allergen audit: ghee added -> Dairy included",Anuvaad Indian Nutrient Databank (INDB) 2024.11,"Section 3 (duplicate-profile fix): Lachha Paratha modeled directly on INDB Plain parantha (layered, unfilled), now distinct from the filled Sattu Paratha above. Components: Plain parantha/paratha (100%); INDB 2024.11 values are per 100 g and were converted to the CSV serving weight of 90 g. Range is a transparent prep-variability modeling band of ±15%; this range is not reported by INDB. Vitamin D = D2+D3; Vitamin K = K1+K2. Vitamin B12 is not present in the supplied INDB workbook and is therefore left TBD rather than fabricated.",Medium,N/A — no significant dietary B12 source,"Compiled ingredient list contains no meat, fish, egg, dairy solids, or fortified ingredient — only plant-based ingredients, and/or ghee/butter in amounts too small to contribute measurable B12 (B12 resides in milk solids/whey, not milk fat). Vitamin B12 is not naturally present in plant foods (USDA FoodData Central), so the value is retained at 0.0 rather than estimated.",High,PENDING_AUDIT,PENDING_AUDIT,PENDING_AUDIT,Close recipe,Plain parantha/paratha (100%),"prep-variability modeling band (internally generated, not source-reported)",15.0,No variants listed
FD209,Missi Roti,,,Dinner Breads & Tiffin,Bread & Flatbread,1,piece,90,230.011,281.124,7.438,9.091,32.423,39.628,7.475,9.136,7.054,8.622,3.117,3.809,43.269,52.884,92.755,113.367,389.87,476.508,1.706,2.086,126.304,154.372,0.0,0.0,6.5,7.944,6.54,7.993,3.275,4.003,72.438,88.535,0.258,0.316,0.11,0.135,0.18,0.22,57.793,70.636,0.0,0.0,Vegetarian,Gluten,"gram flour, wheat flour, spices",15,40,Anuvaad Indian Nutrient Databank (INDB) 2024.11,Direct INDB equivalent: Soya roti; INDB 2024.11 values are per 100 g and were converted to the CSV serving weight of 90 g. Range is a transparent prep-variability modeling band of ±10%; this range is not reported by INDB. Vitamin D = D2+D3; Vitamin K = K1+K2. Vitamin B12 is not present in the supplied INDB workbook and is therefore left TBD rather than fabricated.,High,,"Section 4/5: ingredients compiled from standard/typical recipes (not from INDB); allergens derived programmatically from that ingredient list using the spec vocabulary (dairy/egg/gluten/nuts/groundnut/soy/fish/shellfish); vitamin_b12 is a category-level estimate from standard published B12 values for the dish's primary animal-protein/dairy component (not from INDB, which has no B12 column); price is a rough India-wide market estimate, not measured data.",Anuvaad Indian Nutrient Databank (INDB) 2024.11,Direct INDB equivalent: Soya roti; INDB 2024.11 values are per 100 g and were converted to the CSV serving weight of 90 g. Range is a transparent prep-variability modeling band of ±10%; this range is not reported by INDB. Vitamin D = D2+D3; Vitamin K = K1+K2. Vitamin B12 is not present in the supplied INDB workbook and is therefore left TBD rather than fabricated.,High,N/A — no significant dietary B12 source,"Compiled ingredient list contains no meat, fish, egg, dairy solids, or fortified ingredient — only plant-based ingredients, and/or ghee/butter in amounts too small to contribute measurable B12 (B12 resides in milk solids/whey, not milk fat). Vitamin B12 is not naturally present in plant foods (USDA FoodData Central), so the value is retained at 0.0 rather than estimated.",High,PENDING_AUDIT,PENDING_AUDIT,PENDING_AUDIT,Exact,Soya roti,"prep-variability modeling band (internally generated, not source-reported)",10.0,No variants listed
FD210,Bajra Roti,Bajri Roti,,Dinner Breads & Tiffin,Bread & Flatbread,1,piece,90,190.057,285.086,2.515,3.772,17.418,26.127,12.132,18.197,3.738,5.607,0.802,1.202,10.629,15.943,38.53,57.795,110.012,165.018,0.596,0.894,170.078,255.118,105.433,158.15,1.686,2.53,8.543,12.814,0.751,1.127,0.847,1.271,0.086,0.128,0.025,0.037,0.092,0.138,9.079,13.618,0.0,0.0,Vegetarian,,"pearl millet (bajra) flour, water, salt",15,40,Anuvaad Indian Nutrient Databank (INDB) 2024.11,"Section 2 fix: Makki ki roti (100%); INDB 2024.11 values are per 100 g (commodity components use standard published composition) and were converted to the CSV serving weight of 90 g. Range is a transparent prep-variability modeling band of ±20%; this range is not reported by INDB. Vitamin D = D2+D3; Vitamin K = K1+K2. Vitamin B12 is not present in the supplied INDB workbook and is therefore left TBD rather than fabricated. Bajra Roti modeled on INDB Makki ki roti (closest available coarse-grain unleavened flatbread; no bajra-specific entry exists), replacing the prior bajra-ladoo (sweet) mismatch.",Low,,"Section 2: re-derived from correct dish-level analogue (was: wrong-category/keyword-bug match per audit report). | Section 4/5: ingredients compiled from standard/typical recipes (not from INDB); allergens derived programmatically from that ingredient list using the spec vocabulary (dairy/egg/gluten/nuts/groundnut/soy/fish/shellfish); vitamin_b12 is a category-level estimate from standard published B12 values for the dish's primary animal-protein/dairy component (not from INDB, which has no B12 column); price is a rough India-wide market estimate, not measured data.",Anuvaad Indian Nutrient Databank (INDB) 2024.11,"Section 2 fix: Makki ki roti (100%); INDB 2024.11 values are per 100 g (commodity components use standard published composition) and were converted to the CSV serving weight of 90 g. Range is a transparent prep-variability modeling band of ±20%; this range is not reported by INDB. Vitamin D = D2+D3; Vitamin K = K1+K2. Vitamin B12 is not present in the supplied INDB workbook and is therefore left TBD rather than fabricated. Bajra Roti modeled on INDB Makki ki roti (closest available coarse-grain unleavened flatbread; no bajra-specific entry exists), replacing the prior bajra-ladoo (sweet) mismatch.",Low,N/A — no significant dietary B12 source,"Compiled ingredient list contains no meat, fish, egg, dairy solids, or fortified ingredient — only plant-based ingredients, and/or ghee/butter in amounts too small to contribute measurable B12 (B12 resides in milk solids/whey, not milk fat). Vitamin B12 is not naturally present in plant foods (USDA FoodData Central), so the value is retained at 0.0 rather than estimated.",High,PENDING_AUDIT,PENDING_AUDIT,PENDING_AUDIT,Ingredient composition,Makki ki roti (100%),"prep-variability modeling band (internally generated, not source-reported)",20.0,No variants listed
FD211,Jowar Roti,Jolada Rotti,,Dinner Breads & Tiffin,Bread & Flatbread,1,piece,90,191.676,319.459,6.199,10.331,27.019,45.032,6.229,10.382,5.878,9.797,2.597,4.329,36.058,60.096,77.296,128.826,324.892,541.486,1.422,2.37,105.254,175.423,0.0,0.0,5.417,9.028,5.45,9.083,2.729,4.548,60.365,100.608,0.215,0.359,0.092,0.153,0.15,0.25,48.161,80.268,0.0,0.0,Vegetarian,,"sorghum (jowar) flour, water, salt",15,40,Anuvaad Indian Nutrient Databank (INDB) 2024.11,Closest INDB analogue: Soya roti; INDB 2024.11 values are per 100 g and were converted to the CSV serving weight of 90 g. Range is a transparent prep-variability modeling band of ±25%; this range is not reported by INDB. Vitamin D = D2+D3; Vitamin K = K1+K2. Vitamin B12 is not present in the supplied INDB workbook and is therefore left TBD rather than fabricated.,Low,,"Section 4/5: ingredients compiled from standard/typical recipes (not from INDB); allergens derived programmatically from that ingredient list using the spec vocabulary (dairy/egg/gluten/nuts/groundnut/soy/fish/shellfish); vitamin_b12 is a category-level estimate from standard published B12 values for the dish's primary animal-protein/dairy component (not from INDB, which has no B12 column); price is a rough India-wide market estimate, not measured data.",Anuvaad Indian Nutrient Databank (INDB) 2024.11,Closest INDB analogue: Soya roti; INDB 2024.11 values are per 100 g and were converted to the CSV serving weight of 90 g. Range is a transparent prep-variability modeling band of ±25%; this range is not reported by INDB. Vitamin D = D2+D3; Vitamin K = K1+K2. Vitamin B12 is not present in the supplied INDB workbook and is therefore left TBD rather than fabricated.,Low,N/A — no significant dietary B12 source,"Compiled ingredient list contains no meat, fish, egg, dairy solids, or fortified ingredient — only plant-based ingredients, and/or ghee/butter in amounts too small to contribute measurable B12 (B12 resides in milk solids/whey, not milk fat). Vitamin B12 is not naturally present in plant foods (USDA FoodData Central), so the value is retained at 0.0 rather than estimated.",High,PENDING_AUDIT,PENDING_AUDIT,PENDING_AUDIT,Close recipe,Soya roti,"prep-variability modeling band (internally generated, not source-reported)",25.0,No variants listed
FD212,Rumali Roti,,,Dinner Breads & Tiffin,Bread & Flatbread,1,piece,90,178.179,296.964,2.357,3.929,16.33,27.216,11.373,18.956,3.504,5.841,0.752,1.253,9.965,16.608,36.122,60.203,103.136,171.893,0.559,0.931,159.449,265.748,98.844,164.74,1.581,2.635,8.009,13.348,0.704,1.173,0.794,1.324,0.08,0.134,0.023,0.038,0.087,0.144,8.511,14.186,0.0,0.0,Vegetarian,Gluten,"maida, water, salt",15,40,Anuvaad Indian Nutrient Databank (INDB) 2024.11,Closest INDB analogue: Makki ki roti; INDB 2024.11 values are per 100 g and were converted to the CSV serving weight of 90 g. Range is a transparent prep-variability modeling band of ±25%; this range is not reported by INDB. Vitamin D = D2+D3; Vitamin K = K1+K2. Vitamin B12 is not present in the supplied INDB workbook and is therefore left TBD rather than fabricated.,Low,,"Section 4/5: ingredients compiled from standard/typical recipes (not from INDB); allergens derived programmatically from that ingredient list using the spec vocabulary (dairy/egg/gluten/nuts/groundnut/soy/fish/shellfish); vitamin_b12 is a category-level estimate from standard published B12 values for the dish's primary animal-protein/dairy component (not from INDB, which has no B12 column); price is a rough India-wide market estimate, not measured data.",Anuvaad Indian Nutrient Databank (INDB) 2024.11,Closest INDB analogue: Makki ki roti; INDB 2024.11 values are per 100 g and were converted to the CSV serving weight of 90 g. Range is a transparent prep-variability modeling band of ±25%; this range is not reported by INDB. Vitamin D = D2+D3; Vitamin K = K1+K2. Vitamin B12 is not present in the supplied INDB workbook and is therefore left TBD rather than fabricated.,Low,N/A — no significant dietary B12 source,"Compiled ingredient list contains no meat, fish, egg, dairy solids, or fortified ingredient — only plant-based ingredients, and/or ghee/butter in amounts too small to contribute measurable B12 (B12 resides in milk solids/whey, not milk fat). Vitamin B12 is not naturally present in plant foods (USDA FoodData Central), so the value is retained at 0.0 rather than estimated.",High,PENDING_AUDIT,PENDING_AUDIT,PENDING_AUDIT,Close recipe,Makki ki roti,"prep-variability modeling band (internally generated, not source-reported)",25.0,No variants listed
FD213,Sheermal,,,Dinner Breads & Tiffin,Bread & Flatbread,1,piece,90,203.619,305.429,5.239,7.859,38.217,57.325,3.239,4.859,1.309,1.964,0.859,1.289,57.748,86.622,18.054,27.081,110.602,165.904,0.52,0.78,212.399,318.598,26.048,39.072,0.497,0.746,2.828,4.242,0.127,0.19,1.088,1.633,0.073,0.11,0.063,0.095,0.048,0.072,9.362,14.043,0.05,0.15,Vegetarian,"Dairy, Gluten","maida, milk, sugar, saffron, ghee",15,40,Anuvaad Indian Nutrient Databank (INDB) 2024.11,"Section 2 fix: Naan (90%) + jam (10%); INDB 2024.11 values are per 100 g (commodity components use standard published composition) and were converted to the CSV serving weight of 90 g. Range is a transparent prep-variability modeling band of ±20%; this range is not reported by INDB. Vitamin D = D2+D3; Vitamin K = K1+K2. Vitamin B12 is not present in the supplied INDB workbook and is therefore left TBD rather than fabricated. Sheermal modeled on INDB Naan (enriched leavened flatbread) with a small sugar/milk-enrichment allowance for its saffron-milk glaze, replacing the prior fox-nut-milk-pudding mismatch.",Low,,"Section 2: re-derived from correct dish-level analogue (was: wrong-category/keyword-bug match per audit report). | Section 4/5: ingredients compiled from standard/typical recipes (not from INDB); allergens derived programmatically from that ingredient list using the spec vocabulary (dairy/egg/gluten/nuts/groundnut/soy/fish/shellfish); vitamin_b12 is a category-level estimate from standard published B12 values for the dish's primary animal-protein/dairy component (not from INDB, which has no B12 column); price is a rough India-wide market estimate, not measured data.",Anuvaad Indian Nutrient Databank (INDB) 2024.11,"Section 2 fix: Naan (90%) + jam (10%); INDB 2024.11 values are per 100 g (commodity components use standard published composition) and were converted to the CSV serving weight of 90 g. Range is a transparent prep-variability modeling band of ±20%; this range is not reported by INDB. Vitamin D = D2+D3; Vitamin K = K1+K2. Vitamin B12 is not present in the supplied INDB workbook and is therefore left TBD rather than fabricated. Sheermal modeled on INDB Naan (enriched leavened flatbread) with a small sugar/milk-enrichment allowance for its saffron-milk glaze, replacing the prior fox-nut-milk-pudding mismatch.",Low,USDA FoodData Central,"Category-level estimate: curd/yogurt or milk is the dish's primary (or only) dairy component. USDA values for plain curd/yogurt and whole milk (~0.4-0.6 mcg/100g), scaled to a typical dairy-content fraction of this serving. Not from INDB.",Medium,PENDING_AUDIT,PENDING_AUDIT,PENDING_AUDIT,Ingredient composition,Naan (90%) + jam (10%),"prep-variability modeling band (internally generated, not source-reported)",20.0,No variants listed
FD214,Bhakri,,,Dinner Breads & Tiffin,Bread & Flatbread,1,piece,90,145.664,218.496,4.23,6.345,25.668,38.502,2.564,3.846,4.544,6.816,1.64,2.46,12.396,18.594,50.0,75.0,124.4,186.6,1.14,1.71,0.836,1.254,18.44,27.66,0.0,0.0,5.372,8.058,0.219,0.329,0.6,0.9,0.168,0.252,0.06,0.09,0.1,0.15,11.688,17.532,0.0,0.0,Vegetarian,,"jowar/bajra flour, water, salt",15,40,Anuvaad Indian Nutrient Databank (INDB) 2024.11,"Section 2 fix: Chapati/Roti (100%); INDB 2024.11 values are per 100 g (commodity components use standard published composition) and were converted to the CSV serving weight of 90 g. Range is a transparent prep-variability modeling band of ±20%; this range is not reported by INDB. Vitamin D = D2+D3; Vitamin K = K1+K2. Vitamin B12 is not present in the supplied INDB workbook and is therefore left TBD rather than fabricated. Bhakri modeled on INDB Chapati/Roti (closest available unleavened flatbread; no jowar/bajra-specific entry exists), replacing the prior unclear ""Rasbhari"" mismatch.",Low,,"Section 2: re-derived from correct dish-level analogue (was: wrong-category/keyword-bug match per audit report). | Section 4/5: ingredients compiled from standard/typical recipes (not from INDB); allergens derived programmatically from that ingredient list using the spec vocabulary (dairy/egg/gluten/nuts/groundnut/soy/fish/shellfish); vitamin_b12 is a category-level estimate from standard published B12 values for the dish's primary animal-protein/dairy component (not from INDB, which has no B12 column); price is a rough India-wide market estimate, not measured data.",Anuvaad Indian Nutrient Databank (INDB) 2024.11,"Section 2 fix: Chapati/Roti (100%); INDB 2024.11 values are per 100 g (commodity components use standard published composition) and were converted to the CSV serving weight of 90 g. Range is a transparent prep-variability modeling band of ±20%; this range is not reported by INDB. Vitamin D = D2+D3; Vitamin K = K1+K2. Vitamin B12 is not present in the supplied INDB workbook and is therefore left TBD rather than fabricated. Bhakri modeled on INDB Chapati/Roti (closest available unleavened flatbread; no jowar/bajra-specific entry exists), replacing the prior unclear ""Rasbhari"" mismatch.",Low,N/A — no significant dietary B12 source,"Compiled ingredient list contains no meat, fish, egg, dairy solids, or fortified ingredient — only plant-based ingredients, and/or ghee/butter in amounts too small to contribute measurable B12 (B12 resides in milk solids/whey, not milk fat). Vitamin B12 is not naturally present in plant foods (USDA FoodData Central), so the value is retained at 0.0 rather than estimated.",High,PENDING_AUDIT,PENDING_AUDIT,PENDING_AUDIT,Ingredient composition,Chapati/Roti (100%),"prep-variability modeling band (internally generated, not source-reported)",20.0,No variants listed
FD215,Litti,Litti Chokha,Baati,Dinner Breads & Tiffin,Bread & Flatbread,1,piece,90,167.113,250.67,4.23,6.345,22.824,34.236,6.52,9.78,3.25,4.875,1.177,1.766,29.735,44.603,35.887,53.831,111.577,167.366,0.843,1.265,4.936,7.404,46.816,70.224,0.322,0.482,3.286,4.929,0.536,0.804,0.786,1.178,0.13,0.196,0.062,0.092,0.088,0.133,17.02,25.53,0.0,0.0,Vegetarian,"Dairy, Gluten","wheat flour, roasted gram flour (sattu), ghee",15,40,Anuvaad Indian Nutrient Databank (INDB) 2024.11,"Section 2 fix: Chapati/Roti (60%) + Gram flour halwa (Besan halwa) (40%); INDB 2024.11 values are per 100 g (commodity components use standard published composition) and were converted to the CSV serving weight of 90 g. Range is a transparent prep-variability modeling band of ±20%; this range is not reported by INDB. Vitamin D = D2+D3; Vitamin K = K1+K2. Vitamin B12 is not present in the supplied INDB workbook and is therefore left TBD rather than fabricated. Litti modeled as a wheat-dough component plus a roasted-gram-flour-and-ghee component (litti stuffing has no added sugar, unlike the halwa proxy, so treat carbohydrate as an overestimate), replacing the prior idli mismatch.",Low,"Litti is stuffed with sattu; baati is a plain baked wheat ball, usually dunked in ghee. Protein (filling) and fat differ. Consider splitting out.","Section 6: boilerplate variant_review_notes replaced with dish-specific note | Section 2: re-derived from correct dish-level analogue (was: wrong-category/keyword-bug match per audit report). | Section 4/5: ingredients compiled from standard/typical recipes (not from INDB); allergens derived programmatically from that ingredient list using the spec vocabulary (dairy/egg/gluten/nuts/groundnut/soy/fish/shellfish); vitamin_b12 is a category-level estimate from standard published B12 values for the dish's primary animal-protein/dairy component (not from INDB, which has no B12 column); price is a rough India-wide market estimate, not measured data. | Allergen audit: ghee added -> Dairy included",Anuvaad Indian Nutrient Databank (INDB) 2024.11,"Section 2 fix: Chapati/Roti (60%) + Gram flour halwa (Besan halwa) (40%); INDB 2024.11 values are per 100 g (commodity components use standard published composition) and were converted to the CSV serving weight of 90 g. Range is a transparent prep-variability modeling band of ±20%; this range is not reported by INDB. Vitamin D = D2+D3; Vitamin K = K1+K2. Vitamin B12 is not present in the supplied INDB workbook and is therefore left TBD rather than fabricated. Litti modeled as a wheat-dough component plus a roasted-gram-flour-and-ghee component (litti stuffing has no added sugar, unlike the halwa proxy, so treat carbohydrate as an overestimate), replacing the prior idli mismatch.",Low,N/A — no significant dietary B12 source,"Compiled ingredient list contains no meat, fish, egg, dairy solids, or fortified ingredient — only plant-based ingredients, and/or ghee/butter in amounts too small to contribute measurable B12 (B12 resides in milk solids/whey, not milk fat). Vitamin B12 is not naturally present in plant foods (USDA FoodData Central), so the value is retained at 0.0 rather than estimated.",High,PENDING_AUDIT,PENDING_AUDIT,PENDING_AUDIT,Ingredient composition,Chapati/Roti (60%) + Gram flour halwa (Besan halwa) (40%),"prep-variability modeling band (internally generated, not source-reported)",20.0,"Reviewed — distinct variant, split recommended"
FD216,Bengali Khichuri,Khichuri,Bhoger Khichuri (festive style),Dinner Breads & Tiffin,Bread & Flatbread,1,piece,90,293.249,396.749,8.26,11.175,49.754,67.314,6.372,8.621,3.449,4.667,2.11,2.855,38.6,52.223,76.567,103.591,356.337,482.103,1.111,1.503,9.436,12.766,0.0,0.0,0.0,0.0,1.351,1.828,0.709,0.959,1.476,1.998,0.175,0.237,0.048,0.065,0.28,0.379,27.238,36.851,0.0,0.0,Vegetarian,Dairy,"rice, moong dal, mixed vegetables, ghee, spices",15,40,Anuvaad Indian Nutrient Databank (INDB) 2024.11,"Section 2 fix: Rice dal porridge (Chawal dal ki khichdi/khichri) (100%); INDB 2024.11 values are per 100 g (commodity components use standard published composition) and were converted to the CSV serving weight of 90 g. Range is a transparent prep-variability modeling band of ±15%; this range is not reported by INDB. Vitamin D = D2+D3; Vitamin K = K1+K2. Vitamin B12 is not present in the supplied INDB workbook and is therefore left TBD rather than fabricated. Bengali Khichuri modeled directly on INDB rice-dal porridge/khichdi (same dish family), replacing the prior Bengal fish curry mismatch.",Medium,The festive/temple-style version is typically made with more ghee and a richer vegetable mix than an everyday khichuri; likely higher fat for the same base grains. Consider splitting out.,"Section 2: re-derived from correct dish-level analogue (was: wrong-category/keyword-bug match per audit report). | Section 4/5: ingredients compiled from standard/typical recipes (not from INDB); allergens derived programmatically from that ingredient list using the spec vocabulary (dairy/egg/gluten/nuts/groundnut/soy/fish/shellfish); vitamin_b12 is a category-level estimate from standard published B12 values for the dish's primary animal-protein/dairy component (not from INDB, which has no B12 column); price is a rough India-wide market estimate, not measured data.",Anuvaad Indian Nutrient Databank (INDB) 2024.11,"Section 2 fix: Rice dal porridge (Chawal dal ki khichdi/khichri) (100%); INDB 2024.11 values are per 100 g (commodity components use standard published composition) and were converted to the CSV serving weight of 90 g. Range is a transparent prep-variability modeling band of ±15%; this range is not reported by INDB. Vitamin D = D2+D3; Vitamin K = K1+K2. Vitamin B12 is not present in the supplied INDB workbook and is therefore left TBD rather than fabricated. Bengali Khichuri modeled directly on INDB rice-dal porridge/khichdi (same dish family), replacing the prior Bengal fish curry mismatch.",Medium,N/A — no significant dietary B12 source,"Compiled ingredient list contains no meat, fish, egg, dairy solids, or fortified ingredient — only plant-based ingredients, and/or ghee/butter in amounts too small to contribute measurable B12 (B12 resides in milk solids/whey, not milk fat). Vitamin B12 is not naturally present in plant foods (USDA FoodData Central), so the value is retained at 0.0 rather than estimated.",High,PENDING_AUDIT,PENDING_AUDIT,PENDING_AUDIT,Ingredient composition,Rice dal porridge (Chawal dal ki khichdi/khichri) (100%),"prep-variability modeling band (internally generated, not source-reported)",15.0,"Reviewed — distinct variant, split recommended"
FD217,Puri with Chole,Chole Puri,,Dinner Breads & Tiffin,Bread & Flatbread,1,piece,90,300.732,406.872,3.214,4.348,11.685,15.81,26.888,36.378,2.617,3.541,1.017,1.377,15.267,20.655,21.026,28.447,165.657,224.124,0.518,0.701,174.028,235.449,1.807,2.445,6.251,8.457,2.982,4.035,12.883,17.429,10.415,14.091,0.086,0.117,0.039,0.053,0.108,0.146,71.795,97.135,0.0,0.0,Vegetarian,Gluten,"wheat flour (fried puri), chickpeas, onion, tomato",15,40,Anuvaad Indian Nutrient Databank (INDB) 2024.11,"Section 2 fix: Poori (40%) + Chickpeas curry (Safed channa curry) (60%); INDB 2024.11 values are per 100 g (commodity components use standard published composition) and were converted to the CSV serving weight of 90 g. Range is a transparent prep-variability modeling band of ±15%; this range is not reported by INDB. Vitamin D = D2+D3; Vitamin K = K1+K2. Vitamin B12 is not present in the supplied INDB workbook and is therefore left TBD rather than fabricated. Puri with Chole modeled directly from its own two named components (poori + chana curry), replacing the prior cornflakes-with-milk mismatch.",Medium,,"Section 2: re-derived from correct dish-level analogue (was: wrong-category/keyword-bug match per audit report). | Section 4/5: ingredients compiled from standard/typical recipes (not from INDB); allergens derived programmatically from that ingredient list using the spec vocabulary (dairy/egg/gluten/nuts/groundnut/soy/fish/shellfish); vitamin_b12 is a category-level estimate from standard published B12 values for the dish's primary animal-protein/dairy component (not from INDB, which has no B12 column); price is a rough India-wide market estimate, not measured data.",Anuvaad Indian Nutrient Databank (INDB) 2024.11,"Section 2 fix: Poori (40%) + Chickpeas curry (Safed channa curry) (60%); INDB 2024.11 values are per 100 g (commodity components use standard published composition) and were converted to the CSV serving weight of 90 g. Range is a transparent prep-variability modeling band of ±15%; this range is not reported by INDB. Vitamin D = D2+D3; Vitamin K = K1+K2. Vitamin B12 is not present in the supplied INDB workbook and is therefore left TBD rather than fabricated. Puri with Chole modeled directly from its own two named components (poori + chana curry), replacing the prior cornflakes-with-milk mismatch.",Medium,N/A — no significant dietary B12 source,"Compiled ingredient list contains no meat, fish, egg, dairy solids, or fortified ingredient — only plant-based ingredients, and/or ghee/butter in amounts too small to contribute measurable B12 (B12 resides in milk solids/whey, not milk fat). Vitamin B12 is not naturally present in plant foods (USDA FoodData Central), so the value is retained at 0.0 rather than estimated.",High,PENDING_AUDIT,PENDING_AUDIT,PENDING_AUDIT,Ingredient composition,Poori (40%) + Chickpeas curry (Safed channa curry) (60%),"prep-variability modeling band (internally generated, not source-reported)",15.0,No variants listed
FD218,Chole Kulcha,,,Dinner Breads & Tiffin,Bread & Flatbread,1,piece,90,162.669,220.081,5.263,7.121,25.007,33.833,4.667,6.314,2.756,3.729,1.229,1.662,40.979,55.443,24.531,33.189,204.313,276.424,0.65,0.88,264.107,357.321,12.232,16.55,6.384,8.637,3.791,5.129,1.344,1.819,9.354,12.656,0.104,0.141,0.063,0.086,0.121,0.163,75.003,101.474,0.0,0.0,Vegetarian,Gluten,"maida (kulcha), chickpeas, onion, tomato",15,40,Anuvaad Indian Nutrient Databank (INDB) 2024.11,"Section 2 fix: Naan (40%) + Chickpeas curry (Safed channa curry) (60%); INDB 2024.11 values are per 100 g (commodity components use standard published composition) and were converted to the CSV serving weight of 90 g. Range is a transparent prep-variability modeling band of ±15%; this range is not reported by INDB. Vitamin D = D2+D3; Vitamin K = K1+K2. Vitamin B12 is not present in the supplied INDB workbook and is therefore left TBD rather than fabricated. Chole Kulcha modeled directly from its own two named components (kulcha-family bread + chana curry), replacing the prior coleslaw mismatch.",Medium,,"Section 2: re-derived from correct dish-level analogue (was: wrong-category/keyword-bug match per audit report). | Section 4/5: ingredients compiled from standard/typical recipes (not from INDB); allergens derived programmatically from that ingredient list using the spec vocabulary (dairy/egg/gluten/nuts/groundnut/soy/fish/shellfish); vitamin_b12 is a category-level estimate from standard published B12 values for the dish's primary animal-protein/dairy component (not from INDB, which has no B12 column); price is a rough India-wide market estimate, not measured data.",Anuvaad Indian Nutrient Databank (INDB) 2024.11,"Section 2 fix: Naan (40%) + Chickpeas curry (Safed channa curry) (60%); INDB 2024.11 values are per 100 g (commodity components use standard published composition) and were converted to the CSV serving weight of 90 g. Range is a transparent prep-variability modeling band of ±15%; this range is not reported by INDB. Vitamin D = D2+D3; Vitamin K = K1+K2. Vitamin B12 is not present in the supplied INDB workbook and is therefore left TBD rather than fabricated. Chole Kulcha modeled directly from its own two named components (kulcha-family bread + chana curry), replacing the prior coleslaw mismatch.",Medium,N/A — no significant dietary B12 source,"Compiled ingredient list contains no meat, fish, egg, dairy solids, or fortified ingredient — only plant-based ingredients, and/or ghee/butter in amounts too small to contribute measurable B12 (B12 resides in milk solids/whey, not milk fat). Vitamin B12 is not naturally present in plant foods (USDA FoodData Central), so the value is retained at 0.0 rather than estimated.",High,PENDING_AUDIT,PENDING_AUDIT,PENDING_AUDIT,Ingredient composition,Naan (40%) + Chickpeas curry (Safed channa curry) (60%),"prep-variability modeling band (internally generated, not source-reported)",15.0,No variants listed
FD219,Chicken Salna,,,Dinner Breads & Tiffin,Bread & Flatbread,1,piece,90,98.856,133.747,9.023,12.208,2.585,3.497,5.79,7.834,1.076,1.455,0.665,0.899,20.877,28.245,16.748,22.659,193.916,262.357,0.427,0.578,82.624,111.785,3.116,4.216,5.181,7.009,2.751,3.722,1.195,1.617,17.28,23.378,0.056,0.076,0.036,0.048,0.243,0.329,11.94,16.154,0.15,0.3,Non-Vegetarian,,"chicken, onion, coconut, spices",21,56,Anuvaad Indian Nutrient Databank (INDB) 2024.11,"Section 2 fix: Chicken curry (100%); INDB 2024.11 values are per 100 g (commodity components use standard published composition) and were converted to the CSV serving weight of 90 g. Range is a transparent prep-variability modeling band of ±15%; this range is not reported by INDB. Vitamin D = D2+D3; Vitamin K = K1+K2. Vitamin B12 is not present in the supplied INDB workbook and is therefore left TBD rather than fabricated. Chicken Salna modeled on INDB Chicken curry (same thin spicy chicken gravy category, correct food group), replacing the prior chicken-salad mismatch.",Medium,,"Section 2: re-derived from correct dish-level analogue (was: wrong-category/keyword-bug match per audit report). | Section 4/5: ingredients compiled from standard/typical recipes (not from INDB); allergens derived programmatically from that ingredient list using the spec vocabulary (dairy/egg/gluten/nuts/groundnut/soy/fish/shellfish); vitamin_b12 is a category-level estimate from standard published B12 values for the dish's primary animal-protein/dairy component (not from INDB, which has no B12 column); price is a rough India-wide market estimate, not measured data.",Anuvaad Indian Nutrient Databank (INDB) 2024.11,"Section 2 fix: Chicken curry (100%); INDB 2024.11 values are per 100 g (commodity components use standard published composition) and were converted to the CSV serving weight of 90 g. Range is a transparent prep-variability modeling band of ±15%; this range is not reported by INDB. Vitamin D = D2+D3; Vitamin K = K1+K2. Vitamin B12 is not present in the supplied INDB workbook and is therefore left TBD rather than fabricated. Chicken Salna modeled on INDB Chicken curry (same thin spicy chicken gravy category, correct food group), replacing the prior chicken-salad mismatch.",Medium,USDA FoodData Central,"Category-level estimate: chicken is the dish's primary animal-protein component. USDA value for chicken, roasted meat (~0.3 mcg/100g), scaled to a typical chicken-content fraction of this serving. Not from INDB.",Medium,PENDING_AUDIT,PENDING_AUDIT,PENDING_AUDIT,Ingredient composition,Chicken curry (100%),"prep-variability modeling band (internally generated, not source-reported)",15.0,No variants listed
FD220,Ragi Mudde,"Ragi Sangati, Ragi Ball",,Dinner Breads & Tiffin,Bread & Flatbread,1,piece,90,309.531,515.884,2.719,4.532,35.566,59.277,17.412,29.019,4.028,6.714,1.717,2.862,139.755,232.925,53.093,88.489,166.837,278.062,0.954,1.59,66.31,110.516,194.875,324.792,0.0,0.0,14.9,24.834,0.434,0.724,2.587,4.311,0.133,0.221,0.075,0.125,0.018,0.03,12.426,20.711,0.0,0.0,Vegetarian,,"finger millet (ragi) flour, water",15,40,Anuvaad Indian Nutrient Databank (INDB) 2024.11,Closest INDB analogue: Finger millet biscuit (Ragi biscuit); INDB 2024.11 values are per 100 g and were converted to the CSV serving weight of 90 g. Range is a transparent prep-variability modeling band of ±25%; this range is not reported by INDB. Vitamin D = D2+D3; Vitamin K = K1+K2. Vitamin B12 is not present in the supplied INDB workbook and is therefore left TBD rather than fabricated.,Low,,"Section 4/5: ingredients compiled from standard/typical recipes (not from INDB); allergens derived programmatically from that ingredient list using the spec vocabulary (dairy/egg/gluten/nuts/groundnut/soy/fish/shellfish); vitamin_b12 is a category-level estimate from standard published B12 values for the dish's primary animal-protein/dairy component (not from INDB, which has no B12 column); price is a rough India-wide market estimate, not measured data.",Anuvaad Indian Nutrient Databank (INDB) 2024.11,Closest INDB analogue: Finger millet biscuit (Ragi biscuit); INDB 2024.11 values are per 100 g and were converted to the CSV serving weight of 90 g. Range is a transparent prep-variability modeling band of ±25%; this range is not reported by INDB. Vitamin D = D2+D3; Vitamin K = K1+K2. Vitamin B12 is not present in the supplied INDB workbook and is therefore left TBD rather than fabricated.,Low,N/A — no significant dietary B12 source,"Compiled ingredient list contains no meat, fish, egg, dairy solids, or fortified ingredient — only plant-based ingredients, and/or ghee/butter in amounts too small to contribute measurable B12 (B12 resides in milk solids/whey, not milk fat). Vitamin B12 is not naturally present in plant foods (USDA FoodData Central), so the value is retained at 0.0 rather than estimated.",High,PENDING_AUDIT,PENDING_AUDIT,PENDING_AUDIT,Close recipe,Finger millet biscuit (Ragi biscuit),"prep-variability modeling band (internally generated, not source-reported)",25.0,No variants listed
FD221,Luchi,Bengali Puri,,Dinner Breads & Tiffin,Bread & Flatbread,1,piece,90,564.291,763.452,1.036,1.402,6.289,8.508,59.368,80.322,1.113,1.506,0.461,0.623,3.043,4.117,12.296,16.636,30.532,41.308,0.279,0.378,24.276,32.844,4.518,6.112,0.0,0.0,1.316,1.781,28.995,39.228,3.851,5.211,0.041,0.056,0.015,0.02,0.024,0.033,2.864,3.874,0.0,0.0,Vegetarian,Gluten,"maida, oil",15,40,Anuvaad Indian Nutrient Databank (INDB) 2024.11,"Section 2 fix: Poori (100%); INDB 2024.11 values are per 100 g (commodity components use standard published composition) and were converted to the CSV serving weight of 90 g. Range is a transparent prep-variability modeling band of ±15%; this range is not reported by INDB. Vitamin D = D2+D3; Vitamin K = K1+K2. Vitamin B12 is not present in the supplied INDB workbook and is therefore left TBD rather than fabricated. Luchi modeled on INDB Poori (same deep-fried maida/wheat flatbread family), replacing the prior lychee-drink string-match error.",Medium,,"Section 2: re-derived from correct dish-level analogue (was: wrong-category/keyword-bug match per audit report). | Section 4/5: ingredients compiled from standard/typical recipes (not from INDB); allergens derived programmatically from that ingredient list using the spec vocabulary (dairy/egg/gluten/nuts/groundnut/soy/fish/shellfish); vitamin_b12 is a category-level estimate from standard published B12 values for the dish's primary animal-protein/dairy component (not from INDB, which has no B12 column); price is a rough India-wide market estimate, not measured data.",Anuvaad Indian Nutrient Databank (INDB) 2024.11,"Section 2 fix: Poori (100%); INDB 2024.11 values are per 100 g (commodity components use standard published composition) and were converted to the CSV serving weight of 90 g. Range is a transparent prep-variability modeling band of ±15%; this range is not reported by INDB. Vitamin D = D2+D3; Vitamin K = K1+K2. Vitamin B12 is not present in the supplied INDB workbook and is therefore left TBD rather than fabricated. Luchi modeled on INDB Poori (same deep-fried maida/wheat flatbread family), replacing the prior lychee-drink string-match error.",Medium,N/A — no significant dietary B12 source,"Compiled ingredient list contains no meat, fish, egg, dairy solids, or fortified ingredient — only plant-based ingredients, and/or ghee/butter in amounts too small to contribute measurable B12 (B12 resides in milk solids/whey, not milk fat). Vitamin B12 is not naturally present in plant foods (USDA FoodData Central), so the value is retained at 0.0 rather than estimated.",High,PENDING_AUDIT,PENDING_AUDIT,PENDING_AUDIT,Ingredient composition,Poori (100%),"prep-variability modeling band (internally generated, not source-reported)",15.0,No variants listed
FD222,Paneer Kulcha,,,Dinner Breads & Tiffin,Bread & Flatbread,1,piece,90,201.171,301.757,5.783,8.674,31.339,47.008,5.672,8.508,1.826,2.739,1.018,1.527,71.927,107.891,24.456,36.684,114.358,171.537,0.745,1.118,195.142,292.714,20.147,30.221,0.648,0.972,3.143,4.714,1.245,1.867,1.675,2.513,0.088,0.132,0.065,0.098,0.06,0.089,14.537,21.806,0.15,0.35,Vegetarian (dairy/paneer-rich),"Dairy, Gluten","maida, paneer filling, ghee",21,56,Anuvaad Indian Nutrient Databank (INDB) 2024.11,"Section 2 fix: Naan (70%) + Paneer parantha/paratha (30%); INDB 2024.11 values are per 100 g (commodity components use standard published composition) and were converted to the CSV serving weight of 90 g. Range is a transparent prep-variability modeling band of ±20%; this range is not reported by INDB. Vitamin D = D2+D3; Vitamin K = K1+K2. Vitamin B12 is not present in the supplied INDB workbook and is therefore left TBD rather than fabricated. Paneer Kulcha modeled as a naan-family bread base plus a paneer-stuffing component, replacing the prior paneer-pulao mismatch.",Low,,"Section 2: re-derived from correct dish-level analogue (was: wrong-category/keyword-bug match per audit report). | Section 4/5: ingredients compiled from standard/typical recipes (not from INDB); allergens derived programmatically from that ingredient list using the spec vocabulary (dairy/egg/gluten/nuts/groundnut/soy/fish/shellfish); vitamin_b12 is a category-level estimate from standard published B12 values for the dish's primary animal-protein/dairy component (not from INDB, which has no B12 column); price is a rough India-wide market estimate, not measured data.",Anuvaad Indian Nutrient Databank (INDB) 2024.11,"Section 2 fix: Naan (70%) + Paneer parantha/paratha (30%); INDB 2024.11 values are per 100 g (commodity components use standard published composition) and were converted to the CSV serving weight of 90 g. Range is a transparent prep-variability modeling band of ±20%; this range is not reported by INDB. Vitamin D = D2+D3; Vitamin K = K1+K2. Vitamin B12 is not present in the supplied INDB workbook and is therefore left TBD rather than fabricated. Paneer Kulcha modeled as a naan-family bread base plus a paneer-stuffing component, replacing the prior paneer-pulao mismatch.",Low,USDA FoodData Central,"Category-level estimate: paneer is the dish's primary dairy component. Published Indian food-composition data for paneer/cottage cheese (~0.8 mcg/100g), scaled to a typical paneer-content fraction of this serving. Not from INDB.",Medium,PENDING_AUDIT,PENDING_AUDIT,PENDING_AUDIT,Ingredient composition,Naan (70%) + Paneer parantha/paratha (30%),"prep-variability modeling band (internally generated, not source-reported)",20.0,No variants listed
FD223,Akki Roti,Rice Roti (Karnataka style),,Dinner Breads & Tiffin,Bread & Flatbread,1,piece,90,213.814,261.329,2.829,3.458,19.596,23.95,13.648,16.681,4.205,5.14,0.902,1.102,11.958,14.615,43.346,52.979,123.763,151.266,0.67,0.819,191.338,233.858,118.613,144.971,1.897,2.319,9.61,11.746,0.845,1.033,0.953,1.165,0.096,0.118,0.028,0.034,0.104,0.127,10.214,12.483,0.0,0.0,Vegetarian,,"rice flour, onion, green chilli, coriander",15,40,Anuvaad Indian Nutrient Databank (INDB) 2024.11,Direct INDB equivalent: Makki ki roti; INDB 2024.11 values are per 100 g and were converted to the CSV serving weight of 90 g. Range is a transparent prep-variability modeling band of ±10%; this range is not reported by INDB. Vitamin D = D2+D3; Vitamin K = K1+K2. Vitamin B12 is not present in the supplied INDB workbook and is therefore left TBD rather than fabricated.,High,,"Section 4/5: ingredients compiled from standard/typical recipes (not from INDB); allergens derived programmatically from that ingredient list using the spec vocabulary (dairy/egg/gluten/nuts/groundnut/soy/fish/shellfish); vitamin_b12 is a category-level estimate from standard published B12 values for the dish's primary animal-protein/dairy component (not from INDB, which has no B12 column); price is a rough India-wide market estimate, not measured data.",Anuvaad Indian Nutrient Databank (INDB) 2024.11,Direct INDB equivalent: Makki ki roti; INDB 2024.11 values are per 100 g and were converted to the CSV serving weight of 90 g. Range is a transparent prep-variability modeling band of ±10%; this range is not reported by INDB. Vitamin D = D2+D3; Vitamin K = K1+K2. Vitamin B12 is not present in the supplied INDB workbook and is therefore left TBD rather than fabricated.,High,N/A — no significant dietary B12 source,"Compiled ingredient list contains no meat, fish, egg, dairy solids, or fortified ingredient — only plant-based ingredients, and/or ghee/butter in amounts too small to contribute measurable B12 (B12 resides in milk solids/whey, not milk fat). Vitamin B12 is not naturally present in plant foods (USDA FoodData Central), so the value is retained at 0.0 rather than estimated.",High,PENDING_AUDIT,PENDING_AUDIT,PENDING_AUDIT,Exact,Makki ki roti,"prep-variability modeling band (internally generated, not source-reported)",10.0,No variants listed
FD224,Coconut Chutney,Thengai Chutney,,"Chutneys, Raita, Pickles & Accompaniments",Chutney/Raita/Pickle,2,tbsp,30,71.8,87.755,0.969,1.185,2.239,2.736,6.75,8.25,1.818,2.222,0.337,0.412,4.239,5.181,6.768,8.272,62.337,76.189,0.111,0.136,115.636,141.333,0.0,0.0,4.405,5.384,0.093,0.113,0.892,1.091,3.424,4.185,0.011,0.013,0.013,0.016,0.022,0.027,5.049,6.17,0.0,0.0,Vegetarian,,"grated coconut, chana dal, green chilli, curry leaves",10,40,Anuvaad Indian Nutrient Databank (INDB) 2024.11,Direct INDB equivalent: Coconut chutney (Nariyal ki chutney); INDB 2024.11 values are per 100 g and were converted to the CSV serving weight of 30 g. Range is a transparent prep-variability modeling band of ±10%; this range is not reported by INDB. Vitamin D = D2+D3; Vitamin K = K1+K2. Vitamin B12 is not present in the supplied INDB workbook and is therefore left TBD rather than fabricated.,High,,"Section 4/5: ingredients compiled from standard/typical recipes (not from INDB); allergens derived programmatically from that ingredient list using the spec vocabulary (dairy/egg/gluten/nuts/groundnut/soy/fish/shellfish); vitamin_b12 is a category-level estimate from standard published B12 values for the dish's primary animal-protein/dairy component (not from INDB, which has no B12 column); price is a rough India-wide market estimate, not measured data.",Anuvaad Indian Nutrient Databank (INDB) 2024.11,Direct INDB equivalent: Coconut chutney (Nariyal ki chutney); INDB 2024.11 values are per 100 g and were converted to the CSV serving weight of 30 g. Range is a transparent prep-variability modeling band of ±10%; this range is not reported by INDB. Vitamin D = D2+D3; Vitamin K = K1+K2. Vitamin B12 is not present in the supplied INDB workbook and is therefore left TBD rather than fabricated.,High,N/A — no significant dietary B12 source,"Compiled ingredient list contains no meat, fish, egg, dairy solids, or fortified ingredient — only plant-based ingredients, and/or ghee/butter in amounts too small to contribute measurable B12 (B12 resides in milk solids/whey, not milk fat). Vitamin B12 is not naturally present in plant foods (USDA FoodData Central), so the value is retained at 0.0 rather than estimated.",High,PENDING_AUDIT,PENDING_AUDIT,PENDING_AUDIT,Exact,Coconut chutney (Nariyal ki chutney),"prep-variability modeling band (internally generated, not source-reported)",10.0,No variants listed
FD225,Tomato Chutney,Thakkali Chutney,,"Chutneys, Raita, Pickles & Accompaniments",Chutney/Raita/Pickle,2,tbsp,30,12.057,14.737,0.283,0.346,2.46,3.007,0.087,0.106,0.577,0.705,0.29,0.355,6.379,7.797,5.597,6.841,61.441,75.094,0.047,0.057,56.544,69.109,0.0,0.0,5.993,7.325,3.05,3.728,0.055,0.067,5.627,6.878,0.017,0.021,0.007,0.009,0.024,0.029,3.769,4.606,0.0,0.0,Vegetarian,,"tomato, onion, spices",10,40,Anuvaad Indian Nutrient Databank (INDB) 2024.11,Direct INDB equivalent: Tomato ginger chutney (Tamatar adarak ki chutney); INDB 2024.11 values are per 100 g and were converted to the CSV serving weight of 30 g. Range is a transparent prep-variability modeling band of ±10%; this range is not reported by INDB. Vitamin D = D2+D3; Vitamin K = K1+K2. Vitamin B12 is not present in the supplied INDB workbook and is therefore left TBD rather than fabricated.,High,,"Section 3: reviewed per audit Section C; overlap with related dish(es) judged plausible/low-priority and left unchanged. | Section 4/5: ingredients compiled from standard/typical recipes (not from INDB); allergens derived programmatically from that ingredient list using the spec vocabulary (dairy/egg/gluten/nuts/groundnut/soy/fish/shellfish); vitamin_b12 is a category-level estimate from standard published B12 values for the dish's primary animal-protein/dairy component (not from INDB, which has no B12 column); price is a rough India-wide market estimate, not measured data.",Anuvaad Indian Nutrient Databank (INDB) 2024.11,Direct INDB equivalent: Tomato ginger chutney (Tamatar adarak ki chutney); INDB 2024.11 values are per 100 g and were converted to the CSV serving weight of 30 g. Range is a transparent prep-variability modeling band of ±10%; this range is not reported by INDB. Vitamin D = D2+D3; Vitamin K = K1+K2. Vitamin B12 is not present in the supplied INDB workbook and is therefore left TBD rather than fabricated.,High,N/A — no significant dietary B12 source,"Compiled ingredient list contains no meat, fish, egg, dairy solids, or fortified ingredient — only plant-based ingredients, and/or ghee/butter in amounts too small to contribute measurable B12 (B12 resides in milk solids/whey, not milk fat). Vitamin B12 is not naturally present in plant foods (USDA FoodData Central), so the value is retained at 0.0 rather than estimated.",High,PENDING_AUDIT,PENDING_AUDIT,PENDING_AUDIT,Exact,Tomato ginger chutney (Tamatar adarak ki chutney),"prep-variability modeling band (internally generated, not source-reported)",10.0,No variants listed
FD226,Peanut Chutney,"Verkadalai Chutney, Groundnut Chutney",,"Chutneys, Raita, Pickles & Accompaniments",Chutney/Raita/Pickle,2,tbsp,30,69.759,85.261,3.185,3.892,2.664,3.256,5.147,6.291,1.546,1.889,0.537,0.656,9.394,11.482,27.897,34.096,111.859,136.716,0.433,0.529,128.342,156.863,0.0,0.0,5.403,6.604,1.063,1.299,0.563,0.688,1.253,1.531,0.079,0.096,0.02,0.024,0.044,0.054,13.039,15.937,0.0,0.0,Vegetarian,Groundnut,"peanuts, tamarind, chilli",10,40,Anuvaad Indian Nutrient Databank (INDB) 2024.11,Direct INDB equivalent: Peanut chutney (Mungfali ki chutney); INDB 2024.11 values are per 100 g and were converted to the CSV serving weight of 30 g. Range is a transparent prep-variability modeling band of ±10%; this range is not reported by INDB. Vitamin D = D2+D3; Vitamin K = K1+K2. Vitamin B12 is not present in the supplied INDB workbook and is therefore left TBD rather than fabricated.,High,,"Section 4/5: ingredients compiled from standard/typical recipes (not from INDB); allergens derived programmatically from that ingredient list using the spec vocabulary (dairy/egg/gluten/nuts/groundnut/soy/fish/shellfish); vitamin_b12 is a category-level estimate from standard published B12 values for the dish's primary animal-protein/dairy component (not from INDB, which has no B12 column); price is a rough India-wide market estimate, not measured data.",Anuvaad Indian Nutrient Databank (INDB) 2024.11,Direct INDB equivalent: Peanut chutney (Mungfali ki chutney); INDB 2024.11 values are per 100 g and were converted to the CSV serving weight of 30 g. Range is a transparent prep-variability modeling band of ±10%; this range is not reported by INDB. Vitamin D = D2+D3; Vitamin K = K1+K2. Vitamin B12 is not present in the supplied INDB workbook and is therefore left TBD rather than fabricated.,High,N/A — no significant dietary B12 source,"Compiled ingredient list contains no meat, fish, egg, dairy solids, or fortified ingredient — only plant-based ingredients, and/or ghee/butter in amounts too small to contribute measurable B12 (B12 resides in milk solids/whey, not milk fat). Vitamin B12 is not naturally present in plant foods (USDA FoodData Central), so the value is retained at 0.0 rather than estimated.",High,PENDING_AUDIT,PENDING_AUDIT,PENDING_AUDIT,Exact,Peanut chutney (Mungfali ki chutney),"prep-variability modeling band (internally generated, not source-reported)",10.0,No variants listed
FD227,Mint-Coriander Chutney,"Pudina Chutney, Green Chutney",,"Chutneys, Raita, Pickles & Accompaniments",Chutney/Raita/Pickle,2,tbsp,30,27.701,33.856,0.76,0.928,5.719,6.99,0.137,0.167,1.17,1.43,1.285,1.571,29.011,35.457,16.935,20.698,124.042,151.607,0.146,0.178,105.749,129.249,0.0,0.0,3.713,4.538,1.837,2.245,0.066,0.08,23.687,28.951,0.028,0.035,0.018,0.023,0.036,0.045,11.184,13.669,0.0,0.0,Vegetarian,,"mint, coriander, green chilli, lemon",10,40,Anuvaad Indian Nutrient Databank (INDB) 2024.11,Direct INDB equivalent: Mint and coriander chutney (Pudinay aur dhaniye ki chutney); INDB 2024.11 values are per 100 g and were converted to the CSV serving weight of 30 g. Range is a transparent prep-variability modeling band of ±10%; this range is not reported by INDB. Vitamin D = D2+D3; Vitamin K = K1+K2. Vitamin B12 is not present in the supplied INDB workbook and is therefore left TBD rather than fabricated.,High,,"Section 4/5: ingredients compiled from standard/typical recipes (not from INDB); allergens derived programmatically from that ingredient list using the spec vocabulary (dairy/egg/gluten/nuts/groundnut/soy/fish/shellfish); vitamin_b12 is a category-level estimate from standard published B12 values for the dish's primary animal-protein/dairy component (not from INDB, which has no B12 column); price is a rough India-wide market estimate, not measured data.",Anuvaad Indian Nutrient Databank (INDB) 2024.11,Direct INDB equivalent: Mint and coriander chutney (Pudinay aur dhaniye ki chutney); INDB 2024.11 values are per 100 g and were converted to the CSV serving weight of 30 g. Range is a transparent prep-variability modeling band of ±10%; this range is not reported by INDB. Vitamin D = D2+D3; Vitamin K = K1+K2. Vitamin B12 is not present in the supplied INDB workbook and is therefore left TBD rather than fabricated.,High,N/A — no significant dietary B12 source,"Compiled ingredient list contains no meat, fish, egg, dairy solids, or fortified ingredient — only plant-based ingredients, and/or ghee/butter in amounts too small to contribute measurable B12 (B12 resides in milk solids/whey, not milk fat). Vitamin B12 is not naturally present in plant foods (USDA FoodData Central), so the value is retained at 0.0 rather than estimated.",High,PENDING_AUDIT,PENDING_AUDIT,PENDING_AUDIT,Exact,Mint and coriander chutney (Pudinay aur dhaniye ki chutney),"prep-variability modeling band (internally generated, not source-reported)",10.0,No variants listed
FD228,Ginger Chutney,"Allam Chutney, Inji Chutney",,"Chutneys, Raita, Pickles & Accompaniments",Chutney/Raita/Pickle,2,tbsp,30,12.057,14.737,0.283,0.346,2.46,3.007,0.087,0.106,0.577,0.705,0.29,0.355,6.379,7.797,5.597,6.841,61.441,75.094,0.047,0.057,56.544,69.109,0.0,0.0,5.993,7.325,3.05,3.728,0.055,0.067,5.627,6.878,0.017,0.021,0.007,0.009,0.024,0.029,3.769,4.606,0.0,0.0,Vegetarian,,"ginger, tamarind, jaggery, chilli",10,40,Anuvaad Indian Nutrient Databank (INDB) 2024.11,Direct INDB equivalent: Tomato ginger chutney (Tamatar adarak ki chutney); INDB 2024.11 values are per 100 g and were converted to the CSV serving weight of 30 g. Range is a transparent prep-variability modeling band of ±10%; this range is not reported by INDB. Vitamin D = D2+D3; Vitamin K = K1+K2. Vitamin B12 is not present in the supplied INDB workbook and is therefore left TBD rather than fabricated.,High,,"Section 3: reviewed per audit Section C; overlap with related dish(es) judged plausible/low-priority and left unchanged. | Section 4/5: ingredients compiled from standard/typical recipes (not from INDB); allergens derived programmatically from that ingredient list using the spec vocabulary (dairy/egg/gluten/nuts/groundnut/soy/fish/shellfish); vitamin_b12 is a category-level estimate from standard published B12 values for the dish's primary animal-protein/dairy component (not from INDB, which has no B12 column); price is a rough India-wide market estimate, not measured data.",Anuvaad Indian Nutrient Databank (INDB) 2024.11,Direct INDB equivalent: Tomato ginger chutney (Tamatar adarak ki chutney); INDB 2024.11 values are per 100 g and were converted to the CSV serving weight of 30 g. Range is a transparent prep-variability modeling band of ±10%; this range is not reported by INDB. Vitamin D = D2+D3; Vitamin K = K1+K2. Vitamin B12 is not present in the supplied INDB workbook and is therefore left TBD rather than fabricated.,High,N/A — no significant dietary B12 source,"Compiled ingredient list contains no meat, fish, egg, dairy solids, or fortified ingredient — only plant-based ingredients, and/or ghee/butter in amounts too small to contribute measurable B12 (B12 resides in milk solids/whey, not milk fat). Vitamin B12 is not naturally present in plant foods (USDA FoodData Central), so the value is retained at 0.0 rather than estimated.",High,PENDING_AUDIT,PENDING_AUDIT,PENDING_AUDIT,Exact,Tomato ginger chutney (Tamatar adarak ki chutney),"prep-variability modeling band (internally generated, not source-reported)",10.0,No variants listed
FD229,Onion Chutney,Vengaya Chutney,,"Chutneys, Raita, Pickles & Accompaniments",Chutney/Raita/Pickle,2,tbsp,30,38.863,47.5,0.802,0.98,3.65,4.462,2.263,2.766,1.242,1.519,0.32,0.391,7.696,9.406,10.214,12.484,92.526,113.087,0.144,0.176,69.361,84.775,0.0,0.0,1.455,1.778,0.741,0.906,1.044,1.276,5.901,7.212,0.022,0.026,0.019,0.023,0.036,0.044,8.765,10.713,0.0,0.0,Vegetarian,,"onion, tamarind, chilli",10,40,Anuvaad Indian Nutrient Databank (INDB) 2024.11,Direct INDB equivalent: Onion chutney (Pyaaz ki chutney/Vengaya chutney); INDB 2024.11 values are per 100 g and were converted to the CSV serving weight of 30 g. Range is a transparent prep-variability modeling band of ±10%; this range is not reported by INDB. Vitamin D = D2+D3; Vitamin K = K1+K2. Vitamin B12 is not present in the supplied INDB workbook and is therefore left TBD rather than fabricated.,High,,"Section 4/5: ingredients compiled from standard/typical recipes (not from INDB); allergens derived programmatically from that ingredient list using the spec vocabulary (dairy/egg/gluten/nuts/groundnut/soy/fish/shellfish); vitamin_b12 is a category-level estimate from standard published B12 values for the dish's primary animal-protein/dairy component (not from INDB, which has no B12 column); price is a rough India-wide market estimate, not measured data.",Anuvaad Indian Nutrient Databank (INDB) 2024.11,Direct INDB equivalent: Onion chutney (Pyaaz ki chutney/Vengaya chutney); INDB 2024.11 values are per 100 g and were converted to the CSV serving weight of 30 g. Range is a transparent prep-variability modeling band of ±10%; this range is not reported by INDB. Vitamin D = D2+D3; Vitamin K = K1+K2. Vitamin B12 is not present in the supplied INDB workbook and is therefore left TBD rather than fabricated.,High,N/A — no significant dietary B12 source,"Compiled ingredient list contains no meat, fish, egg, dairy solids, or fortified ingredient — only plant-based ingredients, and/or ghee/butter in amounts too small to contribute measurable B12 (B12 resides in milk solids/whey, not milk fat). Vitamin B12 is not naturally present in plant foods (USDA FoodData Central), so the value is retained at 0.0 rather than estimated.",High,PENDING_AUDIT,PENDING_AUDIT,PENDING_AUDIT,Exact,Onion chutney (Pyaaz ki chutney/Vengaya chutney),"prep-variability modeling band (internally generated, not source-reported)",10.0,No variants listed
FD230,Curry Leaf Chutney,Karuveppilai Chutney,,"Chutneys, Raita, Pickles & Accompaniments",Chutney/Raita/Pickle,2,tbsp,30,17.869,29.782,1.22,2.034,2.252,3.753,0.361,0.602,1.313,2.189,1.03,1.717,25.367,42.279,16.633,27.722,114.516,190.86,0.217,0.362,59.132,98.554,0.0,0.0,6.778,11.297,0.63,1.051,0.076,0.126,27.789,46.315,0.024,0.041,0.02,0.033,0.04,0.066,14.32,23.867,0.0,0.0,Vegetarian,,"curry leaves, tamarind, chilli",10,40,Anuvaad Indian Nutrient Databank (INDB) 2024.11,Closest INDB analogue: Green chutney; INDB 2024.11 values are per 100 g and were converted to the CSV serving weight of 30 g. Range is a transparent prep-variability modeling band of ±25%; this range is not reported by INDB. Vitamin D = D2+D3; Vitamin K = K1+K2. Vitamin B12 is not present in the supplied INDB workbook and is therefore left TBD rather than fabricated.,Low,,"Section 4/5: ingredients compiled from standard/typical recipes (not from INDB); allergens derived programmatically from that ingredient list using the spec vocabulary (dairy/egg/gluten/nuts/groundnut/soy/fish/shellfish); vitamin_b12 is a category-level estimate from standard published B12 values for the dish's primary animal-protein/dairy component (not from INDB, which has no B12 column); price is a rough India-wide market estimate, not measured data.",Anuvaad Indian Nutrient Databank (INDB) 2024.11,Closest INDB analogue: Green chutney; INDB 2024.11 values are per 100 g and were converted to the CSV serving weight of 30 g. Range is a transparent prep-variability modeling band of ±25%; this range is not reported by INDB. Vitamin D = D2+D3; Vitamin K = K1+K2. Vitamin B12 is not present in the supplied INDB workbook and is therefore left TBD rather than fabricated.,Low,N/A — no significant dietary B12 source,"Compiled ingredient list contains no meat, fish, egg, dairy solids, or fortified ingredient — only plant-based ingredients, and/or ghee/butter in amounts too small to contribute measurable B12 (B12 resides in milk solids/whey, not milk fat). Vitamin B12 is not naturally present in plant foods (USDA FoodData Central), so the value is retained at 0.0 rather than estimated.",High,PENDING_AUDIT,PENDING_AUDIT,PENDING_AUDIT,Close recipe,Green chutney,"prep-variability modeling band (internally generated, not source-reported)",25.0,No variants listed
FD231,Garlic Chutney,Poondu Chutney,,"Chutneys, Raita, Pickles & Accompaniments",Chutney/Raita/Pickle,2,tbsp,30,68.987,84.318,0.901,1.101,5.518,6.744,4.739,5.792,1.39,1.699,0.881,1.077,17.147,20.958,13.761,16.82,146.24,178.737,0.156,0.191,47.958,58.615,0.0,0.0,1.94,2.371,2.562,3.132,2.257,2.759,9.293,11.358,0.042,0.052,0.04,0.049,0.053,0.065,5.721,6.993,0.0,0.0,Vegetarian,,"garlic, dried red chilli, oil",10,40,Anuvaad Indian Nutrient Databank (INDB) 2024.11,Direct INDB equivalent: Garlic chutney/Poondu chutney (Lahasun ki chutney); INDB 2024.11 values are per 100 g and were converted to the CSV serving weight of 30 g. Range is a transparent prep-variability modeling band of ±10%; this range is not reported by INDB. Vitamin D = D2+D3; Vitamin K = K1+K2. Vitamin B12 is not present in the supplied INDB workbook and is therefore left TBD rather than fabricated.,High,,"Section 4/5: ingredients compiled from standard/typical recipes (not from INDB); allergens derived programmatically from that ingredient list using the spec vocabulary (dairy/egg/gluten/nuts/groundnut/soy/fish/shellfish); vitamin_b12 is a category-level estimate from standard published B12 values for the dish's primary animal-protein/dairy component (not from INDB, which has no B12 column); price is a rough India-wide market estimate, not measured data.",Anuvaad Indian Nutrient Databank (INDB) 2024.11,Direct INDB equivalent: Garlic chutney/Poondu chutney (Lahasun ki chutney); INDB 2024.11 values are per 100 g and were converted to the CSV serving weight of 30 g. Range is a transparent prep-variability modeling band of ±10%; this range is not reported by INDB. Vitamin D = D2+D3; Vitamin K = K1+K2. Vitamin B12 is not present in the supplied INDB workbook and is therefore left TBD rather than fabricated.,High,N/A — no significant dietary B12 source,"Compiled ingredient list contains no meat, fish, egg, dairy solids, or fortified ingredient — only plant-based ingredients, and/or ghee/butter in amounts too small to contribute measurable B12 (B12 resides in milk solids/whey, not milk fat). Vitamin B12 is not naturally present in plant foods (USDA FoodData Central), so the value is retained at 0.0 rather than estimated.",High,PENDING_AUDIT,PENDING_AUDIT,PENDING_AUDIT,Exact,Garlic chutney/Poondu chutney (Lahasun ki chutney),"prep-variability modeling band (internally generated, not source-reported)",10.0,No variants listed
FD232,Tamarind Chutney (Imli Chutney),Puli Chutney,,"Chutneys, Raita, Pickles & Accompaniments",Chutney/Raita/Pickle,2,tbsp,30,26.195,39.293,0.211,0.316,6.016,9.024,0.116,0.174,0.396,0.593,0.467,0.701,9.671,14.506,7.898,11.848,56.543,84.815,0.054,0.081,18.146,27.219,0.611,0.917,0.194,0.291,0.595,0.892,0.009,0.013,0.29,0.434,0.01,0.014,0.004,0.006,0.031,0.047,1.176,1.764,0.0,0.0,Vegetarian,,"tamarind, jaggery, spices",10,40,Anuvaad Indian Nutrient Databank (INDB) 2024.11,Section 3 (duplicate-profile fix): Tamarind Chutney modeled directly on INDB tamarind chutney. Components: Tamarind chutney (Chintapandu pachadi/Puli chutney) (100%); INDB 2024.11 values are per 100 g and were converted to the CSV serving weight of 30 g. Range is a transparent prep-variability modeling band of ±20%; this range is not reported by INDB. Vitamin D = D2+D3; Vitamin K = K1+K2. Vitamin B12 is not present in the supplied INDB workbook and is therefore left TBD rather than fabricated.,Medium,,"Section 3: differentiated from a previously identical duplicate-profile group per audit Section C. | Section 4/5: ingredients compiled from standard/typical recipes (not from INDB); allergens derived programmatically from that ingredient list using the spec vocabulary (dairy/egg/gluten/nuts/groundnut/soy/fish/shellfish); vitamin_b12 is a category-level estimate from standard published B12 values for the dish's primary animal-protein/dairy component (not from INDB, which has no B12 column); price is a rough India-wide market estimate, not measured data.",Anuvaad Indian Nutrient Databank (INDB) 2024.11,Section 3 (duplicate-profile fix): Tamarind Chutney modeled directly on INDB tamarind chutney. Components: Tamarind chutney (Chintapandu pachadi/Puli chutney) (100%); INDB 2024.11 values are per 100 g and were converted to the CSV serving weight of 30 g. Range is a transparent prep-variability modeling band of ±20%; this range is not reported by INDB. Vitamin D = D2+D3; Vitamin K = K1+K2. Vitamin B12 is not present in the supplied INDB workbook and is therefore left TBD rather than fabricated.,Medium,N/A — no significant dietary B12 source,"Compiled ingredient list contains no meat, fish, egg, dairy solids, or fortified ingredient — only plant-based ingredients, and/or ghee/butter in amounts too small to contribute measurable B12 (B12 resides in milk solids/whey, not milk fat). Vitamin B12 is not naturally present in plant foods (USDA FoodData Central), so the value is retained at 0.0 rather than estimated.",High,PENDING_AUDIT,PENDING_AUDIT,PENDING_AUDIT,Close recipe,Tamarind chutney (Chintapandu pachadi/Puli chutney) (100%),"prep-variability modeling band (internally generated, not source-reported)",20.0,No variants listed
FD233,Date-Tamarind Chutney,Khajur Imli Chutney,,"Chutneys, Raita, Pickles & Accompaniments",Chutney/Raita/Pickle,2,tbsp,30,25.928,38.892,0.22,0.33,5.854,8.781,0.147,0.22,0.48,0.72,0.431,0.646,9.115,13.673,7.718,11.577,59.061,88.592,0.056,0.084,18.202,27.303,0.489,0.733,0.217,0.325,0.541,0.811,0.027,0.041,0.622,0.934,0.009,0.013,0.004,0.006,0.027,0.041,1.255,1.883,0.0,0.0,Vegetarian,,"dates, tamarind, jaggery, spices",10,40,Anuvaad Indian Nutrient Databank (INDB) 2024.11,"Section 3 (duplicate-profile fix): Date-Tamarind Chutney modeled as tamarind chutney plus a dates component, adding the extra sugar/carbs dates contribute. Components: Tamarind chutney (Chintapandu pachadi/Puli chutney) (80%) + Dates chutney (Khajoor ki chutney) (20%); INDB 2024.11 values are per 100 g and were converted to the CSV serving weight of 30 g. Range is a transparent prep-variability modeling band of ±20%; this range is not reported by INDB. Vitamin D = D2+D3; Vitamin K = K1+K2. Vitamin B12 is not present in the supplied INDB workbook and is therefore left TBD rather than fabricated.",Low,,"Section 3: differentiated from a previously identical duplicate-profile group per audit Section C. | Section 4/5: ingredients compiled from standard/typical recipes (not from INDB); allergens derived programmatically from that ingredient list using the spec vocabulary (dairy/egg/gluten/nuts/groundnut/soy/fish/shellfish); vitamin_b12 is a category-level estimate from standard published B12 values for the dish's primary animal-protein/dairy component (not from INDB, which has no B12 column); price is a rough India-wide market estimate, not measured data.",Anuvaad Indian Nutrient Databank (INDB) 2024.11,"Section 3 (duplicate-profile fix): Date-Tamarind Chutney modeled as tamarind chutney plus a dates component, adding the extra sugar/carbs dates contribute. Components: Tamarind chutney (Chintapandu pachadi/Puli chutney) (80%) + Dates chutney (Khajoor ki chutney) (20%); INDB 2024.11 values are per 100 g and were converted to the CSV serving weight of 30 g. Range is a transparent prep-variability modeling band of ±20%; this range is not reported by INDB. Vitamin D = D2+D3; Vitamin K = K1+K2. Vitamin B12 is not present in the supplied INDB workbook and is therefore left TBD rather than fabricated.",Low,N/A — no significant dietary B12 source,"Compiled ingredient list contains no meat, fish, egg, dairy solids, or fortified ingredient — only plant-based ingredients, and/or ghee/butter in amounts too small to contribute measurable B12 (B12 resides in milk solids/whey, not milk fat). Vitamin B12 is not naturally present in plant foods (USDA FoodData Central), so the value is retained at 0.0 rather than estimated.",High,PENDING_AUDIT,PENDING_AUDIT,PENDING_AUDIT,Close recipe,Tamarind chutney (Chintapandu pachadi/Puli chutney) (80%) + Dates chutney (Khajoor ki chutney) (20%),"prep-variability modeling band (internally generated, not source-reported)",20.0,No variants listed
FD234,Plain Raita,"Dahi (plain, as a side)",,"Chutneys, Raita, Pickles & Accompaniments",Chutney/Raita/Pickle,2,tbsp,30,91.873,153.121,2.209,3.681,6.949,11.582,6.292,10.486,0.037,0.062,0.337,0.562,80.049,133.416,8.578,14.296,73.209,122.016,0.321,0.535,7.122,11.871,32.15,53.583,0.028,0.047,0.02,0.034,0.282,0.47,0.024,0.04,0.015,0.025,0.016,0.027,0.009,0.014,12.367,20.612,0.05,0.15,Vegetarian,Dairy,"curd, salt, cumin",10,40,Anuvaad Indian Nutrient Databank (INDB) 2024.11,Closest INDB analogue: Plain burfi (Burfi); INDB 2024.11 values are per 100 g and were converted to the CSV serving weight of 30 g. Range is a transparent prep-variability modeling band of ±25%; this range is not reported by INDB. Vitamin D = D2+D3; Vitamin K = K1+K2. Vitamin B12 is not present in the supplied INDB workbook and is therefore left TBD rather than fabricated.,Low,,"Section 4/5: ingredients compiled from standard/typical recipes (not from INDB); allergens derived programmatically from that ingredient list using the spec vocabulary (dairy/egg/gluten/nuts/groundnut/soy/fish/shellfish); vitamin_b12 is a category-level estimate from standard published B12 values for the dish's primary animal-protein/dairy component (not from INDB, which has no B12 column); price is a rough India-wide market estimate, not measured data.",Anuvaad Indian Nutrient Databank (INDB) 2024.11,Closest INDB analogue: Plain burfi (Burfi); INDB 2024.11 values are per 100 g and were converted to the CSV serving weight of 30 g. Range is a transparent prep-variability modeling band of ±25%; this range is not reported by INDB. Vitamin D = D2+D3; Vitamin K = K1+K2. Vitamin B12 is not present in the supplied INDB workbook and is therefore left TBD rather than fabricated.,Low,USDA FoodData Central,"Category-level estimate: curd/yogurt or milk is the dish's primary (or only) dairy component. USDA values for plain curd/yogurt and whole milk (~0.4-0.6 mcg/100g), scaled to a typical dairy-content fraction of this serving. Not from INDB.",Medium,PENDING_AUDIT,PENDING_AUDIT,PENDING_AUDIT,Close recipe,Plain burfi (Burfi),"prep-variability modeling band (internally generated, not source-reported)",25.0,No variants listed
FD235,Onion Raita,,,"Chutneys, Raita, Pickles & Accompaniments",Chutney/Raita/Pickle,2,tbsp,30,19.321,23.614,1.311,1.602,2.123,2.595,0.655,0.8,0.175,0.214,0.082,0.101,44.225,54.053,5.549,6.782,72.866,89.059,0.17,0.207,51.291,62.688,5.918,7.233,1.455,1.779,0.08,0.097,0.018,0.022,2.014,2.462,0.016,0.019,0.059,0.072,0.029,0.035,5.543,6.775,0.05,0.15,Vegetarian,Dairy,"curd, onion, cumin",10,40,Anuvaad Indian Nutrient Databank (INDB) 2024.11,Direct INDB equivalent: Onion raita (Pyaaz ka raita); INDB 2024.11 values are per 100 g and were converted to the CSV serving weight of 30 g. Range is a transparent prep-variability modeling band of ±10%; this range is not reported by INDB. Vitamin D = D2+D3; Vitamin K = K1+K2. Vitamin B12 is not present in the supplied INDB workbook and is therefore left TBD rather than fabricated.,High,,"Section 4/5: ingredients compiled from standard/typical recipes (not from INDB); allergens derived programmatically from that ingredient list using the spec vocabulary (dairy/egg/gluten/nuts/groundnut/soy/fish/shellfish); vitamin_b12 is a category-level estimate from standard published B12 values for the dish's primary animal-protein/dairy component (not from INDB, which has no B12 column); price is a rough India-wide market estimate, not measured data.",Anuvaad Indian Nutrient Databank (INDB) 2024.11,Direct INDB equivalent: Onion raita (Pyaaz ka raita); INDB 2024.11 values are per 100 g and were converted to the CSV serving weight of 30 g. Range is a transparent prep-variability modeling band of ±10%; this range is not reported by INDB. Vitamin D = D2+D3; Vitamin K = K1+K2. Vitamin B12 is not present in the supplied INDB workbook and is therefore left TBD rather than fabricated.,High,USDA FoodData Central,"Category-level estimate: curd/yogurt or milk is the dish's primary (or only) dairy component. USDA values for plain curd/yogurt and whole milk (~0.4-0.6 mcg/100g), scaled to a typical dairy-content fraction of this serving. Not from INDB.",Medium,PENDING_AUDIT,PENDING_AUDIT,PENDING_AUDIT,Exact,Onion raita (Pyaaz ka raita),"prep-variability modeling band (internally generated, not source-reported)",10.0,No variants listed
FD236,Cucumber Raita,,,"Chutneys, Raita, Pickles & Accompaniments",Chutney/Raita/Pickle,2,tbsp,30,15.964,19.511,1.09,1.332,1.714,2.095,0.561,0.685,0.232,0.284,0.079,0.096,37.417,45.732,5.578,6.818,68.482,83.701,0.144,0.175,51.29,62.688,4.952,6.052,0.999,1.221,0.126,0.154,0.012,0.015,0.893,1.091,0.013,0.016,0.049,0.06,0.025,0.03,4.761,5.819,0.05,0.15,Vegetarian,Dairy,"curd, cucumber, cumin",10,40,Anuvaad Indian Nutrient Databank (INDB) 2024.11,Direct INDB equivalent: Cucumber raita (Kheere ka raita); INDB 2024.11 values are per 100 g and were converted to the CSV serving weight of 30 g. Range is a transparent prep-variability modeling band of ±10%; this range is not reported by INDB. Vitamin D = D2+D3; Vitamin K = K1+K2. Vitamin B12 is not present in the supplied INDB workbook and is therefore left TBD rather than fabricated.,High,,"Section 4/5: ingredients compiled from standard/typical recipes (not from INDB); allergens derived programmatically from that ingredient list using the spec vocabulary (dairy/egg/gluten/nuts/groundnut/soy/fish/shellfish); vitamin_b12 is a category-level estimate from standard published B12 values for the dish's primary animal-protein/dairy component (not from INDB, which has no B12 column); price is a rough India-wide market estimate, not measured data.",Anuvaad Indian Nutrient Databank (INDB) 2024.11,Direct INDB equivalent: Cucumber raita (Kheere ka raita); INDB 2024.11 values are per 100 g and were converted to the CSV serving weight of 30 g. Range is a transparent prep-variability modeling band of ±10%; this range is not reported by INDB. Vitamin D = D2+D3; Vitamin K = K1+K2. Vitamin B12 is not present in the supplied INDB workbook and is therefore left TBD rather than fabricated.,High,USDA FoodData Central,"Category-level estimate: curd/yogurt or milk is the dish's primary (or only) dairy component. USDA values for plain curd/yogurt and whole milk (~0.4-0.6 mcg/100g), scaled to a typical dairy-content fraction of this serving. Not from INDB.",Medium,PENDING_AUDIT,PENDING_AUDIT,PENDING_AUDIT,Exact,Cucumber raita (Kheere ka raita),"prep-variability modeling band (internally generated, not source-reported)",10.0,No variants listed
FD237,Boondi Raita,,,"Chutneys, Raita, Pickles & Accompaniments",Chutney/Raita/Pickle,2,tbsp,30,185.684,226.947,0.592,0.724,1.07,1.308,19.933,24.363,0.124,0.152,0.064,0.079,13.231,16.171,1.997,2.441,21.522,26.304,0.061,0.075,26.779,32.73,1.724,2.107,0.064,0.078,0.002,0.003,9.728,11.889,1.406,1.719,0.009,0.01,0.019,0.023,0.012,0.014,3.106,3.796,0.05,0.15,Vegetarian,Dairy,"curd, fried gram-flour boondi",10,40,Anuvaad Indian Nutrient Databank (INDB) 2024.11,Direct INDB equivalent: Boondi raita; INDB 2024.11 values are per 100 g and were converted to the CSV serving weight of 30 g. Range is a transparent prep-variability modeling band of ±10%; this range is not reported by INDB. Vitamin D = D2+D3; Vitamin K = K1+K2. Vitamin B12 is not present in the supplied INDB workbook and is therefore left TBD rather than fabricated.,High,,"Section 4/5: ingredients compiled from standard/typical recipes (not from INDB); allergens derived programmatically from that ingredient list using the spec vocabulary (dairy/egg/gluten/nuts/groundnut/soy/fish/shellfish); vitamin_b12 is a category-level estimate from standard published B12 values for the dish's primary animal-protein/dairy component (not from INDB, which has no B12 column); price is a rough India-wide market estimate, not measured data.",Anuvaad Indian Nutrient Databank (INDB) 2024.11,Direct INDB equivalent: Boondi raita; INDB 2024.11 values are per 100 g and were converted to the CSV serving weight of 30 g. Range is a transparent prep-variability modeling band of ±10%; this range is not reported by INDB. Vitamin D = D2+D3; Vitamin K = K1+K2. Vitamin B12 is not present in the supplied INDB workbook and is therefore left TBD rather than fabricated.,High,USDA FoodData Central,"Category-level estimate: curd/yogurt or milk is the dish's primary (or only) dairy component. USDA values for plain curd/yogurt and whole milk (~0.4-0.6 mcg/100g), scaled to a typical dairy-content fraction of this serving. Not from INDB.",Medium,PENDING_AUDIT,PENDING_AUDIT,PENDING_AUDIT,Exact,Boondi raita,"prep-variability modeling band (internally generated, not source-reported)",10.0,No variants listed
FD238,Pineapple Raita,,,"Chutneys, Raita, Pickles & Accompaniments",Chutney/Raita/Pickle,2,tbsp,30,18.29,22.355,1.053,1.286,2.328,2.845,0.546,0.667,0.375,0.458,0.073,0.089,36.322,44.393,5.077,6.205,64.771,79.164,0.134,0.164,36.581,44.71,4.76,5.817,3.38,4.132,0.105,0.128,0.05,0.061,0.544,0.665,0.016,0.019,0.049,0.06,0.029,0.036,4.712,5.76,0.05,0.15,Vegetarian,Dairy,"curd, pineapple, sugar",10,40,Anuvaad Indian Nutrient Databank (INDB) 2024.11,Direct INDB equivalent: Pineapple raita (Ananas ka raita); INDB 2024.11 values are per 100 g and were converted to the CSV serving weight of 30 g. Range is a transparent prep-variability modeling band of ±10%; this range is not reported by INDB. Vitamin D = D2+D3; Vitamin K = K1+K2. Vitamin B12 is not present in the supplied INDB workbook and is therefore left TBD rather than fabricated.,High,,"Section 4/5: ingredients compiled from standard/typical recipes (not from INDB); allergens derived programmatically from that ingredient list using the spec vocabulary (dairy/egg/gluten/nuts/groundnut/soy/fish/shellfish); vitamin_b12 is a category-level estimate from standard published B12 values for the dish's primary animal-protein/dairy component (not from INDB, which has no B12 column); price is a rough India-wide market estimate, not measured data.",Anuvaad Indian Nutrient Databank (INDB) 2024.11,Direct INDB equivalent: Pineapple raita (Ananas ka raita); INDB 2024.11 values are per 100 g and were converted to the CSV serving weight of 30 g. Range is a transparent prep-variability modeling band of ±10%; this range is not reported by INDB. Vitamin D = D2+D3; Vitamin K = K1+K2. Vitamin B12 is not present in the supplied INDB workbook and is therefore left TBD rather than fabricated.,High,USDA FoodData Central,"Category-level estimate: curd/yogurt or milk is the dish's primary (or only) dairy component. USDA values for plain curd/yogurt and whole milk (~0.4-0.6 mcg/100g), scaled to a typical dairy-content fraction of this serving. Not from INDB.",Medium,PENDING_AUDIT,PENDING_AUDIT,PENDING_AUDIT,Exact,Pineapple raita (Ananas ka raita),"prep-variability modeling band (internally generated, not source-reported)",10.0,No variants listed
FD239,Mango Pickle,"Aam ka Achaar, Maagai",,"Chutneys, Raita, Pickles & Accompaniments",Chutney/Raita/Pickle,2,tbsp,30,51.872,63.399,0.431,0.527,2.191,2.678,4.83,5.903,0.993,1.213,0.39,0.476,13.221,16.159,8.844,10.809,55.867,68.282,0.081,0.099,926.084,1131.88,0.0,0.0,16.524,20.195,1.458,1.782,0.173,0.212,3.208,3.921,0.008,0.01,0.011,0.013,0.038,0.047,5.14,6.283,0.0,0.0,Vegetarian,,"raw mango, mustard oil, spices",10,40,Anuvaad Indian Nutrient Databank (INDB) 2024.11,Direct INDB equivalent: Mango pickle (Aam ka achaar); INDB 2024.11 values are per 100 g and were converted to the CSV serving weight of 30 g. Range is a transparent prep-variability modeling band of ±10%; this range is not reported by INDB. Vitamin D = D2+D3; Vitamin K = K1+K2. Vitamin B12 is not present in the supplied INDB workbook and is therefore left TBD rather than fabricated.,High,,"Section 4/5: ingredients compiled from standard/typical recipes (not from INDB); allergens derived programmatically from that ingredient list using the spec vocabulary (dairy/egg/gluten/nuts/groundnut/soy/fish/shellfish); vitamin_b12 is a category-level estimate from standard published B12 values for the dish's primary animal-protein/dairy component (not from INDB, which has no B12 column); price is a rough India-wide market estimate, not measured data.",Anuvaad Indian Nutrient Databank (INDB) 2024.11,Direct INDB equivalent: Mango pickle (Aam ka achaar); INDB 2024.11 values are per 100 g and were converted to the CSV serving weight of 30 g. Range is a transparent prep-variability modeling band of ±10%; this range is not reported by INDB. Vitamin D = D2+D3; Vitamin K = K1+K2. Vitamin B12 is not present in the supplied INDB workbook and is therefore left TBD rather than fabricated.,High,N/A — no significant dietary B12 source,"Compiled ingredient list contains no meat, fish, egg, dairy solids, or fortified ingredient — only plant-based ingredients, and/or ghee/butter in amounts too small to contribute measurable B12 (B12 resides in milk solids/whey, not milk fat). Vitamin B12 is not naturally present in plant foods (USDA FoodData Central), so the value is retained at 0.0 rather than estimated.",High,PENDING_AUDIT,PENDING_AUDIT,PENDING_AUDIT,Exact,Mango pickle (Aam ka achaar),"prep-variability modeling band (internally generated, not source-reported)",10.0,No variants listed
FD240,Lemon Pickle,Nimbu Achaar,,"Chutneys, Raita, Pickles & Accompaniments",Chutney/Raita/Pickle,2,tbsp,30,17.733,23.992,0.311,0.421,4.302,5.82,0.053,0.072,0.544,0.736,0.26,0.352,10.855,14.686,5.604,7.582,37.905,51.284,0.033,0.044,1636.055,2213.486,0.0,0.0,5.659,7.657,0.181,0.244,0.009,0.012,1.173,1.587,0.006,0.008,0.002,0.003,0.01,0.014,1.321,1.787,0.0,0.0,Vegetarian,,"lemon, salt, spices",10,40,Anuvaad Indian Nutrient Databank (INDB) 2024.11,Closest INDB analogue: Sweet lemon pickle (Neembu ka meetha achaar); INDB 2024.11 values are per 100 g and were converted to the CSV serving weight of 30 g. Range is a transparent prep-variability modeling band of ±15%; this range is not reported by INDB. Vitamin D = D2+D3; Vitamin K = K1+K2. Vitamin B12 is not present in the supplied INDB workbook and is therefore left TBD rather than fabricated.,Medium,,"Section 4/5: ingredients compiled from standard/typical recipes (not from INDB); allergens derived programmatically from that ingredient list using the spec vocabulary (dairy/egg/gluten/nuts/groundnut/soy/fish/shellfish); vitamin_b12 is a category-level estimate from standard published B12 values for the dish's primary animal-protein/dairy component (not from INDB, which has no B12 column); price is a rough India-wide market estimate, not measured data.",Anuvaad Indian Nutrient Databank (INDB) 2024.11,Closest INDB analogue: Sweet lemon pickle (Neembu ka meetha achaar); INDB 2024.11 values are per 100 g and were converted to the CSV serving weight of 30 g. Range is a transparent prep-variability modeling band of ±15%; this range is not reported by INDB. Vitamin D = D2+D3; Vitamin K = K1+K2. Vitamin B12 is not present in the supplied INDB workbook and is therefore left TBD rather than fabricated.,Medium,N/A — no significant dietary B12 source,"Compiled ingredient list contains no meat, fish, egg, dairy solids, or fortified ingredient — only plant-based ingredients, and/or ghee/butter in amounts too small to contribute measurable B12 (B12 resides in milk solids/whey, not milk fat). Vitamin B12 is not naturally present in plant foods (USDA FoodData Central), so the value is retained at 0.0 rather than estimated.",High,PENDING_AUDIT,PENDING_AUDIT,PENDING_AUDIT,Close recipe,Sweet lemon pickle (Neembu ka meetha achaar),"prep-variability modeling band (internally generated, not source-reported)",15.0,No variants listed
FD241,Mixed Vegetable Pickle,,,"Chutneys, Raita, Pickles & Accompaniments",Chutney/Raita/Pickle,2,tbsp,30,57.025,69.698,0.513,0.627,2.021,2.47,5.314,6.495,0.746,0.912,0.572,0.7,11.559,14.127,8.912,10.892,76.451,93.44,0.096,0.118,671.847,821.146,0.0,0.0,8.201,10.023,0.724,0.885,0.073,0.089,3.792,4.635,0.014,0.017,0.014,0.017,0.038,0.046,4.295,5.249,0.0,0.0,Vegetarian,,"mixed vegetables, mustard oil, spices",10,40,Anuvaad Indian Nutrient Databank (INDB) 2024.11,Direct INDB equivalent: Mixed vegetable pickle (Sabziyoon ka achaar); INDB 2024.11 values are per 100 g and were converted to the CSV serving weight of 30 g. Range is a transparent prep-variability modeling band of ±10%; this range is not reported by INDB. Vitamin D = D2+D3; Vitamin K = K1+K2. Vitamin B12 is not present in the supplied INDB workbook and is therefore left TBD rather than fabricated.,High,,"Section 4/5: ingredients compiled from standard/typical recipes (not from INDB); allergens derived programmatically from that ingredient list using the spec vocabulary (dairy/egg/gluten/nuts/groundnut/soy/fish/shellfish); vitamin_b12 is a category-level estimate from standard published B12 values for the dish's primary animal-protein/dairy component (not from INDB, which has no B12 column); price is a rough India-wide market estimate, not measured data.",Anuvaad Indian Nutrient Databank (INDB) 2024.11,Direct INDB equivalent: Mixed vegetable pickle (Sabziyoon ka achaar); INDB 2024.11 values are per 100 g and were converted to the CSV serving weight of 30 g. Range is a transparent prep-variability modeling band of ±10%; this range is not reported by INDB. Vitamin D = D2+D3; Vitamin K = K1+K2. Vitamin B12 is not present in the supplied INDB workbook and is therefore left TBD rather than fabricated.,High,N/A — no significant dietary B12 source,"Compiled ingredient list contains no meat, fish, egg, dairy solids, or fortified ingredient — only plant-based ingredients, and/or ghee/butter in amounts too small to contribute measurable B12 (B12 resides in milk solids/whey, not milk fat). Vitamin B12 is not naturally present in plant foods (USDA FoodData Central), so the value is retained at 0.0 rather than estimated.",High,PENDING_AUDIT,PENDING_AUDIT,PENDING_AUDIT,Exact,Mixed vegetable pickle (Sabziyoon ka achaar),"prep-variability modeling band (internally generated, not source-reported)",10.0,No variants listed
FD242,Garlic Pickle,,,"Chutneys, Raita, Pickles & Accompaniments",Chutney/Raita/Pickle,2,tbsp,30,111.677,136.494,1.005,1.228,2.633,3.219,10.769,13.162,1.384,1.691,0.491,0.6,14.759,18.038,9.06,11.073,83.992,102.657,0.167,0.204,72.663,88.811,0.0,0.0,3.871,4.731,0.298,0.364,0.026,0.031,1.787,2.184,0.028,0.034,0.036,0.044,0.087,0.107,8.44,10.316,0.0,0.0,Vegetarian,,"garlic, mustard oil, spices",10,40,Anuvaad Indian Nutrient Databank (INDB) 2024.11,Direct INDB equivalent: Garlic pickle (Lahasun ka achar); INDB 2024.11 values are per 100 g and were converted to the CSV serving weight of 30 g. Range is a transparent prep-variability modeling band of ±10%; this range is not reported by INDB. Vitamin D = D2+D3; Vitamin K = K1+K2. Vitamin B12 is not present in the supplied INDB workbook and is therefore left TBD rather than fabricated.,High,,"Section 4/5: ingredients compiled from standard/typical recipes (not from INDB); allergens derived programmatically from that ingredient list using the spec vocabulary (dairy/egg/gluten/nuts/groundnut/soy/fish/shellfish); vitamin_b12 is a category-level estimate from standard published B12 values for the dish's primary animal-protein/dairy component (not from INDB, which has no B12 column); price is a rough India-wide market estimate, not measured data.",Anuvaad Indian Nutrient Databank (INDB) 2024.11,Direct INDB equivalent: Garlic pickle (Lahasun ka achar); INDB 2024.11 values are per 100 g and were converted to the CSV serving weight of 30 g. Range is a transparent prep-variability modeling band of ±10%; this range is not reported by INDB. Vitamin D = D2+D3; Vitamin K = K1+K2. Vitamin B12 is not present in the supplied INDB workbook and is therefore left TBD rather than fabricated.,High,N/A — no significant dietary B12 source,"Compiled ingredient list contains no meat, fish, egg, dairy solids, or fortified ingredient — only plant-based ingredients, and/or ghee/butter in amounts too small to contribute measurable B12 (B12 resides in milk solids/whey, not milk fat). Vitamin B12 is not naturally present in plant foods (USDA FoodData Central), so the value is retained at 0.0 rather than estimated.",High,PENDING_AUDIT,PENDING_AUDIT,PENDING_AUDIT,Exact,Garlic pickle (Lahasun ka achar),"prep-variability modeling band (internally generated, not source-reported)",10.0,No variants listed
FD243,Green Chilli Pickle,,,"Chutneys, Raita, Pickles & Accompaniments",Chutney/Raita/Pickle,2,tbsp,30,3.8,4.644,0.23,0.281,0.578,0.707,0.066,0.08,0.289,0.353,0.147,0.18,5.414,6.617,6.261,7.653,37.26,45.54,0.034,0.042,2041.031,2494.594,0.0,0.0,9.955,12.167,0.135,0.164,0.012,0.014,0.83,1.014,0.009,0.011,0.006,0.008,0.021,0.025,2.142,2.618,0.0,0.0,Vegetarian,,"green chilli, mustard oil, spices",10,40,Anuvaad Indian Nutrient Databank (INDB) 2024.11,Direct INDB equivalent: Lemon green chilli pickle (Nimboo aur hari mirch ka achaar); INDB 2024.11 values are per 100 g and were converted to the CSV serving weight of 30 g. Range is a transparent prep-variability modeling band of ±10%; this range is not reported by INDB. Vitamin D = D2+D3; Vitamin K = K1+K2. Vitamin B12 is not present in the supplied INDB workbook and is therefore left TBD rather than fabricated.,High,,"Section 4/5: ingredients compiled from standard/typical recipes (not from INDB); allergens derived programmatically from that ingredient list using the spec vocabulary (dairy/egg/gluten/nuts/groundnut/soy/fish/shellfish); vitamin_b12 is a category-level estimate from standard published B12 values for the dish's primary animal-protein/dairy component (not from INDB, which has no B12 column); price is a rough India-wide market estimate, not measured data.",Anuvaad Indian Nutrient Databank (INDB) 2024.11,Direct INDB equivalent: Lemon green chilli pickle (Nimboo aur hari mirch ka achaar); INDB 2024.11 values are per 100 g and were converted to the CSV serving weight of 30 g. Range is a transparent prep-variability modeling band of ±10%; this range is not reported by INDB. Vitamin D = D2+D3; Vitamin K = K1+K2. Vitamin B12 is not present in the supplied INDB workbook and is therefore left TBD rather than fabricated.,High,N/A — no significant dietary B12 source,"Compiled ingredient list contains no meat, fish, egg, dairy solids, or fortified ingredient — only plant-based ingredients, and/or ghee/butter in amounts too small to contribute measurable B12 (B12 resides in milk solids/whey, not milk fat). Vitamin B12 is not naturally present in plant foods (USDA FoodData Central), so the value is retained at 0.0 rather than estimated.",High,PENDING_AUDIT,PENDING_AUDIT,PENDING_AUDIT,Exact,Lemon green chilli pickle (Nimboo aur hari mirch ka achaar),"prep-variability modeling band (internally generated, not source-reported)",10.0,No variants listed
FD244,Papad (Appalam),"Appalam, Papadum",Roasted Papad (no oil),"Chutneys, Raita, Pickles & Accompaniments",Chutney/Raita/Pickle,2,tbsp,30,84.48,126.72,5.28,7.92,13.92,20.88,0.72,1.08,1.2,1.8,1.2,1.8,9.6,14.4,21.6,32.4,168.0,252.0,0.432,0.648,288.0,432.0,0.0,0.0,0.0,0.0,0.0,0.0,0.12,0.18,0.24,0.36,0.072,0.108,0.036,0.054,0.048,0.072,21.6,32.4,0.0,0.0,Vegetarian,,"urad dal flour, salt",10,40,IFCT-consistent estimate (commodity),"IFCT-consistent generic urad-dal papad (roasted) composition, converted to serving weight. No standalone papad entry exists in this INDB extract.",Low,"Roasted papad has no added oil, unlike a fried papad, so fat content differs meaningfully for the same base ingredient. Consider splitting out (confirm which prep the base row represents).","Section 2: re-derived from correct dish-level analogue (was: wrong-category/keyword-bug match per audit report). | Section 4/5: ingredients compiled from standard/typical recipes (not from INDB); allergens derived programmatically from that ingredient list using the spec vocabulary (dairy/egg/gluten/nuts/groundnut/soy/fish/shellfish); vitamin_b12 is a category-level estimate from standard published B12 values for the dish's primary animal-protein/dairy component (not from INDB, which has no B12 column); price is a rough India-wide market estimate, not measured data. | Audit-pass-2: re-sourced after INDB citation was found to not exist in the real dataset",IFCT-consistent estimate (commodity),"IFCT-consistent generic urad-dal papad (roasted) composition, converted to serving weight. No standalone papad entry exists in this INDB extract.",Low,N/A — no significant dietary B12 source,"Compiled ingredient list contains no meat, fish, egg, dairy solids, or fortified ingredient — only plant-based ingredients, and/or ghee/butter in amounts too small to contribute measurable B12 (B12 resides in milk solids/whey, not milk fat). Vitamin B12 is not naturally present in plant foods (USDA FoodData Central), so the value is retained at 0.0 rather than estimated.",High,PENDING_AUDIT,PENDING_AUDIT,PENDING_AUDIT,Ingredient composition,IFCT-consistent estimate (commodity),not specified,,Reviewed — needs confirmation
FD245,Plain Curd (Dahi),"Thayir, Curd",Hung Curd (Chakka),"Chutneys, Raita, Pickles & Accompaniments",Chutney/Raita/Pickle,2,tbsp,30,44.041,73.401,1.294,2.157,7.409,12.349,0.971,1.619,0.48,0.8,0.133,0.221,22.841,38.068,5.462,9.104,47.65,79.417,0.166,0.277,47.99,79.984,1.785,2.975,0.531,0.885,0.356,0.593,0.238,0.397,1.78,2.966,0.022,0.037,0.033,0.055,0.031,0.052,2.939,4.899,0.3,0.6,Vegetarian,Dairy,"milk, curd culture",10,40,Anuvaad Indian Nutrient Databank (INDB) 2024.11,Closest INDB analogue: Curd rice (Dahi bhaat/Dahi chawal/ Perugu annam/Daddojanam/Thayir saadam); INDB 2024.11 values are per 100 g and were converted to the CSV serving weight of 30 g. Range is a transparent prep-variability modeling band of ±25%; this range is not reported by INDB. Vitamin D = D2+D3; Vitamin K = K1+K2. Vitamin B12 is not present in the supplied INDB workbook and is therefore left TBD rather than fabricated.,Low,"Hung curd has the whey strained out, concentrating protein and fat per gram versus plain curd — a real compositional difference, not just naming. Consider splitting out.","Section 4/5: ingredients compiled from standard/typical recipes (not from INDB); allergens derived programmatically from that ingredient list using the spec vocabulary (dairy/egg/gluten/nuts/groundnut/soy/fish/shellfish); vitamin_b12 is a category-level estimate from standard published B12 values for the dish's primary animal-protein/dairy component (not from INDB, which has no B12 column); price is a rough India-wide market estimate, not measured data.",Anuvaad Indian Nutrient Databank (INDB) 2024.11,Closest INDB analogue: Curd rice (Dahi bhaat/Dahi chawal/ Perugu annam/Daddojanam/Thayir saadam); INDB 2024.11 values are per 100 g and were converted to the CSV serving weight of 30 g. Range is a transparent prep-variability modeling band of ±25%; this range is not reported by INDB. Vitamin D = D2+D3; Vitamin K = K1+K2. Vitamin B12 is not present in the supplied INDB workbook and is therefore left TBD rather than fabricated.,Low,USDA FoodData Central,"Category-level estimate: curd/yogurt or milk is the dish's primary (or only) dairy component. USDA values for plain curd/yogurt and whole milk (~0.4-0.6 mcg/100g), scaled to a typical dairy-content fraction of this serving. Not from INDB.",Medium,PENDING_AUDIT,PENDING_AUDIT,PENDING_AUDIT,Close recipe,Curd rice (Dahi bhaat/Dahi chawal/ Perugu annam/Daddojanam/Thayir saadam),"prep-variability modeling band (internally generated, not source-reported)",25.0,"Reviewed — distinct variant, split recommended"
FD246,Kosambari,Koshimbir (Maharashtrian equivalent),,"Chutneys, Raita, Pickles & Accompaniments",Chutney/Raita/Pickle,2,tbsp,30,24.714,33.437,0.854,1.156,2.695,3.646,1.118,1.512,0.898,1.215,0.315,0.427,7.711,10.432,8.202,11.097,76.065,102.911,0.119,0.161,40.682,55.041,0.0,0.0,2.017,2.729,0.843,1.141,0.265,0.359,8.711,11.785,0.02,0.028,0.012,0.016,0.02,0.027,6.759,9.145,0.0,0.0,Vegetarian,,"moong dal, cucumber, carrot, coconut",10,40,Anuvaad Indian Nutrient Databank (INDB) 2024.11,Closest INDB analogue: Sambar; INDB 2024.11 values are per 100 g and were converted to the CSV serving weight of 30 g. Range is a transparent prep-variability modeling band of ±15%; this range is not reported by INDB. Vitamin D = D2+D3; Vitamin K = K1+K2. Vitamin B12 is not present in the supplied INDB workbook and is therefore left TBD rather than fabricated.,Medium,,"Section 4/5: ingredients compiled from standard/typical recipes (not from INDB); allergens derived programmatically from that ingredient list using the spec vocabulary (dairy/egg/gluten/nuts/groundnut/soy/fish/shellfish); vitamin_b12 is a category-level estimate from standard published B12 values for the dish's primary animal-protein/dairy component (not from INDB, which has no B12 column); price is a rough India-wide market estimate, not measured data.",Anuvaad Indian Nutrient Databank (INDB) 2024.11,Closest INDB analogue: Sambar; INDB 2024.11 values are per 100 g and were converted to the CSV serving weight of 30 g. Range is a transparent prep-variability modeling band of ±15%; this range is not reported by INDB. Vitamin D = D2+D3; Vitamin K = K1+K2. Vitamin B12 is not present in the supplied INDB workbook and is therefore left TBD rather than fabricated.,Medium,N/A — no significant dietary B12 source,"Compiled ingredient list contains no meat, fish, egg, dairy solids, or fortified ingredient — only plant-based ingredients, and/or ghee/butter in amounts too small to contribute measurable B12 (B12 resides in milk solids/whey, not milk fat). Vitamin B12 is not naturally present in plant foods (USDA FoodData Central), so the value is retained at 0.0 rather than estimated.",High,PENDING_AUDIT,PENDING_AUDIT,PENDING_AUDIT,Close recipe,Sambar,"prep-variability modeling band (internally generated, not source-reported)",15.0,No variants listed
FD247,Onion Salad (Laccha Pyaz),Pyaz Salad,,"Chutneys, Raita, Pickles & Accompaniments",Salad,1,serving,80,42.934,71.557,2.913,4.855,4.718,7.863,1.455,2.425,0.389,0.648,0.183,0.305,98.277,163.796,12.331,20.552,161.925,269.875,0.377,0.628,113.979,189.965,13.15,21.917,3.234,5.391,0.177,0.295,0.04,0.066,4.476,7.459,0.035,0.058,0.131,0.218,0.064,0.107,12.318,20.531,0.0,0.0,Vegetarian,,"onion, lemon, chilli powder",10,40,Anuvaad Indian Nutrient Databank (INDB) 2024.11,Closest INDB analogue: Onion raita (Pyaaz ka raita); INDB 2024.11 values are per 100 g and were converted to the CSV serving weight of 80 g. Range is a transparent prep-variability modeling band of ±25%; this range is not reported by INDB. Vitamin D = D2+D3; Vitamin K = K1+K2. Vitamin B12 is not present in the supplied INDB workbook and is therefore left TBD rather than fabricated.,Low,,"Section 4/5: ingredients compiled from standard/typical recipes (not from INDB); allergens derived programmatically from that ingredient list using the spec vocabulary (dairy/egg/gluten/nuts/groundnut/soy/fish/shellfish); vitamin_b12 is a category-level estimate from standard published B12 values for the dish's primary animal-protein/dairy component (not from INDB, which has no B12 column); price is a rough India-wide market estimate, not measured data.",Anuvaad Indian Nutrient Databank (INDB) 2024.11,Closest INDB analogue: Onion raita (Pyaaz ka raita); INDB 2024.11 values are per 100 g and were converted to the CSV serving weight of 80 g. Range is a transparent prep-variability modeling band of ±25%; this range is not reported by INDB. Vitamin D = D2+D3; Vitamin K = K1+K2. Vitamin B12 is not present in the supplied INDB workbook and is therefore left TBD rather than fabricated.,Low,N/A — no significant dietary B12 source,"Compiled ingredient list contains no meat, fish, egg, dairy solids, or fortified ingredient — only plant-based ingredients, and/or ghee/butter in amounts too small to contribute measurable B12 (B12 resides in milk solids/whey, not milk fat). Vitamin B12 is not naturally present in plant foods (USDA FoodData Central), so the value is retained at 0.0 rather than estimated.",High,PENDING_AUDIT,PENDING_AUDIT,PENDING_AUDIT,Close recipe,Onion raita (Pyaaz ka raita),"prep-variability modeling band (internally generated, not source-reported)",25.0,No variants listed
FD248,Cucumber Salad,,,"Chutneys, Raita, Pickles & Accompaniments",Salad,1,serving,80,26.011,31.791,1.506,1.84,3.401,4.157,0.667,0.816,1.197,1.462,0.377,0.461,49.313,60.271,15.749,19.249,155.164,189.645,0.229,0.28,102.042,124.718,5.255,6.423,4.214,5.15,0.719,0.879,0.028,0.034,6.451,7.885,0.022,0.027,0.058,0.071,0.052,0.063,13.361,16.33,0.0,0.0,Vegetarian,,"cucumber, lemon, salt",10,40,Anuvaad Indian Nutrient Databank (INDB) 2024.11,Direct INDB equivalent: Cucumber and yogurt salad (Kheere aur dahi ka salad); INDB 2024.11 values are per 100 g and were converted to the CSV serving weight of 80 g. Range is a transparent prep-variability modeling band of ±10%; this range is not reported by INDB. Vitamin D = D2+D3; Vitamin K = K1+K2. Vitamin B12 is not present in the supplied INDB workbook and is therefore left TBD rather than fabricated.,High,,"Section 4/5: ingredients compiled from standard/typical recipes (not from INDB); allergens derived programmatically from that ingredient list using the spec vocabulary (dairy/egg/gluten/nuts/groundnut/soy/fish/shellfish); vitamin_b12 is a category-level estimate from standard published B12 values for the dish's primary animal-protein/dairy component (not from INDB, which has no B12 column); price is a rough India-wide market estimate, not measured data.",Anuvaad Indian Nutrient Databank (INDB) 2024.11,Direct INDB equivalent: Cucumber and yogurt salad (Kheere aur dahi ka salad); INDB 2024.11 values are per 100 g and were converted to the CSV serving weight of 80 g. Range is a transparent prep-variability modeling band of ±10%; this range is not reported by INDB. Vitamin D = D2+D3; Vitamin K = K1+K2. Vitamin B12 is not present in the supplied INDB workbook and is therefore left TBD rather than fabricated.,High,N/A — no significant dietary B12 source,"Compiled ingredient list contains no meat, fish, egg, dairy solids, or fortified ingredient — only plant-based ingredients, and/or ghee/butter in amounts too small to contribute measurable B12 (B12 resides in milk solids/whey, not milk fat). Vitamin B12 is not naturally present in plant foods (USDA FoodData Central), so the value is retained at 0.0 rather than estimated.",High,PENDING_AUDIT,PENDING_AUDIT,PENDING_AUDIT,Exact,Cucumber and yogurt salad (Kheere aur dahi ka salad),"prep-variability modeling band (internally generated, not source-reported)",10.0,No variants listed
FD249,Green Salad,Mixed Salad,,"Chutneys, Raita, Pickles & Accompaniments",Salad,1,serving,80,35.912,43.893,0.961,1.174,2.747,3.358,2.33,2.848,0.955,1.167,0.912,1.115,24.272,29.666,13.784,16.847,152.082,185.878,0.203,0.248,46.863,57.277,0.0,0.0,19.235,23.509,1.306,1.596,0.033,0.04,29.653,36.243,0.028,0.035,0.029,0.036,0.07,0.085,25.09,30.665,0.0,0.0,Vegetarian,,"cucumber, tomato, onion, carrot",10,40,Anuvaad Indian Nutrient Databank (INDB) 2024.11,Direct INDB equivalent: Tossed green salad; INDB 2024.11 values are per 100 g and were converted to the CSV serving weight of 80 g. Range is a transparent prep-variability modeling band of ±10%; this range is not reported by INDB. Vitamin D = D2+D3; Vitamin K = K1+K2. Vitamin B12 is not present in the supplied INDB workbook and is therefore left TBD rather than fabricated.,High,,"Section 4/5: ingredients compiled from standard/typical recipes (not from INDB); allergens derived programmatically from that ingredient list using the spec vocabulary (dairy/egg/gluten/nuts/groundnut/soy/fish/shellfish); vitamin_b12 is a category-level estimate from standard published B12 values for the dish's primary animal-protein/dairy component (not from INDB, which has no B12 column); price is a rough India-wide market estimate, not measured data.",Anuvaad Indian Nutrient Databank (INDB) 2024.11,Direct INDB equivalent: Tossed green salad; INDB 2024.11 values are per 100 g and were converted to the CSV serving weight of 80 g. Range is a transparent prep-variability modeling band of ±10%; this range is not reported by INDB. Vitamin D = D2+D3; Vitamin K = K1+K2. Vitamin B12 is not present in the supplied INDB workbook and is therefore left TBD rather than fabricated.,High,N/A — no significant dietary B12 source,"Compiled ingredient list contains no meat, fish, egg, dairy solids, or fortified ingredient — only plant-based ingredients, and/or ghee/butter in amounts too small to contribute measurable B12 (B12 resides in milk solids/whey, not milk fat). Vitamin B12 is not naturally present in plant foods (USDA FoodData Central), so the value is retained at 0.0 rather than estimated.",High,PENDING_AUDIT,PENDING_AUDIT,PENDING_AUDIT,Exact,Tossed green salad,"prep-variability modeling band (internally generated, not source-reported)",10.0,No variants listed
FD250,Papaya Salad,,,"Chutneys, Raita, Pickles & Accompaniments",Salad,1,serving,80,26.901,36.395,0.313,0.423,6.756,9.141,0.188,0.254,1.064,1.439,0.156,0.212,12.512,16.928,13.138,17.774,113.859,154.045,0.05,0.068,5.005,6.771,29.403,39.781,38.162,51.63,0.0,0.0,0.188,0.254,1.627,2.201,0.013,0.017,0.019,0.025,0.019,0.025,23.147,31.317,0.0,0.0,Vegetarian,,"raw papaya, lemon, salt",10,40,USDA,"USDA FoodData Central, Papayas raw (92% of serving; remainder is lime/salt/seasoning with negligible macro contribution), converted to serving weight. Replaces a prior citation of ""papaya raw"" + ""jam,"" neither of which exists in this INDB extract, and jam is not an ingredient of a papaya salad.",Medium,,"Section 2: re-derived from correct dish-level analogue (was: wrong-category/keyword-bug match per audit report). | Section 4/5: ingredients compiled from standard/typical recipes (not from INDB); allergens derived programmatically from that ingredient list using the spec vocabulary (dairy/egg/gluten/nuts/groundnut/soy/fish/shellfish); vitamin_b12 is a category-level estimate from standard published B12 values for the dish's primary animal-protein/dairy component (not from INDB, which has no B12 column); price is a rough India-wide market estimate, not measured data. | Audit-pass-2: re-sourced after INDB citation was found to not exist in the real dataset",USDA,"USDA FoodData Central, Papayas raw (92% of serving; remainder is lime/salt/seasoning with negligible macro contribution), converted to serving weight. Replaces a prior citation of ""papaya raw"" + ""jam,"" neither of which exists in this INDB extract, and jam is not an ingredient of a papaya salad.",Medium,N/A — no significant dietary B12 source,"Compiled ingredient list contains no meat, fish, egg, dairy solids, or fortified ingredient — only plant-based ingredients, and/or ghee/butter in amounts too small to contribute measurable B12 (B12 resides in milk solids/whey, not milk fat). Vitamin B12 is not naturally present in plant foods (USDA FoodData Central), so the value is retained at 0.0 rather than estimated.",High,PENDING_AUDIT,PENDING_AUDIT,PENDING_AUDIT,Ingredient composition,USDA,not specified,,No variants listed
FD251,Carrot Salad,,,"Chutneys, Raita, Pickles & Accompaniments",Salad,1,serving,80,25.65,34.702,0.563,0.762,6.006,8.125,0.125,0.169,1.752,2.37,0.188,0.254,20.645,27.931,7.507,10.157,200.192,270.848,0.15,0.203,43.166,58.402,522.376,706.744,3.691,4.994,0.0,0.0,0.413,0.559,8.258,11.172,0.044,0.059,0.038,0.051,0.088,0.118,11.886,16.082,0.0,0.0,Vegetarian,,"carrot, lemon, salt",10,40,USDA,"USDA FoodData Central, Carrots raw (92% of serving; remainder is lime/salt/seasoning with negligible macro contribution), converted to serving weight. Replaces a prior citation of ""carrot raw"" + ""jam,"" neither of which exists in this INDB extract, and jam is not an ingredient of a carrot salad.",Medium,,"Section 2: re-derived from correct dish-level analogue (was: wrong-category/keyword-bug match per audit report). | Section 4/5: ingredients compiled from standard/typical recipes (not from INDB); allergens derived programmatically from that ingredient list using the spec vocabulary (dairy/egg/gluten/nuts/groundnut/soy/fish/shellfish); vitamin_b12 is a category-level estimate from standard published B12 values for the dish's primary animal-protein/dairy component (not from INDB, which has no B12 column); price is a rough India-wide market estimate, not measured data. | Audit-pass-2: re-sourced after INDB citation was found to not exist in the real dataset",USDA,"USDA FoodData Central, Carrots raw (92% of serving; remainder is lime/salt/seasoning with negligible macro contribution), converted to serving weight. Replaces a prior citation of ""carrot raw"" + ""jam,"" neither of which exists in this INDB extract, and jam is not an ingredient of a carrot salad.",Medium,N/A — no significant dietary B12 source,"Compiled ingredient list contains no meat, fish, egg, dairy solids, or fortified ingredient — only plant-based ingredients, and/or ghee/butter in amounts too small to contribute measurable B12 (B12 resides in milk solids/whey, not milk fat). Vitamin B12 is not naturally present in plant foods (USDA FoodData Central), so the value is retained at 0.0 rather than estimated.",High,PENDING_AUDIT,PENDING_AUDIT,PENDING_AUDIT,Ingredient composition,USDA,not specified,,No variants listed
FD252,Beetroot Pachadi,Beetroot Chutney,,"Chutneys, Raita, Pickles & Accompaniments",Chutney/Raita/Pickle,2,tbsp,30,118.723,197.872,0.43,0.717,2.765,4.608,11.74,19.567,0.315,0.524,0.135,0.225,1.21,2.017,3.447,5.745,12.656,21.093,0.076,0.127,10.458,17.431,0.448,0.746,0.064,0.106,0.394,0.656,5.748,9.58,0.819,1.365,0.011,0.019,0.004,0.007,0.007,0.012,2.066,3.443,0.05,0.15,Vegetarian,Dairy,"beetroot, curd, mustard seeds",10,40,Anuvaad Indian Nutrient Databank (INDB) 2024.11,Closest INDB analogue: Beetroot poori (Chukandar ki poori); INDB 2024.11 values are per 100 g and were converted to the CSV serving weight of 30 g. Range is a transparent prep-variability modeling band of ±25%; this range is not reported by INDB. Vitamin D = D2+D3; Vitamin K = K1+K2. Vitamin B12 is not present in the supplied INDB workbook and is therefore left TBD rather than fabricated.,Low,,"Section 4/5: ingredients compiled from standard/typical recipes (not from INDB); allergens derived programmatically from that ingredient list using the spec vocabulary (dairy/egg/gluten/nuts/groundnut/soy/fish/shellfish); vitamin_b12 is a category-level estimate from standard published B12 values for the dish's primary animal-protein/dairy component (not from INDB, which has no B12 column); price is a rough India-wide market estimate, not measured data.",Anuvaad Indian Nutrient Databank (INDB) 2024.11,Closest INDB analogue: Beetroot poori (Chukandar ki poori); INDB 2024.11 values are per 100 g and were converted to the CSV serving weight of 30 g. Range is a transparent prep-variability modeling band of ±25%; this range is not reported by INDB. Vitamin D = D2+D3; Vitamin K = K1+K2. Vitamin B12 is not present in the supplied INDB workbook and is therefore left TBD rather than fabricated.,Low,USDA FoodData Central,"Category-level estimate: curd/yogurt or milk is the dish's primary (or only) dairy component. USDA values for plain curd/yogurt and whole milk (~0.4-0.6 mcg/100g), scaled to a typical dairy-content fraction of this serving. Not from INDB.",Medium,PENDING_AUDIT,PENDING_AUDIT,PENDING_AUDIT,Close recipe,Beetroot poori (Chukandar ki poori),"prep-variability modeling band (internally generated, not source-reported)",25.0,No variants listed
FD253,Pudina Raita,Mint Raita,,"Chutneys, Raita, Pickles & Accompaniments",Chutney/Raita/Pickle,2,tbsp,30,20.948,25.603,1.522,1.86,2.064,2.523,0.8,0.978,0.093,0.114,0.1,0.122,53.52,65.413,6.075,7.425,79.065,96.635,0.191,0.234,74.082,90.545,7.223,8.828,0.758,0.926,0.039,0.047,0.017,0.021,1.091,1.333,0.016,0.02,0.072,0.088,0.029,0.036,5.319,6.501,0.05,0.15,Vegetarian,Dairy,"curd, mint, cumin",10,40,Anuvaad Indian Nutrient Databank (INDB) 2024.11,Direct INDB equivalent: Mint raita (Pudinay ka raita); INDB 2024.11 values are per 100 g and were converted to the CSV serving weight of 30 g. Range is a transparent prep-variability modeling band of ±10%; this range is not reported by INDB. Vitamin D = D2+D3; Vitamin K = K1+K2. Vitamin B12 is not present in the supplied INDB workbook and is therefore left TBD rather than fabricated.,High,,"Section 4/5: ingredients compiled from standard/typical recipes (not from INDB); allergens derived programmatically from that ingredient list using the spec vocabulary (dairy/egg/gluten/nuts/groundnut/soy/fish/shellfish); vitamin_b12 is a category-level estimate from standard published B12 values for the dish's primary animal-protein/dairy component (not from INDB, which has no B12 column); price is a rough India-wide market estimate, not measured data.",Anuvaad Indian Nutrient Databank (INDB) 2024.11,Direct INDB equivalent: Mint raita (Pudinay ka raita); INDB 2024.11 values are per 100 g and were converted to the CSV serving weight of 30 g. Range is a transparent prep-variability modeling band of ±10%; this range is not reported by INDB. Vitamin D = D2+D3; Vitamin K = K1+K2. Vitamin B12 is not present in the supplied INDB workbook and is therefore left TBD rather than fabricated.,High,USDA FoodData Central,"Category-level estimate: curd/yogurt or milk is the dish's primary (or only) dairy component. USDA values for plain curd/yogurt and whole milk (~0.4-0.6 mcg/100g), scaled to a typical dairy-content fraction of this serving. Not from INDB.",Medium,PENDING_AUDIT,PENDING_AUDIT,PENDING_AUDIT,Exact,Mint raita (Pudinay ka raita),"prep-variability modeling band (internally generated, not source-reported)",10.0,No variants listed
FD254,Filter Coffee,"Kaapi, South Indian Filter Coffee",,Beverages,Hot Beverage,1,cup,150,26.05,43.417,0.721,1.201,4.11,6.85,0.84,1.4,0.0,0.0,0.069,0.114,23.475,39.125,4.087,6.812,50.062,83.438,0.073,0.122,5.531,9.219,0.0,0.0,0.377,0.628,0.0,0.0,0.041,0.069,0.032,0.054,0.006,0.01,0.022,0.037,0.008,0.013,1.401,2.334,0.3,0.6,Vegetarian,Dairy,"coffee decoction, milk, sugar",15,60,Anuvaad Indian Nutrient Databank (INDB) 2024.11,Closest INDB analogue: Instant coffee; INDB 2024.11 values are per 100 g and were converted to the CSV serving weight of 150 g. Range is a transparent prep-variability modeling band of ±25%; this range is not reported by INDB. Vitamin D = D2+D3; Vitamin K = K1+K2. Vitamin B12 is not present in the supplied INDB workbook and is therefore left TBD rather than fabricated.,Low,,"Section 4/5: ingredients compiled from standard/typical recipes (not from INDB); allergens derived programmatically from that ingredient list using the spec vocabulary (dairy/egg/gluten/nuts/groundnut/soy/fish/shellfish); vitamin_b12 is a category-level estimate from standard published B12 values for the dish's primary animal-protein/dairy component (not from INDB, which has no B12 column); price is a rough India-wide market estimate, not measured data.",Anuvaad Indian Nutrient Databank (INDB) 2024.11,Closest INDB analogue: Instant coffee; INDB 2024.11 values are per 100 g and were converted to the CSV serving weight of 150 g. Range is a transparent prep-variability modeling band of ±25%; this range is not reported by INDB. Vitamin D = D2+D3; Vitamin K = K1+K2. Vitamin B12 is not present in the supplied INDB workbook and is therefore left TBD rather than fabricated.,Low,USDA FoodData Central,"Category-level estimate: curd/yogurt or milk is the dish's primary (or only) dairy component. USDA values for plain curd/yogurt and whole milk (~0.4-0.6 mcg/100g), scaled to a typical dairy-content fraction of this serving. Not from INDB.",Medium,PENDING_AUDIT,PENDING_AUDIT,PENDING_AUDIT,Close recipe,Instant coffee,"prep-variability modeling band (internally generated, not source-reported)",25.0,No variants listed
FD255,Masala Chai,"Chai, Masala Tea",Adrak Chai (ginger tea only),Beverages,Hot Beverage,1,cup,150,67.773,101.659,2.259,3.388,9.792,14.688,2.329,3.494,0.0,0.0,0.045,0.067,79.827,119.741,7.49,11.235,109.694,164.541,0.282,0.424,30.847,46.271,32.471,48.706,0.706,1.059,0.071,0.106,0.049,0.074,0.212,0.318,0.028,0.042,0.131,0.197,0.028,0.042,3.529,5.294,0.3,0.6,Vegetarian,Dairy,"tea leaves, milk, sugar, spices",15,60,"Composite (FatSecret + published recipe nutrition analyses), cross-checked against IFCT/USDA ingredient-level values","Section 1 fix (Masala keyword-bug correction): re-derived from a real milk-tea composition, built from whole milk + brewed black tea + sugar at ~60%/37%/3% of serving weight; cross-checked against Tarla Dalal ""Masala Tea"" (105 kcal/cup) and a milk-tea recipe reporting 0.2mg iron per serving, converted to the CSV serving weight of 150 g. Range reflects a transparent prep-variability band (not a single lab figure). Vitamin D = D2+D3; Vitamin K = K1+K2. Replaces the prior value, which had been matched to a spice-blend (garam/chat masala) INDB entry instead of the actual dish.",Medium,Adrak Chai omits the full masala spice blend in favor of ginger alone; close enough to the base recipe (same tea/milk/sugar core) that a split is not essential.,"Section 1: re-derived from correct dish-level analogue (was matched to spice-blend entry, producing implausible iron) | Section 4/5: ingredients compiled from standard/typical recipes (not from INDB); allergens derived programmatically from that ingredient list using the spec vocabulary (dairy/egg/gluten/nuts/groundnut/soy/fish/shellfish); vitamin_b12 is a category-level estimate from standard published B12 values for the dish's primary animal-protein/dairy component (not from INDB, which has no B12 column); price is a rough India-wide market estimate, not measured data.","Composite (FatSecret + published recipe nutrition analyses), cross-checked against IFCT/USDA ingredient-level values","Section 1 fix (Masala keyword-bug correction): re-derived from a real milk-tea composition, built from whole milk + brewed black tea + sugar at ~60%/37%/3% of serving weight; cross-checked against Tarla Dalal ""Masala Tea"" (105 kcal/cup) and a milk-tea recipe reporting 0.2mg iron per serving, converted to the CSV serving weight of 150 g. Range reflects a transparent prep-variability band (not a single lab figure). Vitamin D = D2+D3; Vitamin K = K1+K2. Replaces the prior value, which had been matched to a spice-blend (garam/chat masala) INDB entry instead of the actual dish.",Medium,USDA FoodData Central,"Category-level estimate: curd/yogurt or milk is the dish's primary (or only) dairy component. USDA values for plain curd/yogurt and whole milk (~0.4-0.6 mcg/100g), scaled to a typical dairy-content fraction of this serving. Not from INDB.",Medium,PENDING_AUDIT,PENDING_AUDIT,PENDING_AUDIT,Ingredient composition,"Composite (FatSecret + published recipe nutrition analyses), cross-checked again",not specified,,"Reviewed — minor variant, no split needed"
FD256,Buttermilk (Chaas),"Chaas, Moru, Sambharam (spiced version)","Masala Chaas (spiced, with mint/ginger/curry leaves)",Beverages,Hot Beverage,1,cup,150,21.201,35.334,1.524,2.541,2.088,3.48,0.808,1.347,0.02,0.034,0.041,0.068,53.757,89.595,5.445,9.075,75.796,126.326,0.189,0.315,73.577,122.628,7.442,12.404,0.271,0.452,0.008,0.013,0.014,0.024,0.097,0.162,0.016,0.027,0.072,0.12,0.027,0.045,4.803,8.005,0.3,0.6,Vegetarian,Dairy,"curd, water, salt, cumin",15,60,Anuvaad Indian Nutrient Databank (INDB) 2024.11,"Section 2 fix: Lassi (salted) (100%); INDB 2024.11 values are per 100 g (commodity components use standard published composition) and were converted to the CSV serving weight of 150 g. Range is a transparent prep-variability modeling band of ±25%; this range is not reported by INDB. Vitamin D = D2+D3; Vitamin K = K1+K2. Vitamin B12 is not present in the supplied INDB workbook and is therefore left TBD rather than fabricated. Buttermilk/chaas modeled on salted lassi (same diluted-curd-and-spice drink family); chaas is typically thinner, so treat as upper-bound-leaning.",Medium,"Masala Chaas adds mint, ginger and extra tempering to the base buttermilk; ingredient base (curd + water) is unchanged, so a split is not essential.","Section 2: re-derived from correct dish-level analogue (was: wrong-category/keyword-bug match per audit report). | Section 4/5: ingredients compiled from standard/typical recipes (not from INDB); allergens derived programmatically from that ingredient list using the spec vocabulary (dairy/egg/gluten/nuts/groundnut/soy/fish/shellfish); vitamin_b12 is a category-level estimate from standard published B12 values for the dish's primary animal-protein/dairy component (not from INDB, which has no B12 column); price is a rough India-wide market estimate, not measured data.",Anuvaad Indian Nutrient Databank (INDB) 2024.11,"Section 2 fix: Lassi (salted) (100%); INDB 2024.11 values are per 100 g (commodity components use standard published composition) and were converted to the CSV serving weight of 150 g. Range is a transparent prep-variability modeling band of ±25%; this range is not reported by INDB. Vitamin D = D2+D3; Vitamin K = K1+K2. Vitamin B12 is not present in the supplied INDB workbook and is therefore left TBD rather than fabricated. Buttermilk/chaas modeled on salted lassi (same diluted-curd-and-spice drink family); chaas is typically thinner, so treat as upper-bound-leaning.",Medium,USDA FoodData Central,"Category-level estimate: curd/yogurt or milk is the dish's primary (or only) dairy component. USDA values for plain curd/yogurt and whole milk (~0.4-0.6 mcg/100g), scaled to a typical dairy-content fraction of this serving. Not from INDB.",Medium,PENDING_AUDIT,PENDING_AUDIT,PENDING_AUDIT,Ingredient composition,Lassi (salted) (100%),"prep-variability modeling band (internally generated, not source-reported)",25.0,"Reviewed — minor variant, no split needed"
FD257,Sweet Lassi,Meethi Lassi,,Beverages,Cold Beverage,1,glass,200,64.19,78.454,2.319,2.834,11.715,14.319,1.22,1.492,0.0,0.0,0.057,0.07,82.169,100.429,7.892,9.645,114.305,139.706,0.293,0.358,32.949,40.271,11.39,13.921,0.407,0.497,0.0,0.0,0.02,0.025,0.0,0.0,0.024,0.03,0.11,0.134,0.041,0.05,7.322,8.949,0.3,0.6,Vegetarian,Dairy,"curd, sugar",15,60,Anuvaad Indian Nutrient Databank (INDB) 2024.11,Direct INDB equivalent: Sweet Lassi (Meethi lassi); INDB 2024.11 values are per 100 g and were converted to the CSV serving weight of 200 g. Range is a transparent prep-variability modeling band of ±10%; this range is not reported by INDB. Vitamin D = D2+D3; Vitamin K = K1+K2. Vitamin B12 is not present in the supplied INDB workbook and is therefore left TBD rather than fabricated.,High,,"Section 4/5: ingredients compiled from standard/typical recipes (not from INDB); allergens derived programmatically from that ingredient list using the spec vocabulary (dairy/egg/gluten/nuts/groundnut/soy/fish/shellfish); vitamin_b12 is a category-level estimate from standard published B12 values for the dish's primary animal-protein/dairy component (not from INDB, which has no B12 column); price is a rough India-wide market estimate, not measured data.",Anuvaad Indian Nutrient Databank (INDB) 2024.11,Direct INDB equivalent: Sweet Lassi (Meethi lassi); INDB 2024.11 values are per 100 g and were converted to the CSV serving weight of 200 g. Range is a transparent prep-variability modeling band of ±10%; this range is not reported by INDB. Vitamin D = D2+D3; Vitamin K = K1+K2. Vitamin B12 is not present in the supplied INDB workbook and is therefore left TBD rather than fabricated.,High,USDA FoodData Central,"Category-level estimate: curd/yogurt or milk is the dish's primary (or only) dairy component. USDA values for plain curd/yogurt and whole milk (~0.4-0.6 mcg/100g), scaled to a typical dairy-content fraction of this serving. Not from INDB.",Medium,PENDING_AUDIT,PENDING_AUDIT,PENDING_AUDIT,Exact,Sweet Lassi (Meethi lassi),"prep-variability modeling band (internally generated, not source-reported)",10.0,No variants listed
FD258,Mango Lassi,,,Beverages,Cold Beverage,1,glass,200,63.854,95.782,2.201,3.302,10.645,15.967,1.618,2.428,0.085,0.127,0.09,0.135,78.378,117.567,7.587,11.38,106.585,159.877,0.268,0.402,27.678,41.517,8.099,12.149,2.099,3.148,0.167,0.25,0.063,0.094,0.215,0.322,0.024,0.035,0.098,0.147,0.041,0.061,10.039,15.058,0.3,0.6,Vegetarian,Dairy,"curd, mango, sugar",15,60,Anuvaad Indian Nutrient Databank (INDB) 2024.11,"Section 2 fix: Sweet Lassi (Meethi lassi) (80%) + Mango milkshake (Aam milkshake) (20%); INDB 2024.11 values are per 100 g (commodity components use standard published composition) and were converted to the CSV serving weight of 200 g. Range is a transparent prep-variability modeling band of ±20%; this range is not reported by INDB. Vitamin D = D2+D3; Vitamin K = K1+K2. Vitamin B12 is not present in the supplied INDB workbook and is therefore left TBD rather than fabricated. Mango Lassi modeled as a sweet-lassi base plus a mango component, replacing the prior mousse/cream-dessert mismatch.",Medium,,"Section 2: re-derived from correct dish-level analogue (was: wrong-category/keyword-bug match per audit report). | Section 4/5: ingredients compiled from standard/typical recipes (not from INDB); allergens derived programmatically from that ingredient list using the spec vocabulary (dairy/egg/gluten/nuts/groundnut/soy/fish/shellfish); vitamin_b12 is a category-level estimate from standard published B12 values for the dish's primary animal-protein/dairy component (not from INDB, which has no B12 column); price is a rough India-wide market estimate, not measured data.",Anuvaad Indian Nutrient Databank (INDB) 2024.11,"Section 2 fix: Sweet Lassi (Meethi lassi) (80%) + Mango milkshake (Aam milkshake) (20%); INDB 2024.11 values are per 100 g (commodity components use standard published composition) and were converted to the CSV serving weight of 200 g. Range is a transparent prep-variability modeling band of ±20%; this range is not reported by INDB. Vitamin D = D2+D3; Vitamin K = K1+K2. Vitamin B12 is not present in the supplied INDB workbook and is therefore left TBD rather than fabricated. Mango Lassi modeled as a sweet-lassi base plus a mango component, replacing the prior mousse/cream-dessert mismatch.",Medium,USDA FoodData Central,"Category-level estimate: curd/yogurt or milk is the dish's primary (or only) dairy component. USDA values for plain curd/yogurt and whole milk (~0.4-0.6 mcg/100g), scaled to a typical dairy-content fraction of this serving. Not from INDB.",Medium,PENDING_AUDIT,PENDING_AUDIT,PENDING_AUDIT,Ingredient composition,Sweet Lassi (Meethi lassi) (80%) + Mango milkshake (Aam milkshake) (20%),"prep-variability modeling band (internally generated, not source-reported)",20.0,No variants listed
FD259,Tender Coconut Water,"Elaneer, Nariyal Pani",,Beverages,Cold Beverage,1,glass,200,32.3,43.7,1.19,1.61,6.29,8.51,0.34,0.46,1.87,2.53,0.493,0.667,40.8,55.2,42.5,57.5,425.0,575.0,0.17,0.23,178.5,241.5,0.0,0.0,4.08,5.52,0.0,0.0,0.0,0.0,0.0,0.0,0.051,0.069,0.102,0.138,0.051,0.069,5.1,6.9,0.0,0.0,Vegetarian,,tender coconut water,15,60,USDA-consistent estimate (commodity),"USDA-consistent generic tender coconut water composition, converted to serving weight.",Medium,,"Section 2: re-derived from correct dish-level analogue (was: wrong-category/keyword-bug match per audit report). | Section 4/5: ingredients compiled from standard/typical recipes (not from INDB); allergens derived programmatically from that ingredient list using the spec vocabulary (dairy/egg/gluten/nuts/groundnut/soy/fish/shellfish); vitamin_b12 is a category-level estimate from standard published B12 values for the dish's primary animal-protein/dairy component (not from INDB, which has no B12 column); price is a rough India-wide market estimate, not measured data. | Audit-pass-2: re-sourced after INDB citation was found to not exist in the real dataset",USDA-consistent estimate (commodity),"USDA-consistent generic tender coconut water composition, converted to serving weight.",Medium,N/A — no significant dietary B12 source,"Compiled ingredient list contains no meat, fish, egg, dairy solids, or fortified ingredient — only plant-based ingredients, and/or ghee/butter in amounts too small to contribute measurable B12 (B12 resides in milk solids/whey, not milk fat). Vitamin B12 is not naturally present in plant foods (USDA FoodData Central), so the value is retained at 0.0 rather than estimated.",High,PENDING_AUDIT,PENDING_AUDIT,PENDING_AUDIT,Ingredient composition,USDA-consistent estimate (commodity),not specified,,No variants listed
FD260,Fresh Lime Soda,Nimbu Soda,"Nimbu Pani (still, no soda)",Beverages,Cold Beverage,1,glass,200,33.278,49.918,0.056,0.084,8.766,13.149,0.017,0.025,0.027,0.04,0.077,0.115,2.943,4.415,1.168,1.752,9.168,13.752,0.019,0.028,45.638,68.457,0.0,0.0,2.415,3.623,0.015,0.023,0.002,0.003,0.751,1.127,0.002,0.003,0.002,0.002,0.004,0.006,0.967,1.45,0.0,0.0,Vegetarian,,"lime juice, soda water, sugar/salt",15,60,Anuvaad Indian Nutrient Databank (INDB) 2024.11,Section 2 fix: Lemonade (100%); INDB 2024.11 values are per 100 g (commodity components use standard published composition) and were converted to the CSV serving weight of 200 g. Range is a transparent prep-variability modeling band of ±20%; this range is not reported by INDB. Vitamin D = D2+D3; Vitamin K = K1+K2. Vitamin B12 is not present in the supplied INDB workbook and is therefore left TBD rather than fabricated. Fresh lime soda modeled on INDB Lemonade (lime+sugar+water base); soda water itself adds no nutrients.,Medium,"Nimbu Pani replaces soda water with plain water — same core ingredients (lime juice, sugar/salt), so nutritionally very close to the base; no split needed.","Section 2: re-derived from correct dish-level analogue (was: wrong-category/keyword-bug match per audit report). | Section 4/5: ingredients compiled from standard/typical recipes (not from INDB); allergens derived programmatically from that ingredient list using the spec vocabulary (dairy/egg/gluten/nuts/groundnut/soy/fish/shellfish); vitamin_b12 is a category-level estimate from standard published B12 values for the dish's primary animal-protein/dairy component (not from INDB, which has no B12 column); price is a rough India-wide market estimate, not measured data.",Anuvaad Indian Nutrient Databank (INDB) 2024.11,Section 2 fix: Lemonade (100%); INDB 2024.11 values are per 100 g (commodity components use standard published composition) and were converted to the CSV serving weight of 200 g. Range is a transparent prep-variability modeling band of ±20%; this range is not reported by INDB. Vitamin D = D2+D3; Vitamin K = K1+K2. Vitamin B12 is not present in the supplied INDB workbook and is therefore left TBD rather than fabricated. Fresh lime soda modeled on INDB Lemonade (lime+sugar+water base); soda water itself adds no nutrients.,Medium,N/A — no significant dietary B12 source,"Compiled ingredient list contains no meat, fish, egg, dairy solids, or fortified ingredient — only plant-based ingredients, and/or ghee/butter in amounts too small to contribute measurable B12 (B12 resides in milk solids/whey, not milk fat). Vitamin B12 is not naturally present in plant foods (USDA FoodData Central), so the value is retained at 0.0 rather than estimated.",High,PENDING_AUDIT,PENDING_AUDIT,PENDING_AUDIT,Ingredient composition,Lemonade (100%),"prep-variability modeling band (internally generated, not source-reported)",20.0,"Reviewed — minor variant, no split needed"
FD261,Sugarcane Juice,"Ganne ka Ras, Karumbu Juice",,Beverages,Cold Beverage,1,glass,200,120.0,180.0,0.48,0.72,28.8,43.2,0.32,0.48,0.8,1.2,0.32,0.48,11.2,16.8,4.8,7.2,72.0,108.0,0.032,0.048,40.0,60.0,0.0,0.0,1.6,2.4,0.0,0.0,0.0,0.0,0.0,0.0,0.0,0.0,0.016,0.024,0.0,0.0,0.0,0.0,0.0,0.0,Vegetarian,,sugarcane,15,60,FatSecret + published mineral-content source (commodity),"FatSecret generic Sugarcane Juice entry, cross-checked against a published sugarcane juice mineral-content article, converted to serving weight.",Medium,,"Section 2: re-derived from correct dish-level analogue (was: wrong-category/keyword-bug match per audit report). | Section 4/5: ingredients compiled from standard/typical recipes (not from INDB); allergens derived programmatically from that ingredient list using the spec vocabulary (dairy/egg/gluten/nuts/groundnut/soy/fish/shellfish); vitamin_b12 is a category-level estimate from standard published B12 values for the dish's primary animal-protein/dairy component (not from INDB, which has no B12 column); price is a rough India-wide market estimate, not measured data. | Audit-pass-2: re-sourced after INDB citation was found to not exist in the real dataset",FatSecret + published mineral-content source (commodity),"FatSecret generic Sugarcane Juice entry, cross-checked against a published sugarcane juice mineral-content article, converted to serving weight.",Medium,N/A — no significant dietary B12 source,"Compiled ingredient list contains no meat, fish, egg, dairy solids, or fortified ingredient — only plant-based ingredients, and/or ghee/butter in amounts too small to contribute measurable B12 (B12 resides in milk solids/whey, not milk fat). Vitamin B12 is not naturally present in plant foods (USDA FoodData Central), so the value is retained at 0.0 rather than estimated.",High,PENDING_AUDIT,PENDING_AUDIT,PENDING_AUDIT,Ingredient composition,FatSecret + published mineral-content source (commodity),not specified,,No variants listed
FD262,Badam Milk,Sweetened Almond Milk (Indian style),,Beverages,Hot Beverage,1,cup,150,150.312,225.468,5.299,7.949,15.37,23.054,8.156,12.235,1.2,1.8,0.407,0.611,141.168,211.752,36.12,54.18,216.396,324.594,0.706,1.058,44.04,66.06,46.92,70.38,1.02,1.53,0.102,0.153,2.529,3.794,0.306,0.459,0.06,0.09,0.28,0.419,0.054,0.081,9.324,13.986,0.459,0.689,Vegetarian,"Dairy, Nuts","milk, almond paste, sugar, saffron",15,60,USDA (commodity composition),"Ingredient composition: whole milk (85%) + ground almonds (8%) + sugar (7%) of serving weight, using USDA-consistent per-ingredient values. Replaces the prior ""Almond soup (Badam ka soup)"" INDB citation, which is a savoury soup, not a sweet milk drink, and produced an internally impossible macro/calorie ratio.",Medium,,"Section 2: re-derived from correct dish-level analogue (was: wrong-category/keyword-bug match per audit report). | Section 4/5: ingredients compiled from standard/typical recipes (not from INDB); allergens derived programmatically from that ingredient list using the spec vocabulary (dairy/egg/gluten/nuts/groundnut/soy/fish/shellfish); vitamin_b12 is a category-level estimate from standard published B12 values for the dish's primary animal-protein/dairy component (not from INDB, which has no B12 column); price is a rough India-wide market estimate, not measured data. | Audit-pass-2: re-sourced after cross-check found the previous analogue was never actually fixed despite fix_notes claiming so",USDA (commodity composition),"Ingredient composition: whole milk (85%) + ground almonds (8%) + sugar (7%) of serving weight, using USDA-consistent per-ingredient values. Replaces the prior ""Almond soup (Badam ka soup)"" INDB citation, which is a savoury soup, not a sweet milk drink, and produced an internally impossible macro/calorie ratio.",Medium,USDA FoodData Central,"Category-level estimate: curd/yogurt or milk is the dish's primary (or only) dairy component. USDA values for plain curd/yogurt and whole milk (~0.4-0.6 mcg/100g), scaled to a typical dairy-content fraction of this serving. Not from INDB.",Medium,PENDING_AUDIT,PENDING_AUDIT,PENDING_AUDIT,Ingredient composition,USDA (commodity composition),not specified,,No variants listed
FD263,Nannari Sarbath,"Sarsaparilla Sherbet, Nannari Syrup",,Beverages,Cold Beverage,1,glass,200,159.822,195.338,0.019,0.023,42.523,51.973,0.017,0.021,0.0,0.0,0.09,0.11,4.814,5.883,1.096,1.34,6.022,7.36,0.044,0.054,2.086,2.549,0.0,0.0,1.601,1.957,0.006,0.008,0.001,0.001,0.029,0.036,0.001,0.002,0.0,0.0,0.002,0.002,0.37,0.452,0.0,0.0,Vegetarian,,"nannari (sarsaparilla) syrup, water, lemon",15,60,Anuvaad Indian Nutrient Databank (INDB) 2024.11,Direct INDB equivalent: Nannari sharbat; INDB 2024.11 values are per 100 g and were converted to the CSV serving weight of 200 g. Range is a transparent prep-variability modeling band of ±10%; this range is not reported by INDB. Vitamin D = D2+D3; Vitamin K = K1+K2. Vitamin B12 is not present in the supplied INDB workbook and is therefore left TBD rather than fabricated.,High,,"Section 4/5: ingredients compiled from standard/typical recipes (not from INDB); allergens derived programmatically from that ingredient list using the spec vocabulary (dairy/egg/gluten/nuts/groundnut/soy/fish/shellfish); vitamin_b12 is a category-level estimate from standard published B12 values for the dish's primary animal-protein/dairy component (not from INDB, which has no B12 column); price is a rough India-wide market estimate, not measured data.",Anuvaad Indian Nutrient Databank (INDB) 2024.11,Direct INDB equivalent: Nannari sharbat; INDB 2024.11 values are per 100 g and were converted to the CSV serving weight of 200 g. Range is a transparent prep-variability modeling band of ±10%; this range is not reported by INDB. Vitamin D = D2+D3; Vitamin K = K1+K2. Vitamin B12 is not present in the supplied INDB workbook and is therefore left TBD rather than fabricated.,High,N/A — no significant dietary B12 source,"Compiled ingredient list contains no meat, fish, egg, dairy solids, or fortified ingredient — only plant-based ingredients, and/or ghee/butter in amounts too small to contribute measurable B12 (B12 resides in milk solids/whey, not milk fat). Vitamin B12 is not naturally present in plant foods (USDA FoodData Central), so the value is retained at 0.0 rather than estimated.",High,PENDING_AUDIT,PENDING_AUDIT,PENDING_AUDIT,Exact,Nannari sharbat,"prep-variability modeling band (internally generated, not source-reported)",10.0,No variants listed
FD264,Gulab Jamun,,"Kala Jamun (darker, caramelized)",Desserts & Sweets,Sweet,1,piece/serving,50,263.729,322.335,0.914,1.117,11.741,14.351,23.955,29.278,0.033,0.04,0.175,0.213,30.294,37.025,3.379,4.13,28.176,34.437,0.133,0.162,6.791,8.3,0.0,0.0,0.005,0.006,0.086,0.105,11.309,13.822,1.459,1.783,0.007,0.009,0.006,0.008,0.004,0.005,4.722,5.771,0.05,0.15,Vegetarian,"Dairy, Gluten","khoya/milk powder, maida, sugar syrup, ghee",20,60,Anuvaad Indian Nutrient Databank (INDB) 2024.11,Direct INDB equivalent: Gulab Jamun with khoya; INDB 2024.11 values are per 100 g and were converted to the CSV serving weight of 50 g. Range is a transparent prep-variability modeling band of ±10%; this range is not reported by INDB. Vitamin D = D2+D3; Vitamin K = K1+K2. Vitamin B12 is not present in the supplied INDB workbook and is therefore left TBD rather than fabricated.,High,Kala Jamun uses the same khoya-maida dough but is fried longer/darker and often dipped in a thicker cardamom syrup; close enough in core composition that a split is not essential.,"Section 4/5: ingredients compiled from standard/typical recipes (not from INDB); allergens derived programmatically from that ingredient list using the spec vocabulary (dairy/egg/gluten/nuts/groundnut/soy/fish/shellfish); vitamin_b12 is a category-level estimate from standard published B12 values for the dish's primary animal-protein/dairy component (not from INDB, which has no B12 column); price is a rough India-wide market estimate, not measured data.",Anuvaad Indian Nutrient Databank (INDB) 2024.11,Direct INDB equivalent: Gulab Jamun with khoya; INDB 2024.11 values are per 100 g and were converted to the CSV serving weight of 50 g. Range is a transparent prep-variability modeling band of ±10%; this range is not reported by INDB. Vitamin D = D2+D3; Vitamin K = K1+K2. Vitamin B12 is not present in the supplied INDB workbook and is therefore left TBD rather than fabricated.,High,USDA FoodData Central,"Category-level estimate: paneer is the dish's primary dairy component. Published Indian food-composition data for paneer/cottage cheese (~0.8 mcg/100g), scaled to a typical paneer-content fraction of this serving. Not from INDB.",Medium,PENDING_AUDIT,PENDING_AUDIT,PENDING_AUDIT,Exact,Gulab Jamun with khoya,"prep-variability modeling band (internally generated, not source-reported)",10.0,"Reviewed — minor variant, no split needed"
FD265,Rasgulla,Roshogolla,"Rasmalai (in sweetened, reduced milk instead of syrup)",Desserts & Sweets,Sweet,1,piece/serving,50,53.387,65.25,0.623,0.761,11.605,14.184,0.787,0.962,0.006,0.008,0.053,0.065,25.691,31.4,2.108,2.576,26.548,32.447,0.086,0.106,6.835,8.354,0.079,0.097,0.355,0.433,0.016,0.019,0.038,0.047,0.002,0.003,0.007,0.009,0.025,0.03,0.009,0.011,1.343,1.641,0.05,0.15,Vegetarian,Dairy,"chhena (milk curd), sugar syrup",20,60,Anuvaad Indian Nutrient Databank (INDB) 2024.11,Direct INDB equivalent: Rasgulla; INDB 2024.11 values are per 100 g and were converted to the CSV serving weight of 50 g. Range is a transparent prep-variability modeling band of ±10%; this range is not reported by INDB. Vitamin D = D2+D3; Vitamin K = K1+K2. Vitamin B12 is not present in the supplied INDB workbook and is therefore left TBD rather than fabricated.,High,"Rasmalai uses the same chhena dumplings but served in thickened, sweetened milk (rabri) rather than sugar syrup — a real difference in fat and protein content. Consider splitting out.","Section 4/5: ingredients compiled from standard/typical recipes (not from INDB); allergens derived programmatically from that ingredient list using the spec vocabulary (dairy/egg/gluten/nuts/groundnut/soy/fish/shellfish); vitamin_b12 is a category-level estimate from standard published B12 values for the dish's primary animal-protein/dairy component (not from INDB, which has no B12 column); price is a rough India-wide market estimate, not measured data.",Anuvaad Indian Nutrient Databank (INDB) 2024.11,Direct INDB equivalent: Rasgulla; INDB 2024.11 values are per 100 g and were converted to the CSV serving weight of 50 g. Range is a transparent prep-variability modeling band of ±10%; this range is not reported by INDB. Vitamin D = D2+D3; Vitamin K = K1+K2. Vitamin B12 is not present in the supplied INDB workbook and is therefore left TBD rather than fabricated.,High,USDA FoodData Central,"Category-level estimate: paneer is the dish's primary dairy component. Published Indian food-composition data for paneer/cottage cheese (~0.8 mcg/100g), scaled to a typical paneer-content fraction of this serving. Not from INDB.",Medium,PENDING_AUDIT,PENDING_AUDIT,PENDING_AUDIT,Exact,Rasgulla,"prep-variability modeling band (internally generated, not source-reported)",10.0,"Reviewed — distinct variant, split recommended"
FD266,Jalebi,"Jilebi (also related to Jangiri, a South Indian variant)",Imarti / Jangiri (urad dal-based),Desserts & Sweets,Sweet,1,piece/serving,50,188.461,282.692,0.341,0.512,11.297,16.945,16.06,24.091,0.018,0.027,0.05,0.076,10.451,15.676,1.264,1.897,13.472,20.209,0.049,0.074,26.913,40.37,1.411,2.117,0.055,0.082,0.045,0.067,7.832,11.748,1.008,1.513,0.004,0.005,0.014,0.021,0.003,0.005,0.605,0.907,0.0,0.0,Vegetarian,Gluten,"maida, sugar syrup, oil",20,60,Anuvaad Indian Nutrient Databank (INDB) 2024.11,"Section 2 fix: Gulab jamun with milk powder (100%); INDB 2024.11 values are per 100 g (commodity components use standard published composition) and were converted to the CSV serving weight of 50 g. Range is a transparent prep-variability modeling band of ±20%; this range is not reported by INDB. Vitamin D = D2+D3; Vitamin K = K1+K2. Vitamin B12 is not present in the supplied INDB workbook and is therefore left TBD rather than fabricated. Jalebi modeled on INDB Gulab jamun (same fried-dough-soaked-in-sugar-syrup family); syrup-to-dough ratio differs somewhat from jalebi, so treat as directional rather than precise.",Low,Imarti/Jangiri uses a urad dal batter instead of maida — a different primary ingredient with a different protein/carb profile from jalebi. Consider splitting out.,"Section 2: re-derived from correct dish-level analogue (was: wrong-category/keyword-bug match per audit report). | Section 4/5: ingredients compiled from standard/typical recipes (not from INDB); allergens derived programmatically from that ingredient list using the spec vocabulary (dairy/egg/gluten/nuts/groundnut/soy/fish/shellfish); vitamin_b12 is a category-level estimate from standard published B12 values for the dish's primary animal-protein/dairy component (not from INDB, which has no B12 column); price is a rough India-wide market estimate, not measured data.",Anuvaad Indian Nutrient Databank (INDB) 2024.11,"Section 2 fix: Gulab jamun with milk powder (100%); INDB 2024.11 values are per 100 g (commodity components use standard published composition) and were converted to the CSV serving weight of 50 g. Range is a transparent prep-variability modeling band of ±20%; this range is not reported by INDB. Vitamin D = D2+D3; Vitamin K = K1+K2. Vitamin B12 is not present in the supplied INDB workbook and is therefore left TBD rather than fabricated. Jalebi modeled on INDB Gulab jamun (same fried-dough-soaked-in-sugar-syrup family); syrup-to-dough ratio differs somewhat from jalebi, so treat as directional rather than precise.",Low,N/A — no significant dietary B12 source,"Compiled ingredient list contains no meat, fish, egg, dairy solids, or fortified ingredient — only plant-based ingredients, and/or ghee/butter in amounts too small to contribute measurable B12 (B12 resides in milk solids/whey, not milk fat). Vitamin B12 is not naturally present in plant foods (USDA FoodData Central), so the value is retained at 0.0 rather than estimated.",High,PENDING_AUDIT,PENDING_AUDIT,PENDING_AUDIT,Ingredient composition,Gulab jamun with milk powder (100%),"prep-variability modeling band (internally generated, not source-reported)",20.0,"Reviewed — distinct variant, split recommended"
FD267,Mysore Pak,,,Desserts & Sweets,Sweet,1,piece/serving,50,179.262,242.531,4.757,6.437,19.799,26.787,9.522,12.883,1.449,1.96,0.627,0.848,68.301,92.407,15.159,20.509,96.319,130.314,0.453,0.612,5.533,7.486,63.923,86.485,0.0,0.0,0.103,0.139,0.756,1.023,1.251,1.693,0.073,0.099,0.034,0.047,0.069,0.093,35.916,48.592,0.0,0.0,Vegetarian,Dairy,"gram flour (besan), ghee, sugar",20,60,Anuvaad Indian Nutrient Databank (INDB) 2024.11,"Section 2 fix: Gram flour burfi (Besan burfi) (100%); INDB 2024.11 values are per 100 g (commodity components use standard published composition) and were converted to the CSV serving weight of 50 g. Range is a transparent prep-variability modeling band of ±15%; this range is not reported by INDB. Vitamin D = D2+D3; Vitamin K = K1+K2. Vitamin B12 is not present in the supplied INDB workbook and is therefore left TBD rather than fabricated. Mysore Pak modeled directly on INDB Gram flour burfi (besan+ghee+sugar, same core composition), replacing the prior generic-pastry mismatch.",Medium,,"Section 2: re-derived from correct dish-level analogue (was: wrong-category/keyword-bug match per audit report). | Section 4/5: ingredients compiled from standard/typical recipes (not from INDB); allergens derived programmatically from that ingredient list using the spec vocabulary (dairy/egg/gluten/nuts/groundnut/soy/fish/shellfish); vitamin_b12 is a category-level estimate from standard published B12 values for the dish's primary animal-protein/dairy component (not from INDB, which has no B12 column); price is a rough India-wide market estimate, not measured data.",Anuvaad Indian Nutrient Databank (INDB) 2024.11,"Section 2 fix: Gram flour burfi (Besan burfi) (100%); INDB 2024.11 values are per 100 g (commodity components use standard published composition) and were converted to the CSV serving weight of 50 g. Range is a transparent prep-variability modeling band of ±15%; this range is not reported by INDB. Vitamin D = D2+D3; Vitamin K = K1+K2. Vitamin B12 is not present in the supplied INDB workbook and is therefore left TBD rather than fabricated. Mysore Pak modeled directly on INDB Gram flour burfi (besan+ghee+sugar, same core composition), replacing the prior generic-pastry mismatch.",Medium,N/A — no significant dietary B12 source,"Compiled ingredient list contains no meat, fish, egg, dairy solids, or fortified ingredient — only plant-based ingredients, and/or ghee/butter in amounts too small to contribute measurable B12 (B12 resides in milk solids/whey, not milk fat). Vitamin B12 is not naturally present in plant foods (USDA FoodData Central), so the value is retained at 0.0 rather than estimated.",High,PENDING_AUDIT,PENDING_AUDIT,PENDING_AUDIT,Ingredient composition,Gram flour burfi (Besan burfi) (100%),"prep-variability modeling band (internally generated, not source-reported)",15.0,No variants listed
FD268,Kaju Katli,Kaju Barfi,,Desserts & Sweets,Sweet,1,piece/serving,50,189.785,231.96,2.464,3.011,17.066,20.858,12.807,15.653,0.505,0.617,0.805,0.983,5.826,7.121,40.422,49.404,83.721,102.326,0.712,0.87,1.902,2.325,65.13,79.603,0.0,0.0,0.504,0.616,0.616,0.753,0.239,0.293,0.08,0.098,0.004,0.005,0.021,0.026,3.297,4.029,0.0,0.0,Vegetarian,Nuts,"cashew, sugar",28,84,Anuvaad Indian Nutrient Databank (INDB) 2024.11,Direct INDB equivalent: Cashewnut burfi (Kaju burfi/Kaju katli); INDB 2024.11 values are per 100 g and were converted to the CSV serving weight of 50 g. Range is a transparent prep-variability modeling band of ±10%; this range is not reported by INDB. Vitamin D = D2+D3; Vitamin K = K1+K2. Vitamin B12 is not present in the supplied INDB workbook and is therefore left TBD rather than fabricated.,High,,"Section 4/5: ingredients compiled from standard/typical recipes (not from INDB); allergens derived programmatically from that ingredient list using the spec vocabulary (dairy/egg/gluten/nuts/groundnut/soy/fish/shellfish); vitamin_b12 is a category-level estimate from standard published B12 values for the dish's primary animal-protein/dairy component (not from INDB, which has no B12 column); price is a rough India-wide market estimate, not measured data.",Anuvaad Indian Nutrient Databank (INDB) 2024.11,Direct INDB equivalent: Cashewnut burfi (Kaju burfi/Kaju katli); INDB 2024.11 values are per 100 g and were converted to the CSV serving weight of 50 g. Range is a transparent prep-variability modeling band of ±10%; this range is not reported by INDB. Vitamin D = D2+D3; Vitamin K = K1+K2. Vitamin B12 is not present in the supplied INDB workbook and is therefore left TBD rather than fabricated.,High,N/A — no significant dietary B12 source,"Compiled ingredient list contains no meat, fish, egg, dairy solids, or fortified ingredient — only plant-based ingredients, and/or ghee/butter in amounts too small to contribute measurable B12 (B12 resides in milk solids/whey, not milk fat). Vitamin B12 is not naturally present in plant foods (USDA FoodData Central), so the value is retained at 0.0 rather than estimated.",High,PENDING_AUDIT,PENDING_AUDIT,PENDING_AUDIT,Exact,Cashewnut burfi (Kaju burfi/Kaju katli),"prep-variability modeling band (internally generated, not source-reported)",10.0,No variants listed
FD269,Rava Kesari,"Sooji Halwa, Sooji Halwa, Kesari Bath, Rava Sheera",,Desserts & Sweets,Sweet,1,piece/serving,50,110.056,134.513,1.078,1.317,14.122,17.261,5.663,6.922,0.744,0.909,0.313,0.382,3.464,4.234,7.206,8.808,29.555,36.123,0.235,0.287,0.767,0.937,46.952,57.386,0.0,0.0,0.635,0.776,0.33,0.404,0.111,0.136,0.029,0.036,0.003,0.004,0.01,0.012,2.177,2.661,0.0,0.0,Vegetarian,"Dairy, Gluten","semolina (rava), sugar, ghee, saffron",20,60,Anuvaad Indian Nutrient Databank (INDB) 2024.11,Direct INDB equivalent: Kesari bath; INDB 2024.11 values are per 100 g and were converted to the CSV serving weight of 50 g. Range is a transparent prep-variability modeling band of ±10%; this range is not reported by INDB. Vitamin D = D2+D3; Vitamin K = K1+K2. Vitamin B12 is not present in the supplied INDB workbook and is therefore left TBD rather than fabricated.,High,,"Section 4/5: ingredients compiled from standard/typical recipes (not from INDB); allergens derived programmatically from that ingredient list using the spec vocabulary (dairy/egg/gluten/nuts/groundnut/soy/fish/shellfish); vitamin_b12 is a category-level estimate from standard published B12 values for the dish's primary animal-protein/dairy component (not from INDB, which has no B12 column); price is a rough India-wide market estimate, not measured data. | Allergen audit: ghee added -> Dairy included",Anuvaad Indian Nutrient Databank (INDB) 2024.11,Direct INDB equivalent: Kesari bath; INDB 2024.11 values are per 100 g and were converted to the CSV serving weight of 50 g. Range is a transparent prep-variability modeling band of ±10%; this range is not reported by INDB. Vitamin D = D2+D3; Vitamin K = K1+K2. Vitamin B12 is not present in the supplied INDB workbook and is therefore left TBD rather than fabricated.,High,N/A — no significant dietary B12 source,"Compiled ingredient list contains no meat, fish, egg, dairy solids, or fortified ingredient — only plant-based ingredients, and/or ghee/butter in amounts too small to contribute measurable B12 (B12 resides in milk solids/whey, not milk fat). Vitamin B12 is not naturally present in plant foods (USDA FoodData Central), so the value is retained at 0.0 rather than estimated.",High,PENDING_AUDIT,PENDING_AUDIT,PENDING_AUDIT,Exact,Kesari bath,"prep-variability modeling band (internally generated, not source-reported)",10.0,No variants listed
FD270,Paal Payasam,"Pal Payasam, South-Indian-style Rice/Vermicelli Kheer",Semiya Payasam (vermicelli-based),Desserts & Sweets,Sweet,1,piece/serving,50,51.189,85.314,1.174,1.957,5.401,9.002,2.873,4.788,0.143,0.238,0.118,0.196,38.29,63.816,6.303,10.505,48.617,81.029,0.158,0.264,14.793,24.655,15.309,25.515,0.666,1.109,0.086,0.143,0.23,0.383,0.144,0.24,0.015,0.025,0.044,0.073,0.013,0.022,2.43,4.05,0.05,0.15,Vegetarian,Dairy,"rice, milk, sugar",20,60,Anuvaad Indian Nutrient Databank (INDB) 2024.11,Closest INDB analogue: Apple sago payasam (Seb aur sabudana ki kheer); INDB 2024.11 values are per 100 g and were converted to the CSV serving weight of 50 g. Range is a transparent prep-variability modeling band of ±25%; this range is not reported by INDB. Vitamin D = D2+D3; Vitamin K = K1+K2. Vitamin B12 is not present in the supplied INDB workbook and is therefore left TBD rather than fabricated.,Low,"Semiya Payasam swaps rice for vermicelli as the base starch — a different primary ingredient, though the overall milk/sugar profile is similar; borderline, but flagged for a split given the different grain base.","Section 4/5: ingredients compiled from standard/typical recipes (not from INDB); allergens derived programmatically from that ingredient list using the spec vocabulary (dairy/egg/gluten/nuts/groundnut/soy/fish/shellfish); vitamin_b12 is a category-level estimate from standard published B12 values for the dish's primary animal-protein/dairy component (not from INDB, which has no B12 column); price is a rough India-wide market estimate, not measured data.",Anuvaad Indian Nutrient Databank (INDB) 2024.11,Closest INDB analogue: Apple sago payasam (Seb aur sabudana ki kheer); INDB 2024.11 values are per 100 g and were converted to the CSV serving weight of 50 g. Range is a transparent prep-variability modeling band of ±25%; this range is not reported by INDB. Vitamin D = D2+D3; Vitamin K = K1+K2. Vitamin B12 is not present in the supplied INDB workbook and is therefore left TBD rather than fabricated.,Low,USDA FoodData Central,"Category-level estimate: curd/yogurt or milk is the dish's primary (or only) dairy component. USDA values for plain curd/yogurt and whole milk (~0.4-0.6 mcg/100g), scaled to a typical dairy-content fraction of this serving. Not from INDB.",Medium,PENDING_AUDIT,PENDING_AUDIT,PENDING_AUDIT,Close recipe,Apple sago payasam (Seb aur sabudana ki kheer),"prep-variability modeling band (internally generated, not source-reported)",25.0,"Reviewed — distinct variant, split recommended"
FD271,Gajar Ka Halwa,Carrot Halwa,,Desserts & Sweets,Sweet,1,piece/serving,50,77.688,94.953,1.401,1.712,8.34,10.193,4.38,5.353,1.194,1.459,0.344,0.42,48.124,58.819,10.342,12.641,112.468,137.461,0.243,0.297,17.98,21.976,24.724,30.219,1.751,2.14,0.419,0.512,0.322,0.394,4.966,6.07,0.021,0.026,0.019,0.024,0.036,0.044,12.014,14.684,0.05,0.15,Vegetarian,Dairy,"carrot, milk, sugar, ghee",20,60,Anuvaad Indian Nutrient Databank (INDB) 2024.11,Direct INDB equivalent: Carrot halwa (Gajar ka halwa); INDB 2024.11 values are per 100 g and were converted to the CSV serving weight of 50 g. Range is a transparent prep-variability modeling band of ±10%; this range is not reported by INDB. Vitamin D = D2+D3; Vitamin K = K1+K2. Vitamin B12 is not present in the supplied INDB workbook and is therefore left TBD rather than fabricated.,High,,"Section 4/5: ingredients compiled from standard/typical recipes (not from INDB); allergens derived programmatically from that ingredient list using the spec vocabulary (dairy/egg/gluten/nuts/groundnut/soy/fish/shellfish); vitamin_b12 is a category-level estimate from standard published B12 values for the dish's primary animal-protein/dairy component (not from INDB, which has no B12 column); price is a rough India-wide market estimate, not measured data.",Anuvaad Indian Nutrient Databank (INDB) 2024.11,Direct INDB equivalent: Carrot halwa (Gajar ka halwa); INDB 2024.11 values are per 100 g and were converted to the CSV serving weight of 50 g. Range is a transparent prep-variability modeling band of ±10%; this range is not reported by INDB. Vitamin D = D2+D3; Vitamin K = K1+K2. Vitamin B12 is not present in the supplied INDB workbook and is therefore left TBD rather than fabricated.,High,USDA FoodData Central,"Category-level estimate: curd/yogurt or milk is the dish's primary (or only) dairy component. USDA values for plain curd/yogurt and whole milk (~0.4-0.6 mcg/100g), scaled to a typical dairy-content fraction of this serving. Not from INDB.",Medium,PENDING_AUDIT,PENDING_AUDIT,PENDING_AUDIT,Exact,Carrot halwa (Gajar ka halwa),"prep-variability modeling band (internally generated, not source-reported)",10.0,No variants listed
FD272,Rava Laddu,Sooji Laddu,,Desserts & Sweets,Sweet,1,piece/serving,50,37.835,63.059,1.406,2.344,4.645,7.742,1.531,2.551,0.262,0.437,0.133,0.222,40.694,67.823,3.836,6.393,46.497,77.496,0.17,0.283,8.702,14.504,0.0,0.0,0.678,1.13,0.221,0.368,0.08,0.133,0.032,0.054,0.018,0.03,0.038,0.064,0.016,0.027,3.064,5.106,0.0,0.0,Vegetarian,"Dairy, Gluten","semolina (rava), sugar, ghee",20,60,Anuvaad Indian Nutrient Databank (INDB) 2024.11,Closest INDB analogue: Semolina porridge (Suji/Rava daliya); INDB 2024.11 values are per 100 g and were converted to the CSV serving weight of 50 g. Range is a transparent prep-variability modeling band of ±25%; this range is not reported by INDB. Vitamin D = D2+D3; Vitamin K = K1+K2. Vitamin B12 is not present in the supplied INDB workbook and is therefore left TBD rather than fabricated.,Low,,"Section 4/5: ingredients compiled from standard/typical recipes (not from INDB); allergens derived programmatically from that ingredient list using the spec vocabulary (dairy/egg/gluten/nuts/groundnut/soy/fish/shellfish); vitamin_b12 is a category-level estimate from standard published B12 values for the dish's primary animal-protein/dairy component (not from INDB, which has no B12 column); price is a rough India-wide market estimate, not measured data. | Allergen audit: ghee added -> Dairy included",Anuvaad Indian Nutrient Databank (INDB) 2024.11,Closest INDB analogue: Semolina porridge (Suji/Rava daliya); INDB 2024.11 values are per 100 g and were converted to the CSV serving weight of 50 g. Range is a transparent prep-variability modeling band of ±25%; this range is not reported by INDB. Vitamin D = D2+D3; Vitamin K = K1+K2. Vitamin B12 is not present in the supplied INDB workbook and is therefore left TBD rather than fabricated.,Low,N/A — no significant dietary B12 source,"Compiled ingredient list contains no meat, fish, egg, dairy solids, or fortified ingredient — only plant-based ingredients, and/or ghee/butter in amounts too small to contribute measurable B12 (B12 resides in milk solids/whey, not milk fat). Vitamin B12 is not naturally present in plant foods (USDA FoodData Central), so the value is retained at 0.0 rather than estimated.",High,PENDING_AUDIT,PENDING_AUDIT,PENDING_AUDIT,Close recipe,Semolina porridge (Suji/Rava daliya),"prep-variability modeling band (internally generated, not source-reported)",25.0,No variants listed
FD273,Sadham,"Plain Rice, Sadam, Saadam, Choru, Cooked Rice","Boiled Rice, Raw Rice (Pacharisi Sadam)",Rice & Lunch Mains,Plain Rice,1,cup (cooked),180,189.847,232.036,4.217,5.155,41.666,50.926,0.297,0.363,2.02,2.468,0.389,0.475,4.379,5.353,,,,,,,,,,,,,,,,,,,,,,,,,,,,,"Vegetarian, Vegan",,"rice, water",15,50,Anuvaad Indian Nutrient Databank (INDB) 2024.11,,High,,,,,,,,,,,,Direct INDB equivalent,,,,Demo canonical entry (same as Steamed Rice FD045)
FD274,Paneer Masala,"Paneer Curry, Paneer Sabzi","Paneer Butter Masala, Paneer Tikka Masala",North Indian,Curry,1,bowl,200,260.0,320.0,12.0,16.0,14.0,18.0,16.0,22.0,2.0,3.0,1.0,1.5,220.0,280.0,,,,,,,,,,,,,,,,,,,,,,,,,,,,,Vegetarian,Dairy,"paneer, tomato, onion, cream, spices, butter",80,160,INDB 2024 estimate,,Medium,,,,,,,,,,,,Exact,,,,No variants listed
FD275,Noodles,"Boiled Noodles, Plain Noodles, Wheat Noodles","Hakka Noodles, Chow Mein, Maggi Noodles, Rice Noodles",Rice & Lunch Mains,Noodles & Pasta,1,cup (cooked),150,198.0,242.0,6.3,7.7,38.7,47.3,1.4,1.7,1.8,2.2,1.1,1.4,12.6,15.4,,,,,,,,,,,,,,,,,,,,,,,,,,,,,Vegetarian,Gluten,"wheat flour, water, salt",20,80,USDA FoodData Central / INDB 2024 estimate,,Medium,,,,,,,,,,,,Category estimate,,,,Generic entry; specify variant for exact values
FD276,Koozh,"Kool, Ragi Koozh, Rice Koozh, Kambu Koozh, Fermented Rice Gruel","Ragi Koozh (finger-millet), Kambu Koozh (pearl millet), Rice Koozh",Breakfast & Tiffin,Traditional Porridge,1,cup,200,88.0,112.0,1.6,2.4,18.0,22.0,0.4,0.6,0.8,1.2,1.2,1.8,24.0,36.0,,,,,,,,,,,,,,,,,,,,,,,,,,,,,"Vegetarian, Vegan",,"rice or ragi flour, water, salt, buttermilk (traditional)",10,40,INDB 2024 analogue (Ragi/Rice gruel),,Low,,,,,,,,,,,,Category estimate,,,,Variant nutrition varies significantly; ragi variant has higher calcium
FD277,Pizza,"Cheese Pizza, Plain Pizza","Margherita Pizza, Veg Pizza, Chicken Pizza, Pepperoni Pizza",Evening Snacks & Street Food,Fast Food,1,slice,107,243.0,297.0,9.9,12.1,29.7,36.3,9.0,11.0,1.8,2.2,2.25,2.75,169.2,206.8,,,,,,,,,,,,,,,,,,,,,,,,,,,,,Vegetarian,"Gluten, Dairy","maida, tomato sauce, cheese, vegetables",80,300,USDA FoodData Central,,Medium,,,,,,,,,,,,USDA equivalent,,,,Generic entry; values for plain cheese pizza
FD278,Burger,"Hamburger, Veggie Burger, Aloo Tikki Burger","Veg Burger, Chicken Burger, Aloo Tikki Burger",Evening Snacks & Street Food,Fast Food,1,piece,100,265.0,325.0,15.3,18.7,21.6,26.4,12.6,15.4,0.9,1.1,2.25,2.75,54.0,66.0,,,,,,,,,,,,,,,,,,,,,,,,,,,,,Non-Vegetarian,"Gluten, Dairy","burger bun, patty, lettuce, tomato, sauce, cheese",50,250,USDA FoodData Central,,Medium,,,,,,,,,,,,USDA equivalent,,,,Generic entry; values for plain beef/veg burger
FD279,Apple,"Seb, Red Apple, Green Apple","Fuji Apple, Granny Smith Apple, Gala Apple",Fruits,Fresh Fruit,1,piece,150,72.0,88.0,0.3,0.5,18.0,22.0,0.1,0.3,2.5,3.5,0.1,0.2,8.0,12.0,,,,,,,,,,,,,,,,,,,,,,,,,,,,,"Vegetarian, Vegan",,apple,20,60,INDB 2024 estimate,,Medium,,,,,,,,,,,,Exact,,,,No variants listed
FD280,Banana,"Kela, Plantain","Robusta Banana, Nendran Banana",Fruits,Fresh Fruit,1,piece,120,90.0,110.0,1.0,1.4,22.0,28.0,0.2,0.4,2.0,3.0,0.2,0.4,4.0,8.0,,,,,,,,,,,,,,,,,,,,,,,,,,,,,"Vegetarian, Vegan",,banana,5,20,INDB 2024 estimate,,Medium,,,,,,,,,,,,Exact,,,,No variants listed
